video_id,comment_id,text_raw,published_at,like_count,reply_count,collected_at
g4h29mJufpc,UgzPmKCf7sHLOOWEFdF4AaABAg,"청년들 보고 트럭에서 살라고 하는 정부인데
내집마련...ㅠㅠ 하...",2026-09-19T05:53:23Z,0,0,2026-09-19T06:33:44.893221+00:00
g4h29mJufpc,UgyU1wtdpFPI7EtTwnZ4AaABAg,"너랑 너희 부모가 뽑은 대통령이다
악으로 깡으로 버텨라☺️",2026-09-19T04:49:41Z,0,0,2026-09-19T06:33:44.893221+00:00
g4h29mJufpc,UgwJKjWpV68g5tn6xrZ4AaABAg,대출막는건 진짜 레전드ㅋㅋㅋㅋㅋㅋㅋㅋㅋㅋㅋㅋㅋㅋㅋㅋㅋㅋㅋㅋ,2026-09-19T02:30:00Z,0,0,2026-09-19T06:33:44.893221+00:00
g4h29mJufpc,Ugw3DFhawnQSf5P2JEl4AaABAg,"주택가격 인상의 근본적인 문제인 수도이전을 해야지
댐은 이미 터졌는데, 댐을 막을 생각은 없고 넘쳐나는 물만 퍼내고 있으니 해결이 될리가 있나
표심때문에 수도이전도 안되고, 결국 다같이 죽는방법밖에",2026-09-19T02:16:31Z,0,0,2026-09-19T06:33:44.893221+00:00
g4h29mJufpc,Ugx8eJ-LtxGf1lBY5Al4AaABAg,요약 : 지방 사는 사람들은 청약 필요없음,2026-09-19T01:30:17Z,0,0,2026-09-19T06:33:44.893221+00:00
g4h29mJufpc,UgznGddCUu_kXC4gIxN4AaABAg,소식듣고 들어가도 분양가 10억 밑이 없다 근데 현실적으로 6억 대출 받기 힘듬. 받았다 치자 그럼 대출에 추가 최소 4억 이상 들고있어야되는데 ㅋㅋ 장난 하나,2026-09-19T00:50:21Z,0,0,2026-09-19T06:33:44.893221+00:00
g4h29mJufpc,UgxYiAeNY-kU-nQ21hJ4AaABAg,lh 임대주택 청약점수 최대로해도 당첨이안됨,2026-09-19T00:30:28Z,0,0,2026-09-19T06:33:44.893221+00:00
g4h29mJufpc,UgwLRzcnGqsp_gUgzSl4AaABAg,"매번 정책 낼때마다 들리는 이야기. 
'소외감'
결혼 하지 않은 미혼들이 결혼한 사람보다 더 많은 혜택 누린다고
결혼식은 올렸지만 정작 혼인 신고서는 작성 안하고 살던 사람 많아졌고
자녀 있는 사람들의 혜택보다 자녀가 없는 사람들이 
이거 해소 해야한다고 결혼도 하고 자녀가 있는 사람들이 혜택을 더 받을 수 있게 하준다니

미혼이고 자녀가 없는 사람들이 혜택을 덜 받는다????
ㅋㅋㅋㅋㅋㅋㅋㅋㅋ",2026-09-19T00:26:45Z,0,0,2026-09-19T06:33:44.893221+00:00
g4h29mJufpc,UgyczZVN2wMsiDrF7654AaABAg,연말정산+디딤돌 이자혜택이 있는데 해지 할 이유가 있나요? 최소금액으로만 유지해도 될거같은데,2026-09-18T22:57:21Z,0,0,2026-09-19T06:33:44.893221+00:00
g4h29mJufpc,UgwZb9MfrRyReLXDdDF4AaABAg,버스에서 살라던데 ㅋㅋ,2026-09-18T17:12:56Z,0,0,2026-09-19T06:33:44.893221+00:00
g4h29mJufpc,UgzZjtSxNA89d_bfeoh4AaABAg,1인가구는 무조건 후순위라서 걍 무주택으로 계속 살고있음,2026-09-18T16:25:46Z,0,0,2026-09-19T06:33:44.893221+00:00
g4h29mJufpc,UgzgXjLcxAszMXb8Hwx4AaABAg,청약 당첨된적 있는데 돈 없어서 그냥 빠이빠이함...ㅎ... 그 이후로 청약통장 안 만들었음 ㅜㅜ,2026-09-18T16:22:33Z,0,0,2026-09-19T06:33:44.893221+00:00
g4h29mJufpc,Ugyb0vbBT5mTUF0HLlx4AaABAg,오 나도 청약 해지하고 글카나 사야겠다,2026-09-18T14:23:38Z,0,0,2026-09-19T06:33:44.893221+00:00
g4h29mJufpc,UgyS3uVIo4FvaAEqBLl4AaABAg,애초에 가입안함 어머니도 굳이 시골에서 살꺼면 할 필요없다고 말림,2026-09-18T11:25:20Z,0,0,2026-09-19T06:33:44.893221+00:00
g4h29mJufpc,UgyeQ70q1rYkWUEGOLV4AaABAg,대출막고 전세막고 청년이 무슨 수로 당첨된 분담금을 내냐 ㅋㅋㅋㅋㅋ그냥 삼전닉스에 박는거지,2026-09-18T11:19:45Z,1,0,2026-09-19T06:33:44.893221+00:00
g4h29mJufpc,Ugws-R6Wmdk0SehS-8Z4AaABAg,교통사고 한번 나고 병원에 누워있는데 청약에서 돈 빠져나가는 알람보고 시발 이게 뭐하는거지 하면서 바로 해지했다,2026-09-18T09:46:06Z,0,0,2026-09-19T06:33:44.893221+00:00
g4h29mJufpc,UgwEJlTmA-dPxH8q6Wx4AaABAg,청약에 넣을돈으로 삼성전자 꾸준히 샀으면 하는 생각한사람,2026-09-18T08:47:38Z,0,0,2026-09-19T06:33:44.893221+00:00
g4h29mJufpc,Ugx3RcEDuqhHnx5xY6V4AaABAg,당첨됐을때 청약 통장 가입년수마다 대출금리 줄여주면 안되나?,2026-09-18T06:17:12Z,0,0,2026-09-19T06:33:44.893221+00:00
g4h29mJufpc,UgwNXJpYk_S2hhd6IYN4AaABAg,ㅋㅋㅋ다들 많이 해지해라ㅋㅋ 난 부모님 지원받아서 아파트 살께~,2026-09-18T06:14:45Z,0,0,2026-09-19T06:33:44.893221+00:00
g4h29mJufpc,UgwIon7GDA5I-5-jQ6R4AaABAg,"10년전엔 청약 어쩌고 했는데
지금 청약은 의미가 있나 싶음
세금감면 그거때문에 그냥 넣던거 넣는거 뿐이지",2026-09-18T05:40:42Z,0,0,2026-09-19T06:33:44.893221+00:00
g4h29mJufpc,Ugxmy0nQgZXtd3uHSO14AaABAg,나도 깼음,2026-09-18T05:37:37Z,0,0,2026-09-19T06:33:44.893221+00:00
g4h29mJufpc,UgyM_2GrlVvg5J1Vyj54AaABAg,청약의 의미가 지역 아파트들보다 싼값에 사는건데 별차이도없고 대출도 안나오고 ㅋㅋㅋㅋㅋ,2026-09-18T05:19:34Z,0,0,2026-09-19T06:33:44.893221+00:00
g4h29mJufpc,Ugz34fZJmiVnqAVE00x4AaABAg,"어차피 되도 못사면 분양권 팔면되는거 아냐?
10년전에 친구는 당첨되서
분양권을 2천만원 정도에 팔던데?",2026-09-18T05:11:34Z,0,0,2026-09-19T06:33:44.893221+00:00
g4h29mJufpc,UgxBSs_PBBj0EW7wd4B4AaABAg,분양가 문제지 매매랑 같은데 왜분야을 하냐,2026-09-18T04:01:10Z,0,0,2026-09-19T06:33:44.893221+00:00
g4h29mJufpc,UgwL6_x0vEus3lo0S014AaABAg,1000만채  집을 지어도  집은 모자라 왜   싹쓸이 하는 놈들이 있거든,2026-09-18T03:58:56Z,0,0,2026-09-19T06:33:44.893221+00:00
g4h29mJufpc,UgzJiK88jdHyOWmQ9a94AaABAg,청약통장 담보대출을 받어,2026-09-18T03:45:48Z,0,0,2026-09-19T06:33:44.893221+00:00
g4h29mJufpc,Ugx61xBCY7qYGKsUoRF4AaABAg,지방은 청약 경쟁 1도 안되니께..,2026-09-18T03:19:16Z,0,0,2026-09-19T06:33:44.893221+00:00
g4h29mJufpc,UgxOLToZXOKVBFet_DB4AaABAg,임대주택이라도 들갈라고 해도 당청기준이 청약통장 납입횟수보다 월소득으로 갈리는거 같던데.. 도대체 어따 씀? 이제 좀 연봉도 올랏겟다 이직하고 독립할려니까 소득 높다고 임대도 못 들어가 월급이 오르면 전월세로 돈이 또 나가.. 부모한테 의지할수도 없는 청년들은 어떻게 자산 형성하고 결혼 하라는건지..,2026-09-18T02:34:07Z,0,0,2026-09-19T06:33:44.893221+00:00
g4h29mJufpc,Ugzt67JGhfRSohyATcJ4AaABAg,지방이 삶의 터전이 아니면.. 굳이.. 서울에서는 그냥 공돈 묶어놓는 느낌임.. 십몇년 갖고있던것 재작년 해지함.,2026-09-18T01:57:57Z,0,0,2026-09-19T06:33:44.893221+00:00
g4h29mJufpc,Ugz2QmV9MpPEf7DoRSR4AaABAg,"옛날에나 정상작동한거지
청약제도는 그대로인데 부동산 정책 대출은 미친듯이바뀌어버림

부동산투기꾼이 어떻게든 빌고 꼬면서 우회했고 그걸 또 정책으로 틀어막고

땅값 집값은 날이걸수록 미친놈마냥 두배 세배 단위로 존나기오름

청약 당첨은 거의 뭐 우주에 기도해야되는 수준인데

당첨되도 자본 대출이 문제고
실제로살아보면 집수준이 썩 좋은 수준도 아님

당첨확률도 극악
당첨되도 돈도없고 대출안돼
다구해서 살고있으면 별로 좋은집도아닌데 몇십년 묶임

걍 어릴때부터 부모님들이 나대신넣어준 저축통장 이상 이하도 아님",2026-09-18T01:01:16Z,0,0,2026-09-19T06:33:44.893221+00:00
g4h29mJufpc,UgzIW9WQmC3wK32ZhJt4AaABAg,1인가구가 불리한건 그대로 유지해야댐.,2026-09-18T00:04:39Z,0,0,2026-09-19T06:33:44.893221+00:00
g4h29mJufpc,UgwVsyDMkfZM9DyP3rh4AaABAg,돈이 없어.,2026-09-17T23:55:59Z,0,0,2026-09-19T06:33:44.893221+00:00
g4h29mJufpc,Ugwmt3Llzy1Qr-gw98Z4AaABAg,ㅋㅋ 이제 곧 국민연금 마냥 의무가입으로 바꿀듯 공산민국 진짜 ㅋㅋ,2026-09-17T23:39:37Z,1,0,2026-09-19T06:33:44.893221+00:00
g4h29mJufpc,UgybSnsBg6C_zm8Br4R4AaABAg,나는 이거 10년도 전에 알아서 의미가 없다 생각해서 바로 깼는데... 다들 왜 깨냐고 호들갑이더라...,2026-09-17T23:00:40Z,0,0,2026-09-19T06:33:44.893221+00:00
g4h29mJufpc,Ugz782D1iEUAJ4PZMUN4AaABAg,"대출받고 어찌저찌 살고있는데 진짜 단 하루도 쉴 생각을 할수가 없습니다... 진짜 죽을것같은 생각을 하루 하루 매일해요..
그리고 한국 제도들 특성상 한 번 무너지기 시작하면 다시 못 살아납니다. 명심하세요.",2026-09-17T22:44:32Z,0,0,2026-09-19T06:33:44.893221+00:00
g4h29mJufpc,UgyyL1t9gerg2NSnRnF4AaABAg,아예 이자를 좀 높게 줘버리면 적금통장처럼 유지할 사람들은 있을 듯..,2026-09-17T22:15:23Z,3,0,2026-09-19T06:33:44.893221+00:00
g4h29mJufpc,Ugxv6mwwO-YRO6YHmCx4AaABAg,"인건비 물가상승 때문에 분양가가 높을수밖에 없다곤하지만.....
이게.....이 이게 말이되나?ㅠㅠ",2026-09-17T22:10:07Z,0,0,2026-09-19T06:33:44.893221+00:00
g4h29mJufpc,Ugxs1y0V4sgWx7NFoDR4AaABAg,당첨되면 되팔렘 금지 시켜라,2026-09-17T21:18:08Z,0,0,2026-09-19T06:33:44.893221+00:00
g4h29mJufpc,Ugzb1mNjhwLl7tCAGt14AaABAg,분양가도 개비싸 그냥 사도 개비싸.. 서울은 65점 이상에 대출은 또 규제 개빡쌤.. 청약적금 혜택좋다하고 청년들 꼬득여..ㅉ 근데 못삼ㅋ 근데 지방? 지방은 또 가격 거품끼고 1인 가구 청년은 그 가격대로 어케 사라는거임? 결혼이랑 애낳아야 그나마 무슨 주택이다 얻어살지 에휴,2026-09-17T20:53:21Z,1,0,2026-09-19T06:33:44.893221+00:00
g4h29mJufpc,Ugxt5faIidK5YHxgxPp4AaABAg,"부모 도움 안받으면 못들어가는 수준인데 청약이 무의미 하게 만들어 놓으니 그모양이지
선분양으로 건축회사들 돈은 벌고 책임은 제대로 안지고...
의식주 가지고 장난치면 무조건 법정  최고형 때려야 된다.",2026-09-17T20:36:58Z,0,0,2026-09-19T06:33:44.893221+00:00
g4h29mJufpc,UgyCNdInBp9a1EbwpHp4AaABAg,저도 해지할까 고민중인데 쓸모가 없음 그냥 그돈 적금넣는게 이득,2026-09-17T20:06:18Z,0,0,2026-09-19T06:33:44.893221+00:00
g4h29mJufpc,UgwSPg4qyw49LqsYMPt4AaABAg,"너무 경쟁자들이 치열해서
청약 서류보는 사람한테 돈좀 쥐어주면
당첨되겠지 ㅋ",2026-09-17T19:57:35Z,0,0,2026-09-19T06:33:44.893221+00:00
g4h29mJufpc,UgzH7jeK0wfCkNTU4RN4AaABAg,매달 10만원씩 지금까지 700만원 쌓여있는데 그냥 예금통장이라고 생각하고 그냥 넣는중.  청약으로는 기능상실. 목돈 필요할때 해지해야지,2026-09-17T19:28:58Z,0,0,2026-09-19T06:33:44.893221+00:00
g4h29mJufpc,UgywX62uroM48Itc80d4AaABAg,아직도 뭐가 문제인지 모름ㅋㅋㅋㅋ웃음벨,2026-09-17T16:51:54Z,0,0,2026-09-19T06:33:44.893221+00:00
g4h29mJufpc,UgxMAZ-c0uRNtF_TP_R4AaABAg,지금 청약 정책은 돈 묶어두는 사기임,2026-09-17T14:27:54Z,0,0,2026-09-19T06:33:44.893221+00:00
g4h29mJufpc,UgxOVB8UPxQBr3UJeQd4AaABAg,민주당작품,2026-09-17T12:15:56Z,0,0,2026-09-19T06:33:44.893221+00:00
g4h29mJufpc,Ugw0gZ2lEHPb8puEND54AaABAg,청약통장이 필요한 서민들은 청약당첨 되어봐야 낼 돈을 마련할 길이 없음 ㅋㅋ 결혼하면 남편이나 아내 둘 중 하나만 되어도 다른쪽 한 사람은 자동 권한 상실 ㅋㅋㅋ,2026-09-17T11:09:24Z,0,0,2026-09-19T06:33:44.893221+00:00
g4h29mJufpc,Ugwf4SDWBjTeZLgqC-R4AaABAg,"근데 진짜 이제 유지할 이유가 머임... 
아직 안 깬 사람들도 혹시 몰라서, 관성으로 들고있는거지",2026-09-17T11:00:57Z,0,0,2026-09-19T06:33:44.893221+00:00
g4h29mJufpc,Ugybh0590pBpEiBIU-t4AaABAg,돈이 없어~~,2026-09-17T10:54:25Z,0,0,2026-09-19T06:33:44.893221+00:00
g4h29mJufpc,UgxlDcm2XMZC1DxY3iV4AaABAg,"한달 최소천원 최대10만원이라 치자 달달히 꾸준히 넣었는데 30평 아파트가 1억이면 이해하겠다만 뭔 
3억 이상인데 어떻게 돈을 장만해서 집을 하겠다는거지???? 이해가 1도안되는데",2026-09-17T10:31:20Z,0,0,2026-09-19T06:33:44.893221+00:00
g4h29mJufpc,UgyeAJR7tzsR4M9xf0h4AaABAg,"나도 미혼에 싱글이지만 결혼가정, 애키우는 가정 지원이 우선이라고 생각하고 소외감 느껴본적은 없는데ㅋㅋㅋㅋ 혼자는 솔직히 살만함 결혼하고 애키우는 집이 진짜 나라에 큰 기여하는거지..(물론 싱글이 기여를 안한다는건 절대 아님)",2026-09-17T10:30:56Z,0,0,2026-09-19T06:33:44.893221+00:00
g4h29mJufpc,Ugxc4WDnJob3J2BZF1N4AaABAg,청약 당첨되면 머함..대출이 그만큼 안되는데..,2026-09-17T10:27:46Z,0,0,2026-09-19T06:33:44.893221+00:00
g4h29mJufpc,UgwWyjWy1-PjywJey1d4AaABAg,"28년 된 청약 통장 올해 3월에 해지했습니다 
네 아시다시피 금리도 너무 낮고 돈 도 묶이고 취업하고서는 오로지 연말정산 혜택용으로 사용했고요 
lh 에 사용하려니 세전 월300 조금 넘게 벌었다고 자격박탈 당해서 주택에 들어가본적도 없고요
타지역은 모르겠습니다 충청 경상 지역은 입지 좋은곳은 기본 7 ~ 8억 스타트라 청약통장 사용해봤자 너무 비싸서 사용 할 생각조차 없고
입지 그다지 좋지않고 나름 저렴한 아파트 5 ~ 6억 스타트 아파트는 미 분양이 너무 많이나서 오히려 필요가없고 
뭐 개인 생각대로 가시는게 좋지않을까 생각합니다 제 생각은 청약통장이 많이 강화된다는 내용이없다면 굳이 청약통장 가지고 있어야할 필요가 있을지는 의문 입니다.",2026-09-17T09:43:28Z,0,0,2026-09-19T06:33:44.893221+00:00
g4h29mJufpc,Ugxt9E4LIdVaxHxjRBF4AaABAg,어 제발 다깨 나빼고 다깨줘 제발😂,2026-09-17T09:42:41Z,0,0,2026-09-19T06:33:44.893221+00:00
g4h29mJufpc,UgwmJutjKpS8VewiZOF4AaABAg,"오늘 미국 연준 금리 올리는거 다들 안봄?? 미 국채 생각하면 앞으로 더 올릴거고, 한국은 금리가 미국보다는 높아야 경제지표 방어된다는거 생각하면 결국 이번 정부내에서도 미국 지금 3.75 보다는 무조건 높아지는건 당연한거고, 기준금리 4.5~5.0 보는건 생각해야함. 근데 이러면 주담대 대출 이자만 해도 ㅈㄴ게 빡센데 ㅋㅋㅋㅋ? 그러면 금리를 안올리면 안되냐고? 그러면 외화 계속 빠져나가는거. 걍 이젠 이거도 저거도 답이 없다",2026-09-17T08:32:19Z,0,0,2026-09-19T06:33:44.893221+00:00
g4h29mJufpc,Ugxg0Mhz-1x-N1iXwQt4AaABAg,"솔직히 집값이 싸져서 내집마련이 쉬워지면 
돈을 몇억할 정도로 모을필요없어지고 적당한 묵돈과 생활비만 있으면 일생을 살아갈 수 있으니까
결혼하는데 부담없고 결혼했는데 집도 있겠다 아기도 많이 낳을거고..라고 간단하게 생각이 들지만 세상은 간단하지 않겠죠..?",2026-09-17T08:07:17Z,0,0,2026-09-19T06:33:44.893221+00:00
g4h29mJufpc,UgwT0JCijfg4DN169IN4AaABAg,옛날에야 청약 당첨되면 싼 가격에 아파트 샀지만 실거래 주작질로 주변 시세 높이고 취소해서 분양가 장난질😂,2026-09-17T07:45:45Z,1,0,2026-09-19T06:33:44.893221+00:00
g4h29mJufpc,UgynvbJZKihQ6rjV3i94AaABAg,와 나도 3년전에 해지했는데 ㅋㅋㅋㅋ,2026-09-17T07:04:45Z,0,0,2026-09-19T06:33:44.893221+00:00
g4h29mJufpc,UgxsUIXadNWpjvEDCUl4AaABAg,그 사다리를 붕괴시킨게 짜이밍...,2026-09-17T06:47:49Z,0,0,2026-09-19T06:33:44.893221+00:00
g4h29mJufpc,UgzXMXPWQubepRsozZN4AaABAg,이천만들어놓고 그냥 예금통장? 됐음..^,2026-09-17T05:29:19Z,0,0,2026-09-19T06:33:44.893221+00:00
g4h29mJufpc,Ugw99xjdoV5KFxRBB314AaABAg,250이면 그냥 없는 셈치고 놔둘 만함,2026-09-17T05:02:54Z,0,0,2026-09-19T06:33:44.893221+00:00
g4h29mJufpc,UgycBQB5aWOsX6i-GNN4AaABAg,근데 분양가를 못 맞출 수준이면 분양신청을 안 넣고 기다렸다가 수중에 현금이 모이고 능력될때 다른 아파트 지어지면 그때 신청 넣으면 되잖아 왜 징징거리는거지?,2026-09-17T04:52:15Z,0,0,2026-09-19T06:33:44.893221+00:00
g4h29mJufpc,UgxgbOgBR_sViryh75B4AaABAg,이미 지방권은 경매로 나오는 괜찮은 집도 많고 청약해서 굳이 빚도 못 내는거 유지해서 뭐하나 싶어서 깨버림. 나중에 좀 사람 줄어들면 적당히 모아서 경매로 물건 사서 직접 뜯어 고쳐 살지 뭐..,2026-09-17T04:40:37Z,0,0,2026-09-19T06:33:44.893221+00:00
g4h29mJufpc,UgyKJNE2-pNmRpme8d14AaABAg,"나라를 살리는길은 미안하지만 노인이 아니라 이미 아이들을 키우는 사람한테 혜택을줘야지. 탁상공론 ㅉㅉ
실제 매매할수없는 금액으로 뭔 정책을 운영한다고",2026-09-17T04:05:03Z,0,0,2026-09-19T06:33:44.893221+00:00
g4h29mJufpc,Ugy7l9ivg51X5pOA7g14AaABAg,"지방은 아파트 남아도는데도
계속 짓는 중 ㅋㅋㅋ",2026-09-17T03:39:40Z,0,0,2026-09-19T06:33:44.893221+00:00
g4h29mJufpc,UgwqFqmb7ohzqjD9GSh4AaABAg,"웃긴게 청약통장 만땅으로 몇천 모아놔도 
1순위에는 한부모가정, 기초수급자,탈북민, 중위소득 낮은 사람들 위주로 받아버리니,,;; 그냥 청약통장에 대한 이점이 없음",2026-09-17T01:42:29Z,0,0,2026-09-19T06:33:44.893221+00:00
g4h29mJufpc,Ugxlx_bgErsrusnTLDF4AaABAg,대 재 명,2026-09-17T01:39:32Z,1,0,2026-09-19T06:33:44.893221+00:00
g4h29mJufpc,Ugy1nfdX8Hy5jqqLKX54AaABAg,돈이 있다치더라도 요즘 신축은 너무 부실이 많아서 계약하면 안됌,2026-09-17T01:13:03Z,0,0,2026-09-19T06:33:44.893221+00:00
g4h29mJufpc,Ugxx7Rm_albdbqOyCL54AaABAg,"운빨 + 부모님 찬스 아니면 불가능한 구조
부모님도 사실 힘듬",2026-09-17T00:19:24Z,0,0,2026-09-19T06:33:44.893221+00:00
g4h29mJufpc,Ugwo-O9INeQdszTDy-N4AaABAg,그냥 이만원씩만 들어가게 해놓음.. 천만원있는데 천만원 가지고 뭘 하겠냐 싶어서,2026-09-17T00:14:12Z,0,0,2026-09-19T06:33:44.893221+00:00
g4h29mJufpc,UgwLGWGTIylNVQ9bfSV4AaABAg,"왜 느리게  준비하는과정을  다들 무시하게 만드는 방송, sns만 넘쳐나는지...",2026-09-16T23:29:56Z,0,1,2026-09-19T06:33:44.893221+00:00
g4h29mJufpc,Ugynvv14wgOgUdMxxXx4AaABAg,청약깨는건 안좋은 선택같다.. 나중에 집사면서 대출 받아보면 알겠지만 청약통장 우대금리 무시못함,2026-09-16T23:29:40Z,0,0,2026-09-19T06:33:44.893221+00:00
g4h29mJufpc,UgwH8eis4UMcazVgf-N4AaABAg,서울을 안가면 어느정도 해결되지 않음?,2026-09-16T23:11:19Z,0,1,2026-09-19T06:33:44.893221+00:00
g4h29mJufpc,UgytSOuUleEKBx5T83h4AaABAg,그냥 주변에 청약으로 잘됐다고 들은적이 없음,2026-09-16T23:09:58Z,0,0,2026-09-19T06:33:44.893221+00:00
g4h29mJufpc,UgwGeVrRCDulzlZLyVV4AaABAg,"무쓸모임
당첨되도 살수가 없는 가격인데",2026-09-16T23:00:22Z,0,0,2026-09-19T06:33:44.893221+00:00
g4h29mJufpc,UgzSxefp3oU0c-dhQH14AaABAg,작은 집 하나가 2.5억. 월 270받는 애들이 계약금 500만원 낸다 치고. 절반? 회사가 무이자 대출 해준다 치고. 나머지 절반 대출? 어떻게 받음? 아니 대출 받았다 치고. 그거 이자 어떻게 감당해? 어떻게 갚을거야?,2026-09-16T22:58:44Z,0,0,2026-09-19T06:33:44.893221+00:00
g4h29mJufpc,UgxGFbzCAbYj7R6D5MJ4AaABAg,"청약 진짜 계속 안좋아지는구나..
경기 부천에 빌라 매매로 유주택이지만 청약 넣고 있는데.. 뭐가 나은건지 모르겠네요;
청약 1천 모아놨고 앞으로 만원씩 넣으려 하는데 청약되도 적게는 2~3억
많게는 5~6억원이 필요한데
살고있는 집을 팔아도 턱없이 부족하니
어찌할지ㅠ",2026-09-16T22:49:39Z,0,0,2026-09-19T06:33:44.893221+00:00
g4h29mJufpc,UgxcjXIR0jzFNOWCb-d4AaABAg,집값이 현실성 없어,2026-09-16T22:44:57Z,0,0,2026-09-19T06:33:44.893221+00:00
g4h29mJufpc,UgzgAVyjGoh5RbkFhiB4AaABAg,댓글들 보면 죄다 서울이냐? 애초에 그걸 싸게 사면 니들이 나머지 땅값 프리미엄 다먹는 구조인데 그것도 수십억을 편하게 꿀꺽하려는게 더 도둑놈 심보 아님?,2026-09-16T22:42:23Z,0,0,2026-09-19T06:33:44.893221+00:00
g4h29mJufpc,Ugy0YP3rzIEYsFuPyex4AaABAg,어지간히 많이 빼나보다 뉴스에서도 징징거리는게 ㅋㅋ,2026-09-16T22:17:20Z,0,0,2026-09-19T06:33:44.893221+00:00
g4h29mJufpc,Ugw2iWCN4_5Em7J55XJ4AaABAg,진짜.. 청약통장에 몇 천만원 아니면 그냥 깨고 적금을 하든 다른 곳에 유용하게 쓰는 것이 나음..,2026-09-16T22:16:33Z,0,0,2026-09-19T06:33:44.893221+00:00
g4h29mJufpc,UgzTKzQ460B12O0oVEd4AaABAg,저걸아직도하고있었어?? 답없는거보고 해약한지 6 7년된거같,2026-09-16T21:52:21Z,0,0,2026-09-19T06:33:44.893221+00:00
g4h29mJufpc,UgyebcCOUtpQbHQcP5R4AaABAg,아 나도 해지할까...,2026-09-16T21:34:48Z,0,0,2026-09-19T06:33:44.893221+00:00
g4h29mJufpc,UgyFqnjsZecg0z_7IEx4AaABAg,청년 혜택좀 없애고 애잇는 사람에게 복지를,2026-09-16T21:23:24Z,0,0,2026-09-19T06:33:44.893221+00:00
g4h29mJufpc,Ugx_jbbm9GPDNfeEMGl4AaABAg,이 정부는 청년들이 가난하길 바라는것 같다,2026-09-16T20:46:00Z,0,0,2026-09-19T06:33:44.893221+00:00
g4h29mJufpc,UgytbMT8gvukmPuCdn54AaABAg,청약 아직도 잘 모르겠다,2026-09-16T20:40:45Z,0,0,2026-09-19T06:33:44.893221+00:00
g4h29mJufpc,Ugy1X5giLNW2v76euDZ4AaABAg,1인 가구는 당첨 되는 확률도 너무 터무니없이 낮기도하고 당첨되었다고 해도 분양가가 너무 높음. 그렇다고 연고지도 없는 인구감소지역에 넣을것도 아니고,2026-09-16T20:22:47Z,0,0,2026-09-19T06:33:44.893221+00:00
g4h29mJufpc,Ugwot9wBQ8M1sEuLaBt4AaABAg,"당첨돼도문제~ 대출받고 이자내는것도 문제~ 
걍 나라가 문제투성이임",2026-09-16T18:41:27Z,0,0,2026-09-19T06:33:44.893221+00:00
g4h29mJufpc,UgwhUimUhmq9bJiQ5gl4AaABAg,집 살 돈은 있으면서 소득은 없는 사람에게 유리한 ㅋㅋㅋㅋ 해지하는 청년들아 똑똑한 청년들이다.,2026-09-16T17:05:37Z,1,0,2026-09-19T06:33:44.893221+00:00
g4h29mJufpc,UgyQG1xxZpn3Rpbkhpd4AaABAg,금수저 백수한테 유리하게 만든 청약 제도 .. ㅋㅋㅋ,2026-09-16T16:53:16Z,1,0,2026-09-19T06:33:44.893221+00:00
g4h29mJufpc,Ugyd5pe7RwFsMbxCyWR4AaABAg,"말도 안되는 소득기준이나 손 봐라... 소득 기준이 소득 신고 제대로 안하는 자영업자나, 공무원들만 좋게 되어 있고, 서울 경기 사는 왠만한 직장인 월급 기준보다 훨씬 낮은데.. 어떤 넘들이 조사한거냐?",2026-09-16T16:52:17Z,0,0,2026-09-19T06:33:44.893221+00:00
g4h29mJufpc,UgwN8q2TVB_Zl2G58r94AaABAg,진짜 집값은 몇억 몇십억이고,2026-09-16T16:20:32Z,0,0,2026-09-19T06:33:44.893221+00:00
g4h29mJufpc,UgxiZ84V6S_dzroJE4F4AaABAg,해지해라..의미없다,2026-09-16T15:58:29Z,0,0,2026-09-19T06:33:44.893221+00:00
g4h29mJufpc,UgzkHUEGaB2poadWwKF4AaABAg,ㄹㅇ 왜함 ㅋㅋ,2026-09-16T15:18:14Z,0,0,2026-09-19T06:33:44.893221+00:00
g4h29mJufpc,UgzZtALFI5eL9bzplEx4AaABAg,솔직히 청약통장 자체가 나라가 부동산 도박하라는 제도~ 부동산 잡는다면서 뭔 청약통장인지... 해지한지 삼만년~ 에잇 안사!!! ㅠㅠ 개슬프다...,2026-09-16T14:25:48Z,0,0,2026-09-19T06:33:44.893221+00:00
g4h29mJufpc,Ugw3km8JnSDj8AYZUmR4AaABAg,"난 유지해보련다, 로또 당첨될 수도 있잖어",2026-09-16T14:17:13Z,0,0,2026-09-19T06:33:44.893221+00:00
g4h29mJufpc,UgwBtTUg3Sey3L4zqyt4AaABAg,청년세대 아닌 사람은 가지고 있을 이유가 없구나...낼 바로 해지해야겠다.,2026-09-16T12:46:57Z,0,0,2026-09-19T06:33:44.893221+00:00
g4h29mJufpc,Ugwsf08t4oayPUGto_p4AaABAg,어니 다들 엄마 아빠 없음? 집사는데 그정도도 안빌려준다고?,2026-09-16T12:27:13Z,0,0,2026-09-19T06:33:44.893221+00:00
g4h29mJufpc,UgzhcrGZ-6akzElIAE14AaABAg,아파트 가격 자체가 말이 안됨;;,2026-09-16T12:15:19Z,0,0,2026-09-19T06:33:44.893221+00:00
g4h29mJufpc,UgzfiLf9L0-vasrjZkV4AaABAg,130회차 내고있는 33살 청년인데 대체 이걸 왜 내고 있는지 이해가안됨 쩝.. 친구들에 비해서 연봉이 높은편인데 그거도 오히려 청약에 안좋고 그렇다고 이 나이에 모은돈이 수억이 있는거도 아니고 .. 그냥 제도 자체가 왜있나 싶음..,2026-09-16T11:54:12Z,0,0,2026-09-19T06:33:44.893221+00:00
g4h29mJufpc,UgzqpyKX86O1NfjxEKN4AaABAg,2:56 교수님 개인의 의견이 아닌 은행원 놈들을 뺀 우리 국민 모두의 의견임ㅋㅋ,2026-09-16T11:53:37Z,0,0,2026-09-19T06:33:44.893221+00:00
g4h29mJufpc,UgzuMdNN_CkYJKIkCFd4AaABAg,와청약통장을 아직도 가지고있는분이있었군,2026-09-16T11:46:59Z,0,0,2026-09-19T06:33:44.893221+00:00
g4h29mJufpc,UgxCkr_ebiNnebCbLZt4AaABAg,지방도 마찬가지일까..?,2026-09-16T11:36:28Z,0,0,2026-09-19T06:33:44.893221+00:00
g4h29mJufpc,Ugz9_Xr3r-W7aXGJ6-N4AaABAg,신축 아파트의 분양은 누구나 다 할 수 있으니까 .. 굳이 …,2026-09-16T11:30:12Z,0,0,2026-09-19T06:33:44.893221+00:00
g4h29mJufpc,UgwBC6KeJWDW9TamDut4AaABAg,이게 지금 대통령중에 부동산 잡은 인물이 있냐 오히려 더 역효과만 나오지,2026-09-16T11:29:55Z,0,0,2026-09-19T06:33:44.893221+00:00
g4h29mJufpc,Ugyl_1GodgfGFoRm6B14AaABAg,대출안대는데  그거 왜함  계약금은  땅파서주나?,2026-09-16T11:22:42Z,0,0,2026-09-19T06:33:44.893221+00:00
g4h29mJufpc,UgznFR2tswJl3Gx1toZ4AaABAg,"나도 해지함 ㅋㅋ
청약 되면 뭐하냐고 가진 돈이 없는데
분양가 어케 맞춤 ㄷㄷ",2026-09-16T10:56:49Z,0,0,2026-09-19T06:33:44.893221+00:00
g4h29mJufpc,Ugz-_1wI8jjjYguLhKJ4AaABAg,진짜 나라 꼬라지ㅋㅋㅋㅋㅋ,2026-09-16T10:52:48Z,0,0,2026-09-19T06:33:44.893221+00:00
g4h29mJufpc,Ugyz1-qZYQRBXEb6Etl4AaABAg,걍 점수고 자시고 작은 방하나 거실하나 있는거 8억 9억 이러더라 ㅋㅋ 어케사누 ㅋㅋㅋ,2026-09-16T10:46:51Z,0,0,2026-09-19T06:33:44.893221+00:00
g4h29mJufpc,Ugx1DmwFZptt8-pV5k14AaABAg,디딤돌대출 금리우대용 그이상 그이하도 아님,2026-09-16T10:40:01Z,0,0,2026-09-19T06:33:44.893221+00:00
g4h29mJufpc,Ugy9ev0uXCAgY28D3lF4AaABAg,"영원히 의미없어서 주식과 예금으로 분산했다

그리고 주식 쪽이 500만원 씩이나 훅훅 터졌다, 하필이면 트럼프와 시기가 겹쳐서

명심해라, 경제를 말아먹는 건 정치인이고, 그 정치인을 '우루루루 앉히는' 것들은, 찬성표, 반대표 모두 합쳐서 우리라는 사실을.",2026-09-16T10:35:30Z,0,0,2026-09-19T06:33:44.893221+00:00
g4h29mJufpc,UgyEd-jKGfs5J8JLlFJ4AaABAg,로또1등 되도 집 못삼. 그 정도로 집값이 비쌈. 그렇다고 대출을 받으려고 해도 감당도 안됨. 사는 것도 고소득자나 고소득자가 부모님으로 있는..부동산가격이 살인적이지 않았으면 지금쯤 내 집 하나 있었겠지.,2026-09-16T10:18:33Z,0,0,2026-09-19T06:33:44.893221+00:00
g4h29mJufpc,UgyV_foBovn182Rc2wN4AaABAg,"청약되더라도 심각하게 비싸고.
비싼돈 주고 들어갔더니. 부실공사에 
하자투성이에. 10년 내외 어느정도
검증된 아파트 매매하는게 현실적이지",2026-09-16T10:17:04Z,0,0,2026-09-19T06:33:44.893221+00:00
g4h29mJufpc,Ugw4TeOhqGZC5QW9m8J4AaABAg,이제 서민이 집 살수있는 시대는 지났잖아,2026-09-16T10:13:47Z,0,0,2026-09-19T06:33:44.893221+00:00
g4h29mJufpc,Ugxb05kHgGIa-Ltmz3t4AaABAg,당첨도 안되는데 당첨되도 아무고토 못함 ㅋㅋ 존재 이유가 없음,2026-09-16T09:54:50Z,0,0,2026-09-19T06:33:44.893221+00:00
g4h29mJufpc,UgzfsOW9c4a-WBb4g0F4AaABAg,청약가능한 집은 ㅈㄴ 비싸서 구입할 여력도 안 되고 구축사면 청약 헤택 거의 다 사라지니 굳이 유지할 필요없지,2026-09-16T08:48:37Z,0,0,2026-09-19T06:33:44.893221+00:00
g4h29mJufpc,UgzGt-t1miiCm9ErM9Z4AaABAg,경기도 안산 분양가가 6억이 넘는 게 말이되냐 ??   27년 입주예정 장상지구 아직 첫 삽도 안 뜬 거 이게 맞냐 ?,2026-09-16T08:34:51Z,0,0,2026-09-19T06:33:44.893221+00:00
g4h29mJufpc,UgwBXn2Eq4Fa3BsFEqV4AaABAg,담청되도 못사는데 무슨 ㅋㅋ,2026-09-16T07:34:40Z,0,0,2026-09-19T06:33:44.893221+00:00
g4h29mJufpc,Ugzp9Ne-prFW4Fox9kR4AaABAg,나도 지방에 당첨 된 거 있는데 이거 들고 있어도 문제... 이거 어떻게 갚으면서 살지하는 막막함이 너무 큼...,2026-09-16T07:32:57Z,0,0,2026-09-19T06:33:44.893221+00:00
g4h29mJufpc,Ugy1fopegU_NdwBUvsZ4AaABAg,청약통장을 납입을 하시고요 납입한 돈을 담보로 대출을 받아서 다른데 투자를 하셔요 😄,2026-09-16T07:16:07Z,1,0,2026-09-19T06:33:44.893221+00:00
g4h29mJufpc,UgyBhj211USbyAin18x4AaABAg,전쟁나서 부동산값 똥값되면 좋겠다,2026-09-16T07:06:34Z,0,0,2026-09-19T06:33:44.893221+00:00
g4h29mJufpc,Ugyi7Zf4eRSgymP7sZl4AaABAg,집 포기 -> 결혼 포기 -> 출산 포기...의식주가 기반이 돼야 사람이 살아가고 유지가 되지 가장 기본적인 '주'가 해결이 안 되는데 무슨 결혼이고 출산이냐,2026-09-16T06:46:37Z,0,0,2026-09-19T06:33:44.893221+00:00
g4h29mJufpc,UgwQk9a0Oks_ZVwMUjl4AaABAg,"서민이 인생역전시킬수있는 마지막수단도 없앴다..담청되면 실입주 능력안되면 부자들한테 팔수도 있었고... 공산당들은 더 괴롭힐것이다.
달게 받아라",2026-09-16T06:41:38Z,0,0,2026-09-19T06:33:44.893221+00:00
g4h29mJufpc,Ugwey3BehFA-2fzQpBJ4AaABAg,"로우 리스크 하이리턴이어도 모자랄판에 미들리스크 로우 리턴 쯤 포지션이
됐는데 뭐 어쩌라는거임 ㅋㅋㅋ",2026-09-16T06:34:58Z,0,0,2026-09-19T06:33:44.893221+00:00
g4h29mJufpc,Ugx5t9stct2yeGjqZ2t4AaABAg,소득은 낮고 재산은 많은 기초생활수급자..,2026-09-16T06:32:33Z,0,0,2026-09-19T06:33:44.893221+00:00
g4h29mJufpc,UgzIctNf3y3CcH01zm54AaABAg,애초에 지금 정부 믿고 만드는게 지능문제임,2026-09-16T06:24:21Z,0,0,2026-09-19T06:33:44.893221+00:00
g4h29mJufpc,UgwgMxkbnwCWnFGpyRl4AaABAg,이미 진작에 깻음...,2026-09-16T05:36:20Z,0,0,2026-09-19T06:33:44.893221+00:00
g4h29mJufpc,UgyplukaWizpKzyBwop4AaABAg,갖고있는 애들만 나중에 뭐라도 할 수 있음 깰 사람은 제발 깨줘라,2026-09-16T05:28:44Z,0,0,2026-09-19T06:33:44.893221+00:00
g4h29mJufpc,UgyS0pYjn7MgLjlqekh4AaABAg,"집을 분양받고 살 일이 없는데
왜 거기에 필요한 통장을 유지함? ㅋㅋ
뭐 연말정산? ㅋㅋㅋㅋㅋ
차라리 나스닥100을 매달 사",2026-09-16T05:08:59Z,0,0,2026-09-19T06:33:44.893221+00:00
g4h29mJufpc,Ugz8cvCZXcdGH1oWEsl4AaABAg,거따가 지지율때문에 2030 세대 징벌하느라 더 어렵게 만드는중,2026-09-16T04:50:04Z,0,0,2026-09-19T06:33:44.893221+00:00
g4h29mJufpc,UgyLHjM1ljiFHFFFofd4AaABAg,"수도권 2030 당사자임. 이유 정리해봄.
1. 분양가가 감당가능한 4~6억이면 어디 허허벌판 귀퉁이임(3기신도시 안산장상같은곳. 집값은 내 30대기준으로도 환갑은 돼야 도심이 될거같은곳)

2. 4~6억 분양가면 그돈씨가 절로나오는게 차라리 (지금은 늦엇지만) 노원구같은곳 구춛 들어가서 몸테크하는게 훨씬나음. 

3. 내가 늙기전에 집값올라서 갈아타기할만한곳은 분양가 10억부터 시작함. 2030 월급쟁이는 6억도 빡쌘디ㅋㅋ 

그러므로 2030입장에서는 

""청약ㅈ까 집값으로 5년10년에 1,2억따리 먹느니 걍 집은 적당히 살면서 나스닥에 고정지출 나가고 남는거 몰빵치고만다ㅅㄱ""

가 솔직한 생각임",2026-09-16T04:46:40Z,0,0,2026-09-19T06:33:44.893221+00:00
g4h29mJufpc,Ugyb2E-fUAYyqqNBMzR4AaABAg,미혼이나 싱글은 사람 아닌게 맞음,2026-09-16T04:40:50Z,0,0,2026-09-19T06:33:44.893221+00:00
g4h29mJufpc,UgxHKeiKTgnRMh5o-DB4AaABAg,"정부가 시장에 개입하는 순간 망한거임
대한민국에 부동산 시장은 단순하게 첫발을 내딛는게 힘들다가 아니라
그만큼의 가치가 있기에 모두가 들어오고 싶어했던 시장이라는게 큰데

정부가 첫발을 내딛게 해주려고 가치를 낮춰버리니
상품에 메리트가 사라져 버렸음

내집마련이라는 단어가 어느새 꿈보다는 족쇄가 되어 버리니 에휴 등X 같으니",2026-09-16T04:28:19Z,0,0,2026-09-19T06:33:44.893221+00:00
g4h29mJufpc,UgxmR6iZDPueuHEhvDV4AaABAg,"14억짜리 계산해봤는데
중소기업 부부가 애도 안낳고 밥도 안먹고 여행도 안가고 돈만 모아야 14억 생기더라..
암만 대출 도움을 받는다고 하지만...",2026-09-16T03:52:11Z,0,0,2026-09-19T06:33:44.893221+00:00
g4h29mJufpc,Ugz8cysLQ63z6-p543J4AaABAg,"신한은 내돈인데 대출방식도 참 희한하게 불편하게해둠.
아파트당첨은 운이후 이야기고 그사이 대출도 불편한데 유지하겠나",2026-09-16T03:12:42Z,0,0,2026-09-19T06:33:44.893221+00:00
g4h29mJufpc,UgzEFAY-LTXwdbHwUx14AaABAg,난 아직 해지는 안하고 있긴한데 진짜 필요없는거같긴함ㅋㅋ,2026-09-16T02:48:10Z,0,0,2026-09-19T06:33:44.893221+00:00
g4h29mJufpc,UgwnMCP1zcgrv5hsq7F4AaABAg,"청약이 무조건 2030, 3040, 4050 으로 나눠져야 함.
아파트 가격, 평수, 등등 으로 세분화 해서 그 세대에 맞는 청약 시스템으로 바껴야 함.
2030이 서울에 84타입으로 당첨되도 그거 살수 있는 정상적인 2030이 어디있냐
나도 2030인데 그냥 59타입이면 만족한다.
왜 다들 84타입으로 아파트 사서 결혼해야 되는거냐(물론 남녀 둘중 하나가 서울 84타입 아파트 아니면 안된다고 할 수 도 있지만, 현실적으로 2030은 불가능이다.)
20대는 15평, 4억 이내.
30대는 25평, 6억 이내. 청약 만들어주면 좋겠다.
2030  가점으로 84타입 불가능이다.",2026-09-16T02:10:47Z,0,0,2026-09-19T06:33:44.893221+00:00
g4h29mJufpc,UgziyaL106IP6KDMo8B4AaABAg,"나 20대 500만원 모으는게 목표 였는데 왜 맨날 2030 정책만 있는겨
요즘 청년들은 몇 억씩 있나 보네",2026-09-16T02:04:43Z,0,0,2026-09-19T06:33:44.893221+00:00
g4h29mJufpc,UgyKUZ-65LqLww-hm_l4AaABAg,22년에 청약 막차타서 정말다행… 워 간이 서늘하네,2026-09-16T01:29:06Z,0,0,2026-09-19T06:33:44.893221+00:00
g4h29mJufpc,Ugw73LwDIuKEmUWEn0p4AaABAg,그냥 이재명의 한계임 ㅋㅋㅋㅋ,2026-09-16T00:14:03Z,0,0,2026-09-19T06:33:44.893221+00:00
g4h29mJufpc,UgwL0yX6dKqVJ2RzOKF4AaABAg,집값이 이미 감당이 안됨 청약따위로 어떻게 해볼수 있는 단계가 아닌 거. 부동산은 잡아야 하는데 부동산으로 돈벌겠다는 사람은 많으니 내 집값떨어지는건 못보겠으니 집값은 한없이 올라가고 감당이 안되는 수준까지 온거.,2026-09-15T23:12:16Z,0,0,2026-09-19T06:33:44.893221+00:00
g4h29mJufpc,UgyMy6hY9xVgPylbauR4AaABAg,된다해도 무리하게 지르는 순간 노예확정~,2026-09-15T23:07:46Z,0,0,2026-09-19T06:33:44.893221+00:00
g4h29mJufpc,UgzowsmcfqmAbBmnA-N4AaABAg,해지하고 꺼져주면 나야 고맙지 ㅋㅋㅋ,2026-09-15T22:52:42Z,0,0,2026-09-19T06:33:44.893221+00:00
g4h29mJufpc,UgzJ9ILUoEO_K4677Oh4AaABAg,"30년된 아파트 1채 사는데
100억 200억 하면 웃기겠다ㅋ",2026-09-15T22:52:03Z,0,0,2026-09-19T06:33:44.893221+00:00
g4h29mJufpc,UgwV2fdSpDCgA1wyUzR4AaABAg,"동대문구 청량리 사는데 건너편달동네
재개발로 롯데캐슬 8동 지었는데
32평 분양가 13억ㅋㅋㅋ
시바ㅋㅋ어떻게 들어가는데
20 30대가 40대는 가능하고?",2026-09-15T22:19:24Z,0,0,2026-09-19T06:33:44.893221+00:00
g4h29mJufpc,UgwvF5zJcs2Le74hUO94AaABAg,진짜 이 정부는 얼마나 빠른속도로 나라를 박살내는거,2026-09-15T21:34:29Z,0,0,2026-09-19T06:33:44.893221+00:00
g4h29mJufpc,Ugzx2779LpbsMO5nPbd4AaABAg,"내가 이래서 진작 안함 ㅋㅋㅋ 
뻔히 보이거든",2026-09-15T19:28:48Z,0,0,2026-09-19T06:33:44.893221+00:00
g4h29mJufpc,UgxeTjxkytG2PiwIOgZ4AaABAg,"그럼에도 들고 있는 이유

-현재 이거 깰 정도로 생활이 크게 궁핍하거나 현금 필요할 일 없음
-청약통장이 집 살 때만 쓰는 게 아님
-앞으로 가입자 이탈이 가속화되면 대응 차원에서 어떻게 혜택이 또 바뀔지 모름",2026-09-15T18:02:27Z,0,0,2026-09-19T06:33:44.893221+00:00
g4h29mJufpc,UgwlqrOuNpfa1dFpEH94AaABAg,대통령 효과 ㅋㅋㅋ 소름돋는건 인제 1년 좀 넘었다 ㅋㅋㅋ 앞으로 얼마나 더 말아 먹을지...,2026-09-15T17:32:39Z,0,0,2026-09-19T06:33:44.893221+00:00
g4h29mJufpc,Ugx1uoYC328taOrmIYR4AaABAg,대출 제한때문에 청약을 집값 싼집에만 넣어야됨 ㅋㅋ 청약을 왜함 그럴거면 ㅋㅋ,2026-09-15T17:29:47Z,0,0,2026-09-19T06:33:44.893221+00:00
g4h29mJufpc,UgznKf4hJ1j_2S-oWLV4AaABAg,"징징징징
꼬라지보니 해지하지 말아야겠다",2026-09-15T17:15:51Z,2,0,2026-09-19T06:33:44.893221+00:00
g4h29mJufpc,Ugw9i0pszBQXsIqxyc94AaABAg,😊,2026-09-15T16:33:34Z,0,0,2026-09-19T06:33:44.893221+00:00
g4h29mJufpc,UgwhAdD3BcsnHS5IJL14AaABAg,그래도 가지고 있어야한다고 생각하는사람들은 참.....,2026-09-15T16:02:32Z,0,0,2026-09-19T06:33:44.893221+00:00
g4h29mJufpc,UgwvLsc3CuSIRobo61V4AaABAg,청약해봐야순위꼴찌인데 뭐따러함 이자도안주는데 ㅋㅋㅋㅋ,2026-09-15T15:58:31Z,0,0,2026-09-19T06:33:44.893221+00:00
g4h29mJufpc,UgyNwJebt73Z8GrecM14AaABAg,미친 부동산의 나라 . .. .돈이 다 저기에 쳐 박혀있으니  경기가 이 모양이지,2026-09-15T15:33:38Z,0,0,2026-09-19T06:33:44.893221+00:00
g4h29mJufpc,Ugw3Wfy8IBn3nyyl_IZ4AaABAg,더불어근저당 때분에 부동산 가격이 미친듯이 오르긴함,2026-09-15T14:47:28Z,0,0,2026-09-19T06:33:44.893221+00:00
g4h29mJufpc,UgwHO3W42deXyrp68AV4AaABAg,당첨되어도 순살치킨 아파트잖아,2026-09-15T14:09:19Z,0,0,2026-09-19T06:33:44.893221+00:00
g4h29mJufpc,Ugyh2ECKoVAh7GD7mMx4AaABAg,당첨되도 영끌해야 하는 리스크 누가 요즘 그런 리스크 끌어앉고 삽니까 금융투자 주식이나 주식이나 주식이나 미친놈들은 코인해서 끝과 끝을 보지 성실하게 모아서 저축 투자? ㅈㄹ을 ㅋㅋㅋㅋㅋㅋㅋ,2026-09-15T13:57:42Z,0,0,2026-09-19T06:33:44.893221+00:00
g4h29mJufpc,UgySsVIsogP81tYbK2B4AaABAg,유명무실 딱 네글자로...,2026-09-15T13:56:43Z,0,0,2026-09-19T06:33:44.893221+00:00
g4h29mJufpc,Ugy-bZVGBBu7Ga_MEt94AaABAg,비과세 에 이율도 젤 높을텐데 왜 깨지....?,2026-09-15T13:39:22Z,0,0,2026-09-19T06:33:44.893221+00:00
g4h29mJufpc,UgzevrBls_LIehy-rfN4AaABAg,"민주당이 주택관련해서 명백하게 나라를 망친다
제발 정신차려라",2026-09-15T13:29:34Z,1,0,2026-09-19T06:33:44.893221+00:00
g4h29mJufpc,Ugz2vFOfRI1iVG6NGSx4AaABAg,난 그냥 달 2만원 짜리 적금이라 생각하고 냅둠 ㅋㅋ,2026-09-15T13:27:59Z,0,1,2026-09-19T06:33:44.893221+00:00
g4h29mJufpc,Ugx5Xzl6Pc-Y7ZkzrkV4AaABAg,그냥 부자들만 더 살기 좋아지는 세상 만드는중이지,2026-09-15T13:03:13Z,1,0,2026-09-19T06:33:44.893221+00:00
g4h29mJufpc,UgztpzSBI55Fn1v4gch4AaABAg,연봉 1억 이하는 대출도 안되고 내집마련은 고사하고 사기 우려때문에 전셋집도 못얻어 고시원에 처박혀 살게되는 사회를 만들어놓고 집값은 못잡아서 근처 아파트 죄다 5억은 족히 넘는데 이제 막 최저시급이라도 받으면 감사한 청년들은 대다수ㅋㅋ,2026-09-15T12:35:28Z,0,0,2026-09-19T06:33:44.893221+00:00
g4h29mJufpc,Ugx8PjGFXZPSpn6XFKp4AaABAg,청약통장 의미없음..청약점수 의미도 없음..,2026-09-15T11:46:22Z,0,0,2026-09-19T06:33:44.893221+00:00
g4h29mJufpc,UgyteJV7Rlzj9D34Dap4AaABAg,의미 없음 해지하고 차라리 배당주를 사셈,2026-09-15T11:44:14Z,1,0,2026-09-19T06:33:44.893221+00:00
g4h29mJufpc,UgzWG7HJLT3zvy0e03p4AaABAg,청약 가지고 있어도 결혼안하면 겁나 의미도 없슴.. 그냥 주변 매매하는게 속편함,2026-09-15T11:42:10Z,0,0,2026-09-19T06:33:44.893221+00:00
g4h29mJufpc,Ugw4NQ0H_7XZ0-S2n4p4AaABAg,"민주당이  집권하면 , 5년후 반듯이 2배 뛴다 ㅡ집값",2026-09-15T11:30:57Z,0,0,2026-09-19T06:33:44.893221+00:00
g4h29mJufpc,UgzC5k4LACnIwFdEfZx4AaABAg,이재명이 만든 세상,2026-09-15T11:24:29Z,0,0,2026-09-19T06:33:44.893221+00:00
g4h29mJufpc,Ugxx-MlSGCou2yRTXGZ4AaABAg,"인플레라는 핑계가 너무 반가운 건설사들이 어쩔수 없이 분양가를 올렸다라고 온갖 가증스런 연기를 하고, 감독기관은 그들의 손을 들어주고 머를 받아 먹었는지...
한해에 평균 15퍼씩 올린다.

돈 있어도 안산다.",2026-09-15T11:17:32Z,0,0,2026-09-19T06:33:44.893221+00:00
g4h29mJufpc,UgyCSMTbnOBtFYW4Ug14AaABAg,청약통장 돈 넣어도 그거 다 자칭 서민들 좋은일에만 쓰임. 청약 재원으로 임대아파트 짓고 버팀목이랑 디딤돌 대출 지원해주는건데 청약 유지할 이유가 있나 싶음,2026-09-15T11:15:51Z,2,0,2026-09-19T06:33:44.893221+00:00
g4h29mJufpc,Ugy5Oplb59pdlQDgveZ4AaABAg,걍 적금 넣는다 생각하고 매달 25만원씩 자동 이체 해놓고 없는 돈이다 하는중ㅋㅋㅋㅋㅋ,2026-09-15T11:09:13Z,0,0,2026-09-19T06:33:44.893221+00:00
g4h29mJufpc,UgzuR7HmwWh8YTSDQy94AaABAg,"점수가 1등급이떠도 결국 1인가구는 절대 당첨이 될 수 없음.
진짜 벼락맞을 확률로 당첨이 된다해도 돈이없음 ㅋ",2026-09-15T11:08:29Z,0,0,2026-09-19T06:33:44.893221+00:00
g4h29mJufpc,UgyNbBi-usMaGVd_UJB4AaABAg,한달에 5만원 넣는거 그거 얼마나 된다고 해지를 하냐,2026-09-15T11:04:45Z,0,0,2026-09-19T06:33:44.893221+00:00
g4h29mJufpc,UgwxCY2ws67ZhY4n-JN4AaABAg,"앞으로는, 집을 산다고해도 그집을 팔지를 못할듯하다. 신중해지거라! 인구소멸각이다. 나혼자산다. 큰집필요없다. 현찰가지고있으면서 혼자쓰고 저먼곳으로 가는게 좋을듯.",2026-09-15T11:04:14Z,0,0,2026-09-19T06:33:44.893221+00:00
g4h29mJufpc,Ugx2WV-VJlLDQvvFjrJ4AaABAg,젊은 세대는 윗 세대 탓하면 좀 마음만 좀 편해짐?,2026-09-15T10:49:01Z,0,2,2026-09-19T06:33:44.893221+00:00
g4h29mJufpc,UgwpiTlYly8hoIATryx4AaABAg,"30대때는 모르지 사십 되가니까 온몸이 아프고 일하기 싫다 ㅜㅜ 그 빚 갚느라고 허리 휘느니 님들 많이 가져라❤ 난 진짜 포기
나는 미분양 주웠다가 포기함
지금 생각해보니 잘했음 구축적당한거 사서
복세편살 할래~~~ 다시 복세편살
욜로의 시대가 오기르를!!! 
여행다니고 맛집 다니고 즐기며 삽세",2026-09-15T10:48:32Z,0,0,2026-09-19T06:33:44.893221+00:00
g4h29mJufpc,UgydX9ZpaGFZuwjCNQh4AaABAg,당첨되도 개똥위치 제일핫바리집준다,2026-09-15T10:43:57Z,0,0,2026-09-19T06:33:44.893221+00:00
g4h29mJufpc,UgyII29hNbzc9cRXhkh4AaABAg,이재명이 꿈꾸던 세상,2026-09-15T10:35:48Z,0,0,2026-09-19T06:33:44.893221+00:00
g4h29mJufpc,UgxSt9eUMWhVbTLWcdV4AaABAg,"신혼부부건 부양가족많던 한쪽만 혜택있으면 당연히 다른쪽은 할 필요가 없어지지
요즘 미국채 이자도 5%주는데 굳이",2026-09-15T10:35:41Z,0,0,2026-09-19T06:33:44.893221+00:00
g4h29mJufpc,UgweTAb4RNDT6D10wz94AaABAg,청약통장은 적금 및 연말소득공제용으로나 사용한다 생각하고 두는게 나을듯..,2026-09-15T10:34:53Z,0,0,2026-09-19T06:33:44.893221+00:00
g4h29mJufpc,Ugxvn7YLYQq1Fuw8TQ94AaABAg,기성세대들이 집값 ㅈㄴ게 올려놔서 당첨돼봤자 대출을 어마어마하게 받아야함. 근데 대출도 막는다며?,2026-09-15T10:29:49Z,0,0,2026-09-19T06:33:44.893221+00:00
g4h29mJufpc,UgyYmF780A-KBbpy0AV4AaABAg,국민이 선택한 사회주의,2026-09-15T10:24:56Z,0,0,2026-09-19T06:33:44.893221+00:00
g4h29mJufpc,UgyYC_mZGTqP_Fu7u0t4AaABAg,전부 청약깨고 미장으로 갑시다욧!!!!!,2026-09-15T10:18:05Z,0,0,2026-09-19T06:33:44.893221+00:00
g4h29mJufpc,UgyGu_15p-_VVtCSW754AaABAg,"청약 당첨 되도 계약금 몇 천만원, 중도금 몇 억은 현금으로 가지고 있어야함. 
청약 당첨 된다고 집을 공짜로 주는게 아님.",2026-09-15T10:13:03Z,0,0,2026-09-19T06:33:44.893221+00:00
g4h29mJufpc,UgywOvAJuaXX4TnZAjZ4AaABAg,"난 아직 가지고 있음. 부동산은 돌고 돌아요. 나중에 또 어떻게 될지는 모름. 
그런데 난 아파트보다 주택이나 상가주택을 선호해서.....",2026-09-15T10:12:04Z,0,0,2026-09-19T06:33:44.893221+00:00
g4h29mJufpc,UgyxCMS-3qyLZLyhNB54AaABAg,나도 이번달에 걍 해지했음. 카톡으로 1순위 청약 추려서 오는거 보면... 분양가가 4억5억... 뭐 아무것도 안되는구나 해서 해지하고 치킨먹음,2026-09-15T10:09:03Z,0,0,2026-09-19T06:33:44.893221+00:00
g4h29mJufpc,UgxBc2er_uCGgr5g6Td4AaABAg,"대출 다 막아두고 집값은 올려놓으니까 지금 기준이 쓸모가 없음
이러니 경험해보지 못 한 나라라는 말을 했구나",2026-09-15T10:07:33Z,0,0,2026-09-19T06:33:44.893221+00:00
g4h29mJufpc,UgwsqCozHMJlYZNW40J4AaABAg,"가장 중요한건 당첨이 되고 말고가아니라 집을 살돈이 없다는거임 20,30 빡세게 모아도 1~2억 정도 일텐데 대출껴도 나한테 3~4억 또는 그이상이 있어야 되니 못먹는감 그냥 안쳐다보는게 나을지경",2026-09-15T09:57:14Z,0,0,2026-09-19T06:33:44.893221+00:00
g4h29mJufpc,UgwC7fsA2swqtc35P5h4AaABAg,마지막부분 보니까 개미들 돈 긁어모아서 있는 사람들 대출 해주고 외제차 타는 사람들이 임대아파트 들어가고 하는데 돈 대주고 했다는걸 잘알겠구만,2026-09-15T09:51:08Z,0,0,2026-09-19T06:33:44.893221+00:00
g4h29mJufpc,Ugxgq4zo1vrdvu3Ejih4AaABAg,걸려도 돈이 없는걸 머....,2026-09-15T09:50:09Z,0,0,2026-09-19T06:33:44.893221+00:00
g4h29mJufpc,UgxSu9gXfd9iK_KyjvF4AaABAg,20대초에 한 5년넣고 10년간 잊고 있다가 얼마전에 걍 해지했는데 이자쌓여서 용돈 낭낭하게 씀,2026-09-15T09:47:32Z,0,0,2026-09-19T06:33:44.893221+00:00
g4h29mJufpc,Ugzp65RrvHHah9URnct4AaABAg,분양 줬다는 수치가 있어야 건물을 더 지을 수 있을테니...,2026-09-15T09:45:25Z,0,0,2026-09-19T06:33:44.893221+00:00
g4h29mJufpc,UgwCaggbfiLxQ48Uyhx4AaABAg,초기금 중도금 상환이 불가능한 청약 ㅋㅋㅋㅋ 에휴,2026-09-15T09:44:02Z,0,0,2026-09-19T06:33:44.893221+00:00
g4h29mJufpc,UgxPqvBGUsefQHj-wnN4AaABAg,참 .... 전문가 집단 인터뷰 봐라,2026-09-15T09:42:30Z,0,0,2026-09-19T06:33:44.893221+00:00
g4h29mJufpc,Ugw0uMO3rqVAUBiQClZ4AaABAg,원래 청약통장 목적이 계약금 내라고 만든거라 못해도 청약자격을 3천만원 정도로 올려야됨.,2026-09-15T09:21:38Z,0,0,2026-09-19T06:33:44.893221+00:00
g4h29mJufpc,UgzN2KlLGU4W9r91zcZ4AaABAg,집없는 징징이들 많네 ㅋㅋ 여기서 징징거려봤자 뭐하냐,2026-09-15T09:18:38Z,0,0,2026-09-19T06:33:44.893221+00:00
g4h29mJufpc,UgycrKun62lHmra3V9J4AaABAg,월급은 안오르고 아파트값은 눈감았다 뜨면 오르는데 어케 사노 😂,2026-09-15T09:17:27Z,0,0,2026-09-19T06:33:44.893221+00:00
g4h29mJufpc,Ugx173LqsbTahmAP78F4AaABAg,"40대 후반이 될 때까지 혜택이라고 마련해 놓은 것들 지원 받아본 적이 없다. 그 때는 없었고 지금은 안된단다.
여전히 청약통장 들고는 있는데 될 거라는 기대는 1도 없다...
젊어서 청약 당첨된 사람은 줍줍으로 된 사람 이야기가 대부분이고, 돈 낸 사람 따로 혜택보는 사람 따로라면 (굳이 세금도 많이 내는데) 자기 살길은 알아서 찾아야 하지 않을까?",2026-09-15T09:08:34Z,0,0,2026-09-19T06:33:44.893221+00:00
g4h29mJufpc,UgwHjq9bn1y9aNmbPxR4AaABAg,"비혼자들은 아예 사람취급안하는게 진짜 짜증나더라
신혼특공 신혼희망타운 등등
비혼자들에게는 기회도 안줌.",2026-09-15T09:00:26Z,0,0,2026-09-19T06:33:44.893221+00:00
g4h29mJufpc,UgyxTCpWHw074SNPtb14AaABAg,분양가가 집 시세랑 비슷하거나 높은데 누가사,2026-09-15T08:59:36Z,0,0,2026-09-19T06:33:44.893221+00:00
g4h29mJufpc,UgxxZwadFP8UcoHfYJN4AaABAg,"돈없으면 집사지말고 전월세 살아 왜 비싸다고 욕하면서 집을 사려해 ㅋㅋㅋ 지방은 싫어하면서 존나 서울에서 1,2억주고 살고는 싶고 돈은없고 ㅋㅋ",2026-09-15T08:57:58Z,0,0,2026-09-19T06:33:44.893221+00:00
g4h29mJufpc,UgzC5_odTY3JgNqGZfB4AaABAg,당연한거 아냐? 당첨도 개짝센데 당첨된다 한들 살수가 없는데ㅋㅋㅋㅋ 저 잔문가도 말하네. 답없음 바로 해지해도 된다고ㅋㅋ,2026-09-15T08:55:19Z,0,0,2026-09-19T06:33:44.893221+00:00
g4h29mJufpc,Ugx1an87sSWKSfbN9Jl4AaABAg,맞긴해 지방도 신축 3~4억은 빚 지고 사야됨 ㅋㅋㅋㅋ청년들은 그냥 적금통장으로 접근하고 있음,2026-09-15T08:52:26Z,0,0,2026-09-19T06:33:44.893221+00:00
g4h29mJufpc,Ugw8QZ5ATNQPiVhyeLN4AaABAg,용인 사는데 구성 옛날 서울우유 자리에 아파트 분양 한데서 청약통장으로 신청 하려고 모델하우스 가서 상담 받았는데 30평때가 분양 가격이 10~13억 이라고해서 월요일 되자마자 천만원 들어있던 청약통장 해지했다 시발 다른 이사할때 전세 자금에 보탤라고 기다리기는 개뿔 청약있어도 분양 못받음 지방 가고싶어도 직장도 그렇고 모든 연고지가 이쪽인데 모든거 내려놓고 다른지역 가는게 쉽나ㅡㅡ,2026-09-15T08:49:28Z,0,0,2026-09-19T06:33:44.893221+00:00
g4h29mJufpc,UgxGPQsQ48OjYfOYNpB4AaABAg,아파트 설거지 해 줄 필요 없음,2026-09-15T08:47:17Z,0,0,2026-09-19T06:33:44.893221+00:00
g4h29mJufpc,UgxQ7UZZbtskeuQ7S2F4AaABAg,"청약 통장 있으면 뭐해.. 작은 집이라도 있으면, 청약통장 무쓸모인대ㅔ",2026-09-15T08:46:17Z,0,0,2026-09-19T06:33:44.893221+00:00
g4h29mJufpc,Ugy4XGgBdiL-fvOjRw54AaABAg,청약해지 해야되는거 깜빡했었는데 이거보고 생각났음,2026-09-15T08:40:10Z,0,0,2026-09-19T06:33:44.893221+00:00
g4h29mJufpc,UgwJ7JXCEd0IlHqFf2p4AaABAg,ㅆ바 신혼특공으로 된다쳐 지방도 새집 5억이야 1억~2억모아도 3억을 대출 끼고 시작 해야된다고 하아... 이게 맞냐?,2026-09-15T08:39:17Z,0,0,2026-09-19T06:33:44.893221+00:00
g4h29mJufpc,UgzpxVUjm6RuICTaVmV4AaABAg,모든아파트가 거진 10~20억하니 못사지 정부가 어떻게해야함,2026-09-15T08:33:50Z,0,0,2026-09-19T06:33:44.893221+00:00
g4h29mJufpc,UgwpR2zO552o18VT9DF4AaABAg,청약받고 집사는게 더비쌈ㅋㅋㅋㅋ,2026-09-15T08:28:18Z,0,0,2026-09-19T06:33:44.893221+00:00
g4h29mJufpc,UgzhB8vJdB4vFRsam514AaABAg,이래저래 있는 사람들은 대출이 잘 돼서 몇십채씩 갖고있고 없는 사람은 대출도 안돼 집값 비싸 엄두도 안남 없는 사람은. 집 사는걸 포기하게 만드는 구조,2026-09-15T08:26:44Z,0,0,2026-09-19T06:33:44.893221+00:00
g4h29mJufpc,UgzZwhZfRVqevMSqEMl4AaABAg,애초에 청약은 돈있는 사람만 해당되는거였음 돈없으면 결혼도 못해서 애도없고 청약 조건 달성 자체가 안됨,2026-09-15T08:26:23Z,0,0,2026-09-19T06:33:44.893221+00:00
g4h29mJufpc,UgxsP9GEmlMWAtgmZ7F4AaABAg,가점이 문제가아니라 대출을 땡겨도 불가능하다는게 제일 큰 문제인데 ㅋㅋㅋ,2026-09-15T08:20:30Z,0,0,2026-09-19T06:33:44.893221+00:00
g4h29mJufpc,Ugx_CBG5lPKedG_7pGR4AaABAg,청약10만원씩 171회 넣었는데 작년에 깨서 구축 아파트 샀음 혼자라 당첨 된다는 보장도 없을뿐더러 대출 받기는 힘듦 구축도 사면서 대출 간신히 맞춰서 샀는데 신축은 엄두가 안나더라,2026-09-15T08:13:06Z,0,0,2026-09-19T06:33:44.893221+00:00
g4h29mJufpc,UgwlNOAMQmDYhXGD5C14AaABAg,당첨되면 뭐하냐 돈이없는데 가격이 말이안된다,2026-09-15T08:07:53Z,1,0,2026-09-19T06:33:44.893221+00:00
g4h29mJufpc,UgyIy1XTeIqFOhJxoiR4AaABAg,"나도 혹시나 하는 생각으로 쥐고는 있는데, 솔직히 희망이 있어 보이지는 않음",2026-09-15T08:06:45Z,0,0,2026-09-19T06:33:44.893221+00:00
g4h29mJufpc,Ugy5Wn-yxuggaHkh-Nh4AaABAg,나도 깨고 배당주에 넣을까 생각 중인데...,2026-09-15T08:06:16Z,0,0,2026-09-19T06:33:44.893221+00:00
g4h29mJufpc,UgzLg1IkwQNpKfInnwd4AaABAg,우리 한테 돌아오는건 없는데 패널티만 더 쌓이면 ㄹㅇ 이게 맞는 정책인지 한번 쯤 돌아 봐야 하는거 아님? 이지경이 올때 까지 아무것도 안한거만 너무 무능한데,2026-09-15T07:59:06Z,0,0,2026-09-19T06:33:44.893221+00:00
g4h29mJufpc,Ugwv9L-PMR0lr6OYJ7V4AaABAg,이제 알다니 고객돈으로 기득권 좋은일들 시켰지,2026-09-15T07:49:42Z,0,0,2026-09-19T06:33:44.893221+00:00
g4h29mJufpc,UgzSFOC2uquKWszLpTR4AaABAg,나 20년 전부터 사회생활했는디 솔직히 그때부터 청약 왜 들지 싶었음. 당시엔 좀 들어도 되는 상황이긴 했는데 뭔지 모르게 뭔가 좀 안맞다는 생각이 들어서 아 몰라 하고 안들었음. 근데 지금 빚으로 살고 있긴해도 작고 초라해도 내 집있음 ㅎㅎ,2026-09-15T07:48:06Z,0,0,2026-09-19T06:33:44.893221+00:00
g4h29mJufpc,UgyyUoc289O7ozhW1Kd4AaABAg,나도 이거 의미없다생각해서 20대때 그냥 해지했어요….해지되도 아무 차이도 없음….,2026-09-15T07:41:47Z,0,0,2026-09-19T06:33:44.893221+00:00
g4h29mJufpc,UgzdWv2lyw-ppyYSAX94AaABAg,국민들이 아파트가지고 재산늘려서 중산층사면 안되니까 사다리 차버리는거지 정부에서  재산없는 사람이 늘어나면 웃는사람은 누구일까,2026-09-15T07:33:43Z,0,0,2026-09-19T06:33:44.893221+00:00
g4h29mJufpc,Ugz-PTGsiV2pxsojUml4AaABAg,"청약 가지고있어봐야 
절대 집 못사",2026-09-15T07:32:59Z,0,0,2026-09-19T06:33:44.893221+00:00
g4h29mJufpc,UgzPqFq0_Ml5qTK0Hkx4AaABAg,"자격이 나보다 더 미달인 사람이 당첨 되는거 보고 바로 청약 깨고 그 돈으로 올해 초 주식 넣었는데 맛있게 먹고 나와서 집 사는데 보태서 구매함
청약 있었을 때 보다 더 행복하게 살고 있음",2026-09-15T07:22:05Z,1,0,2026-09-19T06:33:44.893221+00:00
g4h29mJufpc,UgzoBmFvxUSIbDfBbt54AaABAg,그리고 청약도 평수가 창렬함 걍 돈모아서 사는게,2026-09-15T07:20:48Z,0,0,2026-09-19T06:33:44.893221+00:00
g4h29mJufpc,UgwPAAiywVN5XulcHm14AaABAg,오 나도 저번달에 해지했는데...,2026-09-15T07:19:11Z,0,0,2026-09-19T06:33:44.893221+00:00
g4h29mJufpc,Ugy5kFt5v0LVWRXL3zJ4AaABAg,얘들아 절대 그래도 해지하지마라 ㅋㅋ 그냥 적금이라 생각하고 넣어둬라 절대 해지마라,2026-09-15T07:17:11Z,0,2,2026-09-19T06:33:44.893221+00:00
g4h29mJufpc,UgzD-s4St_PJG2GMPIt4AaABAg,재명아!,2026-09-15T07:17:04Z,0,0,2026-09-19T06:33:44.893221+00:00
g4h29mJufpc,UgyD1TNDORffszogT9d4AaABAg,분양가가 미쳐서 ...  되도 난감,2026-09-15T07:12:14Z,0,0,2026-09-19T06:33:44.893221+00:00
g4h29mJufpc,UgwRTd3gD6eqpTTrSKl4AaABAg,애초에 현금 갖고 있어야하고 대출 해봐야 연예인 비례해서 나오지도 않는데 청년한테 청약 가입 강조하면서 그 돈 모아서 이자 불리는 은행과 정책이 문제인거지,2026-09-15T07:10:35Z,0,0,2026-09-19T06:33:44.893221+00:00
g4h29mJufpc,UgwPr1dTm1TXaks3kt54AaABAg,"교육이든 정책이든
통제와 압박은 당장 눈 앞에 결과가 바뀌기는거 같지만 시간이 지나면 지날수록 큰 화로 되돌아온다",2026-09-15T07:09:38Z,0,0,2026-09-19T06:33:44.893221+00:00
g4h29mJufpc,UgyFgzUXXd0GUa3sziJ4AaABAg,투자가아니라 거주목적인데도 당첨되면 못삼…,2026-09-15T07:01:21Z,0,0,2026-09-19T06:33:44.893221+00:00
g4h29mJufpc,UgzaUbXzrJA3jx__sjd4AaABAg,근데 임대주택에 청약통장 납부기한이 가산점이긴한데,2026-09-15T06:54:30Z,0,0,2026-09-19T06:33:44.893221+00:00
g4h29mJufpc,UgzZokLYAB9u4S9KYM54AaABAg,정치인들이 다 해쳐먹음 끝,2026-09-15T06:52:54Z,0,0,2026-09-19T06:33:44.893221+00:00
g4h29mJufpc,UgyFNd7EOF8KVvpwl5t4AaABAg,이런거 보고 해지하는 사람들보다 우위에 서려면 그냥 갖고 있어야겠다,2026-09-15T06:47:14Z,0,0,2026-09-19T06:33:44.893221+00:00
g4h29mJufpc,UgwwX5bWe3SFDzWRMlx4AaABAg,ㅋㅋ 정책은 바뀌기 마련인데 성급하네,2026-09-15T06:41:38Z,0,0,2026-09-19T06:33:44.893221+00:00
g4h29mJufpc,Ugz48h2rjaCe5Bgj3ed4AaABAg,이제 사다리 끊김,2026-09-15T06:33:31Z,0,0,2026-09-19T06:33:44.893221+00:00
g4h29mJufpc,UgxIsxSrwSNAPM0Y59d4AaABAg,"청약되도 주담대 대출 다처막았는데
청약은 무슨 ㅋㅋ",2026-09-15T06:21:53Z,0,0,2026-09-19T06:33:44.893221+00:00
g4h29mJufpc,UgxyWzO-rpzhyuHRUXx4AaABAg,분양 전환 되는 임대 아파트 청약 통장으로 당첨되어서 어떻게든 대출받고 퇴직금까지 땡겨받아 6년차에 조기분양 받았는데 임대 살 때보다 가난해짐. 우리집만 생각하면 내 집이다 해서 희망 가지고 살겠지만 주변 이웃들 임대 유지하는 사람들보면 여행도 다니고 더 풍족하게 잘 살음... 결과적으로 내 집 마련했다는 안정감보다 임대 주택 임차인으로 사는 복지가 안정감이 더 큰 상태,2026-09-15T06:17:01Z,0,0,2026-09-19T06:33:44.893221+00:00
g4h29mJufpc,UgzEBuP5lusNSE8Z-o54AaABAg,"노무현 정부떄 집 값 폭등 
문재인 정부떄 집 값 폭등 
진짜 이떄만 두배 가까이 오름 ㅋㅋ
노무현떄 두채 문재인떄 한채 구매한 부모님 ㄹㅇ 감탄스러움 
진보 뽑히면 공격적으로 실물+안전자산 = 부동산 투자해야된다고 했던 부모님 ㄹㅇ 대단함",2026-09-15T06:13:46Z,1,0,2026-09-19T06:33:44.893221+00:00
g4h29mJufpc,UgwhjT-8y3y40vttKcZ4AaABAg,왜 해지하겠냐 주식 물려서 물타기  시드가 없어서 그렇지,2026-09-15T06:12:47Z,2,0,2026-09-19T06:33:44.893221+00:00
g4h29mJufpc,Ugzcp9_SnkVyV8D7gGh4AaABAg,애초에 하는거 자체가 이해가 안됐음 이거할빠에 냉정하게 은행 예금이 나음 친구들한테 다말렸는데,2026-09-15T06:12:12Z,0,0,2026-09-19T06:33:44.893221+00:00
g4h29mJufpc,UgyR51igcTPakm_x_IB4AaABAg,"집없는 사람들 구제방편으로 만든 제도가 어떻게 하다 이지경이 났는데 이걸 당연히 생각하는 정부도 골때리고....
청약제도 개편할 생각 아~~~무도 안하는걸 보면  어떤 정부도 있는사람들 편이라는걸 부정할수가 없네",2026-09-15T06:07:08Z,1,0,2026-09-19T06:33:44.893221+00:00
g4h29mJufpc,Ugx31EsD7_iNBq3oTSN4AaABAg,"나만 깬게 아니구나,,",2026-09-15T06:04:33Z,0,0,2026-09-19T06:33:44.893221+00:00
g4h29mJufpc,UgxK2sFQ1xhfFAtTVaR4AaABAg,저도 천만원이 넘는 돈이 청약통장에 묶여 있는데 1인가구고 앞으로도 그럴 가능성이 높은지라 고민중이네요. 서울은 아닐지라도 경기도권내에서 보고 있는데 입지가 괜찮은 곳은 분양가가 천정부지라 어려울거 같고 이러면 일하기 어려운 나이가 되면 현금성 자본으로 주식이나 채권등으로 배당 혹은 이자소득으로 생활을 꾸리는 형태로 나가면서 집은 지방 광역시에 저렴한 것으로 매수하는게 낫지 않나 싶기도 합니다. 저런 신축이 되더라도 결국 20~30년 금리 3~7%로 매월 족쇄를 찬체 살아야 하는데 40세에 청약이 되었다고 한들 최소 20년이면 60세 즉 은퇴할때까지 갚아나가야 한다는 이야기니 그게 맞는지 모르겠네요. 서민이면 오히려 주거지에 대한 비용을 줄이고 노후를 대비해서 금융소득을 만드는게 맞다고 생각이 듭니다.,2026-09-15T06:00:54Z,0,0,2026-09-19T06:33:44.893221+00:00
g4h29mJufpc,UgwYuQTKAUxWkYixP-94AaABAg,그냥 소액 적금든다 생각하고 놔둔다,2026-09-15T05:57:57Z,0,0,2026-09-19T06:33:44.893221+00:00
g4h29mJufpc,UgyCn21QlWndfPg1UsJ4AaABAg,90년대생들이 날개를 피게해줘야하는데 왜 계속 90년대생이 못살게만드냐~,2026-09-15T05:54:18Z,0,0,2026-09-19T06:33:44.893221+00:00
g4h29mJufpc,UgyL2z2GCxfgQifZ6W94AaABAg,이재명정부의 부동산 완화정책 실패때문임,2026-09-15T05:49:58Z,0,0,2026-09-19T06:33:44.893221+00:00
g4h29mJufpc,UgzFadQSACMqLhHqqNp4AaABAg,당장 원룸 월세 내는 걸로도 빠듯한데 청약을 어떻게 해...,2026-09-15T05:49:27Z,0,0,2026-09-19T06:33:44.893221+00:00
g4h29mJufpc,UgyvkMi7oOt7wt7hLzx4AaABAg,ㅈ도쓸모없어진 정책ㅋㅋ,2026-09-15T05:49:05Z,0,0,2026-09-19T06:33:44.893221+00:00
g4h29mJufpc,UgxlKQ6vcaT2ZboxwR94AaABAg,청약을 왜하냐? 로또에 남의 배 불려주는 일을 주식에나 투자해라 미국 snp500에 계속 짱박아라 어차피 결혼도 안하고 혼자 살건데 미래를 설계해야지,2026-09-15T05:48:46Z,0,0,2026-09-19T06:33:44.893221+00:00
g4h29mJufpc,UgxMmW-UR0WcrN4Q2uN4AaABAg,"청년층은 당첨돼봐야 들어가서 살지를 못하는데 굳이?ㅋㅋㅋ
40대 이상을 위한 복권인듯",2026-09-15T05:48:29Z,0,0,2026-09-19T06:33:44.893221+00:00
g4h29mJufpc,Ugxwk9OfUDjnrpss6FR4AaABAg,집사면 개 역적 취급하는 나라에서 ㅋㅋ 청약통장의 가치란,2026-09-15T05:48:15Z,0,0,2026-09-19T06:33:44.893221+00:00
g4h29mJufpc,UgzdRUwHi7Oo-D6uLeJ4AaABAg,"잼버리, 섬박람회 이런것만 안해도 좋을듯. 다 청년탓을 할 필요는 없지",2026-09-15T05:46:31Z,0,0,2026-09-19T06:33:44.893221+00:00
g4h29mJufpc,UgyC85-rjLpwOYocQuF4AaABAg,당첨되도 돈이 부족해요 대출해도 부족하고 대출한다해도 이자값이 너무 높구요 당연히 포기하죠 부모빽없이는 못사요,2026-09-15T05:45:05Z,0,0,2026-09-19T06:33:44.893221+00:00
g4h29mJufpc,Ugw9-Lc1ZqjWARSNc8x4AaABAg,타먹는 사람은 더 돈도 많고 꼼수로 먼저 타먹는,2026-09-15T05:44:08Z,0,0,2026-09-19T06:33:44.893221+00:00
g4h29mJufpc,UgwOrBPv8aTQ6ZaVgkd4AaABAg,"청약되도 살 돈도 없고, 순살아파트로 불안하고, 대출로 들어간다 해도 이자보다 월세가 싸고, 1인가구라 점수도 제대로 못 받아서 확률도 떨어지고,
월 25만원으로 올려버리니 목돈을 계속 묶어 두는 것보다 혼자 가는 인생, 하고 싶은거에 쓰거나 다른 곳에 투자하는게 더 낫다고 생각해서 해지했지....",2026-09-15T05:42:52Z,0,0,2026-09-19T06:33:44.893221+00:00
g4h29mJufpc,UgxBauQE-Dqa-BJ8x5N4AaABAg,2년전에 인천 청약당첨됬는데 너무 비싸서 포기....지금 시세보니까 분양가에서 30% 집값 떨어져서 무리해서 안산게 다행이었음,2026-09-15T05:42:21Z,0,0,2026-09-19T06:33:44.893221+00:00
g4h29mJufpc,Ugy_quuGAolRW2rkcO14AaABAg,왜 2030에만 집중되는지 모르겠다. 4050중에도 집없는 사람 많던데요. 20대에 아파트 사는게 노멀한건 아니지. 다양한 세대를 위해 생애 첫 주택구입시 대출 한도나 이자 등 혜택을 주면 좋겠어.,2026-09-15T05:41:15Z,0,0,2026-09-19T06:33:44.893221+00:00
g4h29mJufpc,Ugya5J9gH2GunmNXxyZ4AaABAg,저도 얼마전에 해지했습니다............그냥 썩힐바에 목돈 찾아서 굴리려구요,2026-09-15T05:37:57Z,2,0,2026-09-19T06:33:44.893221+00:00
g4h29mJufpc,UgxD-XjZpkQn-uO6QpZ4AaABAg,유지하면서 외곽으로 시선을 돌리면 가능한거같은뎁…..,2026-09-15T05:30:40Z,0,0,2026-09-19T06:33:44.893221+00:00
g4h29mJufpc,UgxMLjB3Do0T3mKfVz94AaABAg,구래도 건물주는 넘쳐나고 공실은 없는 매직오브매에직~~~~,2026-09-15T05:30:34Z,1,0,2026-09-19T06:33:44.893221+00:00
g4h29mJufpc,UgwY-6XsMlhRUtqWZuV4AaABAg,"분양가가 이제 넘사임 ..
지방은 공실 넘쳐나는데도 분양가 평당 2500선임ㅋㅋ 하나만걸려라는 마인드",2026-09-15T05:28:08Z,1,0,2026-09-19T06:33:44.893221+00:00
g4h29mJufpc,Ugz_KNzgytu7eqJDQ_N4AaABAg,"당첨돼도 돈이 있어야 살 수 있고 대부분 빚내서 사야됨
난 개인적으로 자가를 사지 않는 게 나은 시대라고 생각함 너무 터무니 없이 비싼 게 제일 큰 이유
죽을 때까지 대출금 갚는 기계가 되는 것이거나 
기껏 샀더니 집에 문제 생기거나 맘에 안 들거나 안 팔리거나 집값 떨어지거나 위험 변수가 너무 많음
난 평생 월세로 살 예정 좀 불안정하긴 해도 직장이랑 가깝게 자유롭게 살고 싶음 언제 죽을지도 모르는 게 인생인데 거기에 올인하기도 불안함",2026-09-15T05:25:32Z,2,0,2026-09-19T06:33:44.893221+00:00
g4h29mJufpc,Ugz4bKmvGgOwSaLEM6h4AaABAg,청약된 집으로 집담보 대출도 안되는데 뭐하러 청약함 ㅋㅋㅋㅋㅋ,2026-09-15T05:23:14Z,0,0,2026-09-19T06:33:44.893221+00:00
g4h29mJufpc,Ugy8R5Z-V1xL_OOW4IB4AaABAg,10년전만해도 청약되면 로또였음 1억정도 넣으면 사자마자 4억에서 5억정도였으니 지금은? 분양가랑 청약가랑 똑같음 굳이 청약을 할 이유가 없다~ 그렇다고 당첨되면 돈버는 로또 청약은? 투기과열로 대출규제다~~ 답이없쥬? 청약시스템도 개선을 하긴 해야됩니다,2026-09-15T05:21:54Z,0,0,2026-09-19T06:33:44.893221+00:00
g4h29mJufpc,UgxmszDg-_KtqkFmh9N4AaABAg,청약할돈으로 etf나 배당주 사라 그게 집살수 있는 유일한 사다리임,2026-09-15T05:18:42Z,0,0,2026-09-19T06:33:44.893221+00:00
g4h29mJufpc,UgxN9lJl25shjHHtm5J4AaABAg,"오히려 지방에서는 청약 원가보다.
분양권 마피로 입주하는게 더 메리트 있음 ㅎ 동, 호수도 고를수 있고.",2026-09-15T05:15:38Z,0,0,2026-09-19T06:33:44.893221+00:00
g4h29mJufpc,UgwHBSBYF-7Kz1ea8eF4AaABAg,그러면 청약 계속 하는 게 나을까요 아니면 청약 모아둔 돈을 적금하는 게 나을까요...??,2026-09-15T05:15:25Z,0,0,2026-09-19T06:33:44.893221+00:00
g4h29mJufpc,UgyJqyoMKDrl_H4FQMl4AaABAg,대출 100프로 무이자 안되겠지 ㅋ,2026-09-15T05:13:17Z,0,0,2026-09-19T06:33:44.893221+00:00
g4h29mJufpc,UgynyTe7WiBZ-DPeeIh4AaABAg,난 참아야지 😢,2026-09-15T05:02:05Z,0,0,2026-09-19T06:33:44.893221+00:00
g4h29mJufpc,Ugy1Hlv3bQSF7FwBxgd4AaABAg,청약 당첨은 곧 정신병이 생기는 약 삶을 그냥 빚쟁이로 바꿔버리는 약,2026-09-15T05:00:30Z,0,0,2026-09-19T06:33:44.893221+00:00
g4h29mJufpc,UgxsrgjbX-QHT2iaU6V4AaABAg,생초나 신혼부부 정책대출 받을때 이자 깎으려면 필요함~,2026-09-15T04:54:15Z,0,0,2026-09-19T06:33:44.893221+00:00
g4h29mJufpc,UgyRasMESFVBOwzAaHl4AaABAg,2010년 이전에는 필요했지만... 지금 집값이 미쳐도 단단히 미쳤는데도 계속 그 가격이 실거래가 되니깐... 더 돌아버림~ ㅋㅋ,2026-09-15T04:52:17Z,0,0,2026-09-19T06:33:44.893221+00:00
g4h29mJufpc,UgwxeOCozK5jKmVZRMl4AaABAg,"공공임대주택 웃기네. 집에 대한 꿈을 가진 국민들에게 청약이랍시고 돈 걷어서 만든 공공임대주택 누구를 위한 주택인거냐?
1억포르쉐 가진놈들이 떡하니 자리잡고 있고 정작 집없는 서민들은 조건조건따져가며 주지도 않는 짓거리에 누구 돈을 이용해 쳐먹냐.",2026-09-15T04:51:57Z,0,0,2026-09-19T06:33:44.893221+00:00
g4h29mJufpc,UgxgMzwnI94sxQ1j4GV4AaABAg,"다 포기하고 있다고? 
현금쌓아놓고 있던 내가 이 기회만을 잡으려고 그동안 원화체굴 존나 했찌 
빨리 다 포기해라 좋은집 내가 사드릴라니까",2026-09-15T04:50:57Z,1,0,2026-09-19T06:33:44.893221+00:00
g4h29mJufpc,UgziW2_lThg5VjgEegZ4AaABAg,아....나도 그냥 해지해야겠다...의미없네,2026-09-15T04:48:51Z,0,0,2026-09-19T06:33:44.893221+00:00
g4h29mJufpc,UgwgnDOQkuNfFaLRG6Z4AaABAg,청약돼도 넣을돈이 없는데......,2026-09-15T04:43:55Z,0,0,2026-09-19T06:33:44.893221+00:00
g4h29mJufpc,Ugz3UbXClBAsflDvAlp4AaABAg,없는 사람도  똑똑한 사람들 많이생기네  --  난 대출 안될꺼 알고  7년전에 깼는데 --- ㅎㅎ 그리고 이자가 너무 비싸 집값도 비싸고,2026-09-15T04:40:40Z,0,0,2026-09-19T06:33:44.893221+00:00
g4h29mJufpc,UgyfGCkQDb6-PfGPPel4AaABAg,"청약은 아파트 사려고 하는 게 아니라 LH임대나 다른 사업 응모할 때 가산점 얻으려고 쓰는 거 ㅋㅋ

아파트 절대 못 삼..",2026-09-15T04:39:20Z,0,0,2026-09-19T06:33:44.893221+00:00
g4h29mJufpc,UgzqBAavtdhtaqkYWjR4AaABAg,해지함 . 16년넣은거 ~ 오히려 하고나서 돈생긴것같아 더 떳떳해짐,2026-09-15T04:30:56Z,0,0,2026-09-19T06:33:44.893221+00:00
g4h29mJufpc,UgyTukMXoY7omQjThKl4AaABAg,항상 저점에 손절하면 가난을 못벗어나,2026-09-15T04:20:55Z,0,0,2026-09-19T06:33:44.893221+00:00
g4h29mJufpc,UgyLXYRIRbf4Sk0w7AN4AaABAg,"과거 청약통장을 유지하는 이유
로또랑 비슷한 서민들의 기회였기 때문에

근데 지금 나오는 아파트들은 분양가 상한제가 적용이 안되어 그지역 시세아파트보다 더 비싸게 청약으로 나옴 이게 진짜 어이가없음 ㅋㅋㅋㅋㅋ하...아니 표 얻을려고 일안하는 거지들한테 푼돈은 잘 뿌리면서 
왜 내집마련할 수 있는 기회는 안주는거지? 이걸 모순인걸 모르는 저소득층들이 진짜 안타깝고 욕도 아깝다.",2026-09-15T04:20:50Z,1,0,2026-09-19T06:33:44.893221+00:00
g4h29mJufpc,Ugw5TGoNIdonvvyBH4F4AaABAg,필요가없는 ㅋㅋ 고소득자 사용가능,2026-09-15T04:13:58Z,0,0,2026-09-19T06:33:44.893221+00:00
g4h29mJufpc,UgziLa4Niv438DAuxjx4AaABAg,애진작에 탈출함 코로나때ㅋㅋ,2026-09-15T04:09:10Z,0,0,2026-09-19T06:33:44.893221+00:00
g4h29mJufpc,UgyLdS6Bbjya6iW-_UJ4AaABAg,나라가 완전 개판이네 이게 머냐 도대체~~ 희망이 없는 나라~~,2026-09-15T04:08:13Z,0,0,2026-09-19T06:33:44.893221+00:00
g4h29mJufpc,UgzmhQGsy4CMlkpxh2R4AaABAg,"별 거 있나.. 
더 가진자들에게 받아서 못 가진자들에게 펼쳐야 하는거지. 
당연히 반발이 나오겠지만 그거 아니면 없을거 같은데?",2026-09-15T04:07:22Z,0,0,2026-09-19T06:33:44.893221+00:00
g4h29mJufpc,Ugz2147SeeQgzwbFZdx4AaABAg,"청약 통장은 건설사와, 은행과 합작한 꼼수",2026-09-15T04:05:15Z,0,0,2026-09-19T06:33:44.893221+00:00
g4h29mJufpc,UgwWxwqbh36Wz4YmDgh4AaABAg,"사청 당첨 되면 뭐하냐 계속 미뤄지고 분양가는 지ㅈ대로 오르고 대출은 안 해줘
국민들 가지고 장난치나",2026-09-15T03:58:34Z,0,0,2026-09-19T06:33:44.893221+00:00
g4h29mJufpc,UgzK0f-SZcuqJaHnNKZ4AaABAg,"그냥 적금마냥 돈모은다 생각하고
조금씩넣으면서
연말정산혜택보고있는데
굳이 해지를해야하나요??
(궁금해서)",2026-09-15T03:54:47Z,0,0,2026-09-19T06:33:44.893221+00:00
g4h29mJufpc,UgygbabaWyJayl50LYp4AaABAg,20~30개 넣어도 당첨안되는데 의미없는 돈묶음을 왜 함??,2026-09-15T03:53:52Z,0,0,2026-09-19T06:33:44.893221+00:00
g4h29mJufpc,UgzQs8pdrhuGTBbJ50Z4AaABAg,청약 깨서 주식시장 넣은게 아닌지...주식으로 자산 불려서 다시 아파트 사려고 하겠쥬... 어쨌든 아파트 가격이 높아서 그런건 일맥상통하네요.,2026-09-15T03:48:48Z,0,0,2026-09-19T06:33:44.893221+00:00
g4h29mJufpc,Ugyfklc2CI_NleP_nPd4AaABAg,나도 이번에 그냥 구석지 싼집 사고 해지해버림 의미 1도없음,2026-09-15T03:46:05Z,0,0,2026-09-19T06:33:44.893221+00:00
g4h29mJufpc,UgzgkajgZaf6ENe3wPx4AaABAg,청약이 어차피 안될테지만 당첨돼도 돈이 없는데 ㅋㅋㅋ 무슨,2026-09-15T03:24:08Z,0,1,2026-09-19T06:33:44.893221+00:00
g4h29mJufpc,UgyebZzaYm58nP9ilYt4AaABAg,"언제 어떻게 바뀔지 모른다
무조건 가지고 있거라",2026-09-15T03:08:35Z,0,0,2026-09-19T06:33:44.893221+00:00
g4h29mJufpc,UgxNvEzN6qfJ_6fkOv94AaABAg,모르겠음 20대후반인데 연애도하기싫고 그냥 직장다니다 혼자게임이나 하고  월세나 전전하다 고독사할거같음,2026-09-15T03:05:03Z,0,0,2026-09-19T06:33:44.893221+00:00
g4h29mJufpc,UgwV9le1Cfal9-ZEONh4AaABAg,명심해라 서울 집값은 지금이 저점이다 내년에도 10년 뒤에도 항상 저점이다. 미국etf만큼 안전하게 돈 불리는게 서울 주택이다,2026-09-15T03:02:33Z,0,0,2026-09-19T06:33:44.893221+00:00
g4h29mJufpc,UgyWOk0aUr6KkHXdVpR4AaABAg,너무 비싸니까,2026-09-15T03:01:53Z,0,0,2026-09-19T06:33:44.893221+00:00
g4h29mJufpc,UgygQ_1KY8HJ2vR4AXZ4AaABAg,"개팔육이 힘든 시기 다 지나고 태어나서 개꿀빠는 인생 살다가
대한민국 경제 성장기에 한정된 자원 먼저 태어났다는 이유로 다 선점해버렸으니 ㅋㅋㅋ
연금도 몇백만원 쳐내고 억대로 받아가면서도 20대 더 쥐어짜라는 미친 세대 ㅋㅋㅋㅋ",2026-09-15T02:57:37Z,1,0,2026-09-19T06:33:44.893221+00:00
g4h29mJufpc,UgxLSuOeXFUhvjeXdMl4AaABAg,"소득이 낮아야 당첨시켜주는데 대출은 연봉이 높아야 나오고 정책이 머 이러지??
부동산 가격 누가 이렇게 작살내놨냐! 박그네때 서울 집값 비싸다고 알바해서 숨만쉬고 돈모아서 10년20년  드립을 개콘에서 치던 개그맨들 다 어디갔냐 ㅋㅋㅋ",2026-09-15T02:51:30Z,0,0,2026-09-19T06:33:44.893221+00:00
g4h29mJufpc,UgwQnGbMSo9I_Mw1Vpd4AaABAg,돈도 없고...조건도 안되고..😢,2026-09-15T02:51:09Z,0,0,2026-09-19T06:33:44.893221+00:00
g4h29mJufpc,UgzXNP7XxcR84OUSPQ14AaABAg,"난 저거 몇년전에 깨서 고기 사먹고 부모님 여행 보내줘는데 .. 
1인가구는 무쓸모임 유지 할 이유가 1도 없심",2026-09-15T02:47:18Z,0,0,2026-09-19T06:33:44.893221+00:00
g4h29mJufpc,UgwNPTICF6qZ3ySHy514AaABAg,"부동산 가격을 더 내려라 
대출은 얼마 안해주면서 집값은 5억 10억이야 ㅋㅋㅋㅋㅋ 지금보다 반이상은 더 내려야한다",2026-09-15T02:43:34Z,0,0,2026-09-19T06:33:44.893221+00:00
g4h29mJufpc,UgyjKguYiDhmFM68LeV4AaABAg,당첨 -> 계약금 개비싼데 돈 없음 -> 대출 안됨 -> 와중에 계약 했다 쳐도 공사수준 개 꾸데기임,2026-09-15T02:36:32Z,0,0,2026-09-19T06:33:44.893221+00:00
g4h29mJufpc,UgzndkmBORBSSuSTVht4AaABAg,"평수 작은 빌라는
애초에 기초수급자나 차상위말고는
2,3순위는 아무리 신청해도 거의 불가능
아파트는 신혼부부, 신생아 특공도 빡심
청약은 세액 공제 아니고 소득 공제임
본인이 소득 구간 애매하게 넘어가서 이걸로 소득공제 하면 구간이 내려간다 또는 기초수급자, 차상위계층 / 신혼부부, 신생아 있는 집이면 300~1500만원정도 선택으로 넣은 후 납입 끊고 유지가 맞는거 같고 아무것도 해당 안되면 300 채우고 납입을 멈추든가 그냥 안넣어도 무방해보임",2026-09-15T02:33:28Z,0,0,2026-09-19T06:33:44.893221+00:00
g4h29mJufpc,Ugwaj-aCdkuCo_kXWZV4AaABAg,"그니까 결혼을 해야 점수가 올라가서 집을 구매가능한 기회가 높아지는데
집이 있어야 결혼을 할수있다고?",2026-09-15T02:31:09Z,0,0,2026-09-19T06:33:44.893221+00:00
g4h29mJufpc,UgwIb9rzWG3G0m_9zNd4AaABAg,지방은 좋은 위치는 아파트가 안들어오고 다 외곽이니까 따로 청약할 이유가 없지,2026-09-15T02:30:09Z,0,0,2026-09-19T06:33:44.893221+00:00
g4h29mJufpc,UgxSxl27T8DvrKjLORx4AaABAg,청약당첨되면머하노 집값이 개긋이비싼데 ㅋㅋㅋ,2026-09-15T02:27:16Z,0,0,2026-09-19T06:33:44.893221+00:00
g4h29mJufpc,UgylC_NYNaad4bV1-G94AaABAg,8인가구에 단한번도 내 집가져본적없고 청약들어놨으면 1순위인가요??,2026-09-15T02:25:24Z,0,0,2026-09-19T06:33:44.893221+00:00
g4h29mJufpc,UgwMofXUTPinB5Gfk8Z4AaABAg,앵간이 비싸야지,2026-09-15T02:20:10Z,0,0,2026-09-19T06:33:44.893221+00:00
g4h29mJufpc,Ugw4ZuhjXscg01MJR8h4AaABAg,드럼통 : 이세상의 모든 사다리를 걷어 차주마.,2026-09-15T02:08:39Z,0,0,2026-09-19T06:33:44.893221+00:00
g4h29mJufpc,Ugxbnmp1WelPUJcNypJ4AaABAg,장난질이지 옛날부터,2026-09-15T02:03:33Z,0,0,2026-09-19T06:33:44.893221+00:00
g4h29mJufpc,UgzOshUZp4-uW6L9ggt4AaABAg,다 떠나서 분양가가 말이 안된다고... 저흰 그냥 구축사서 리모델링 했습니다..^^ 청약포기.,2026-09-15T02:02:54Z,0,0,2026-09-19T06:33:44.893221+00:00
g4h29mJufpc,UgwIyZIVQhp7iCJNgPt4AaABAg,몇십억에 파는걸 당첨까지 해?,2026-09-15T01:59:43Z,0,0,2026-09-19T06:33:44.893221+00:00
g4h29mJufpc,UgxhgOi8LjcaJtmprQN4AaABAg,건설사 돈벌게 청약통장으로 돈땡겨 대출받아서 빚노예만들어 그동안 전세들어가서 있는 집주인들 자금만들어줘 아주 골수에 껍데기까지 다빨아먹어라 미래가 없다,2026-09-15T01:53:30Z,0,0,2026-09-19T06:33:44.893221+00:00
g4h29mJufpc,UgzOXj3qB0vhnyzSCBx4AaABAg,결혼상대가 결혼후까지 집을 소유한 이력이 있었는지 잘 알아봐야합니다. 열심히 청약통장 모았어도 신혼특약안되서 그냥 집샀음요,2026-09-15T01:45:58Z,0,0,2026-09-19T06:33:44.893221+00:00
g4h29mJufpc,Ugw3E2rCahQHBgltWCJ4AaABAg,곳곳에 미분양 천지다,2026-09-15T01:45:38Z,0,0,2026-09-19T06:33:44.893221+00:00
g4h29mJufpc,UgwPxLP9t-udA35_kgJ4AaABAg,청약보다 그냥 줍줍이 더쌈 ㅋㅋㅋ,2026-09-15T01:44:45Z,0,0,2026-09-19T06:33:44.893221+00:00
g4h29mJufpc,Ugwmolv1tlT367kYzkZ4AaABAg,당첨되고 청약 다시 넣는중인데 그냥 적금이라 생각하고 넣는중ᆢ 나중에 정책이 또 바뀔수있기때문에,2026-09-15T01:39:09Z,0,0,2026-09-19T06:33:44.893221+00:00
g4h29mJufpc,Ugyr9kTB9mdJ9A0lHk14AaABAg,국민 돈 다 없애고 중국을 위한 가짜통령때문이지 뭐,2026-09-15T01:34:57Z,0,0,2026-09-19T06:33:44.893221+00:00
g4h29mJufpc,UgxB5hjiF3cJJLQHvw94AaABAg,청약가입한지 8년정도 됐는데 3만원씩만 넣다가 10만으로 바꾼지 3개월됨..1인 가구임. 자본이 넉넉한것도 아님. 이럴 경우엔 그냥 해지하는게 답이겠죠..? 넣어온 세월이 아까워서 괜히 쉽게 해지를 못하겠음ㅠ,2026-09-15T01:33:36Z,0,0,2026-09-19T06:33:44.893221+00:00
g4h29mJufpc,Ugxi-_BiiK4U7j2Vyg54AaABAg,신혼부부 청약하면뭐해  2자녀이상되야 추첨에나 들어가다가  이제는 무슨 결혼 몇년이하만 가능하고.... 에효   신혼부부면 그냥 다 추첨으로 하든가.....  무슨 수십억짜리 청약된 연예인 얘기만 들리고   청약통장 안한다안해,2026-09-15T01:29:59Z,0,0,2026-09-19T06:33:44.893221+00:00
g4h29mJufpc,Ugxd49gd3JBN02RG1Ct4AaABAg,미친척 하고 좀 부동산 잡아봐라 제발. 공급 많이 풀고. 시세 오른걸 팔 땐 구매가와 비교해서 불로소득 세금을 더 많이 떼고 하면 당장은 아니더라도 자연스럽게 낮아지겠지. 지금은 뭔 아파트 모임에서 집값 담합으로 올리고 꼴깝떨고 난리들인데 걔들 지지율 떨어질까봐 쫄고있지 말고 진짜 큰 변화와 결단이 필요하다..,2026-09-15T01:28:04Z,0,0,2026-09-19T06:33:44.893221+00:00
g4h29mJufpc,UgyTwvJUuxAbrmWZYlx4AaABAg,그래도 청약 꾸준히 들어놓으면 좋아요 나중에 60회 이상 넣어놨으면 대출 할인 받을 수 있어요! 결혼할때 혜택 봤네요,2026-09-15T01:21:09Z,0,0,2026-09-19T06:33:44.893221+00:00
g4h29mJufpc,UgwexlDDpQXzGZWNP6Z4AaABAg,도전할 만한 금액이어야 유지를 하던 말던 하지.,2026-09-15T01:14:23Z,0,0,2026-09-19T06:33:44.893221+00:00
g4h29mJufpc,Ugymk_1v_DaVJzG9sMt4AaABAg,"돈도그렇고
LH는 부실공사 여전하잖아 ㅋ",2026-09-15T01:12:14Z,0,0,2026-09-19T06:33:44.893221+00:00
g4h29mJufpc,Ugz-e7mq9V5KvJ05bQZ4AaABAg,궁금한데 분양가 상한제도로 인해서 동탄쪽만보더라도 분양가 6억대 간혹 보이던데 이건 할만하지않나요? 왜 10억 20억 분양 아파트를 노리는건가요..?,2026-09-15T01:12:11Z,0,1,2026-09-19T06:33:44.893221+00:00
g4h29mJufpc,UgxnbmAFOi5_ILJQsKJ4AaABAg,지방에 거주라 그냥 올해 해약하고 집사는데 보탬. 너도나도 1위인데 신축은 분양가도 높고,2026-09-15T00:52:54Z,1,0,2026-09-19T06:33:44.893221+00:00
g4h29mJufpc,UgyRY4qt_NtdWF54cYR4AaABAg,"정치인을 잘 뽑아야 하는 이유가 2020년대 들어 팡팡 터지는 중.
주택청약도 그렇고 국민연금도 그렇고..
정부의 대국민 사기극이었던 게지.",2026-09-15T00:50:38Z,0,0,2026-09-19T06:33:44.893221+00:00
g4h29mJufpc,UgwiMpDJXc9oP4-ZHQ14AaABAg,대출제한을 걸고 지원도 아파트는 뺐는데 뭣하러 들어 ㅋㅋㅋ 폐버스에나 살라는거지,2026-09-15T00:45:26Z,0,0,2026-09-19T06:33:44.893221+00:00
g4h29mJufpc,Ugw_OEtA_wT_7lTYtpN4AaABAg,대출 6억은 그래도 잘한거다. 막말로 돈이 없는 사람들 6억 대출을 어떻게 갚누.연봉이 1억이 넘어도 6억대출 어휴,2026-09-15T00:45:13Z,1,0,2026-09-19T06:33:44.893221+00:00
g4h29mJufpc,Ugx9keeokhdXf1KNPhx4AaABAg,청약만큼 의미없는게 있을까 당첨돼봤자 살돈이 없는데,2026-09-15T00:35:23Z,0,0,2026-09-19T06:33:44.893221+00:00
g4h29mJufpc,Ugz3pHLpx-nFMctgWtR4AaABAg,청약통장 -> 피 같은 돈 모아서 연예인이나 있는 집 자식들 집 지어주는 시스템,2026-09-15T00:35:10Z,1,0,2026-09-19T06:33:44.893221+00:00
g4h29mJufpc,Ugw6Zl4xDh8Rh2S0NNt4AaABAg,2만원인가 최소 금액만 입금하고 lh에서 청약통장 있으면 추가 가산점 줌 그걸로 걍 임대주택 들감,2026-09-15T00:31:02Z,0,0,2026-09-19T06:33:44.893221+00:00
g4h29mJufpc,UgwZTe-bS2C40ZBkyYp4AaABAg,1주택자여서 한동안 분양 시장 관심 없다가 분양가 살펴보고 개 깜놀 함... 분양가가 말이 안됨.  이젠 청약 당첨되도 매리트가 없고 이 고 분양가가 전체 부동산 상한가를 떠 받치고 있는 형국임,2026-09-15T00:17:48Z,0,0,2026-09-19T06:33:44.893221+00:00
g4h29mJufpc,UgxLCvV1SRXezXuPCCp4AaABAg,"거주 목적의 부동산 시세를 특수목적 외에는 한 해에 n% 이상 올리지 못하게 막으면 어떻게 안되나..??
고수님들 피드백 좀 주십셔.
궁금합니다.",2026-09-15T00:05:30Z,0,0,2026-09-19T06:33:44.893221+00:00
g4h29mJufpc,UgzcpHj2EP1u4pkSYaB4AaABAg,사실상 청약통창 없어도 돈만 많으면 어떤 집이든 살 수 있음,2026-09-15T00:02:47Z,0,0,2026-09-19T06:33:44.893221+00:00
g4h29mJufpc,Ugx04H4DvySsbSbqFq14AaABAg,희망같은 개솔 하고 자빠졋다 ㅋ,2026-09-15T00:00:33Z,0,0,2026-09-19T06:33:44.893221+00:00
g4h29mJufpc,Ugxr4UNRYpskwq0tH4R4AaABAg,청약은 걍 소액 적금 느낌이지뭐; 그외 아무것도 아님,2026-09-14T23:59:06Z,2,0,2026-09-19T06:33:44.893221+00:00
g4h29mJufpc,UgxJ3q_8YUw46WSjzjp4AaABAg,"서민이 집을 가지면 우경화된다
절대 집을 갖게해선 안됨
철저하게 빈곤층, 서민으로 남아서
계속 표를 주게 만들어야 한다
그래야 장기집권 가능하다",2026-09-14T23:57:49Z,2,1,2026-09-19T06:33:44.893221+00:00
g4h29mJufpc,UgznS-H5TCvyDYCRv4Z4AaABAg,집값일부로 올리고 국민들 가난하게 만들고 결국 정부 지원금에 의존하게 만드는게 전략이겟지,2026-09-14T23:53:44Z,0,0,2026-09-19T06:33:44.893221+00:00
g4h29mJufpc,UgwthnMd6YPkZFkftVJ4AaABAg,"현실적이지 못함 분양가 높아져서 잔금 치룰 만큼 돈 모아놓으면 자산기준에 부적격 뜨고, 돈없을때 넣자니 어캐 잔금 감당하란 소린지 ,,",2026-09-14T23:48:34Z,0,0,2026-09-19T06:33:44.893221+00:00
g4h29mJufpc,UgxQ27Jv0K49gA4zZXd4AaABAg,당첨되도 대출이 안나오는데 방법이 없잖여,2026-09-14T23:47:55Z,0,0,2026-09-19T06:33:44.893221+00:00
g4h29mJufpc,UgwIUGTa8VbaBnxHxop4AaABAg,10년 전에 청약하는데 서울에서만 평생 살고 40대 중반인데 결혼해서 애낳고 점수 맥스 63점인가 였는데 온갖 특공 새치기에 넣어봤자 되질 않는다. 분양가?? 그전에 새치기 특공 좀 없애라.,2026-09-14T23:44:59Z,0,0,2026-09-19T06:33:44.893221+00:00
g4h29mJufpc,UgwPO2kkmRuTudiCJHt4AaABAg,'아빠가 집줘서',2026-09-14T23:41:15Z,0,0,2026-09-19T06:33:44.893221+00:00
g4h29mJufpc,Ugz90ytL1IKkzwWm7NF4AaABAg,돈낭비,2026-09-14T23:41:08Z,0,0,2026-09-19T06:33:44.893221+00:00
g4h29mJufpc,UgwQnQK-yZ12Gu3d7VN4AaABAg,무슨 생각으로 대출규제하는거지 ㅋㅋ 확실히 부동산 쪽에서 민주당은 서민 생각 죽어도 안하는 정당인건 확실함,2026-09-14T23:40:07Z,0,0,2026-09-19T06:33:44.893221+00:00
g4h29mJufpc,Ugwqm4utZ5Epltpvt0x4AaABAg,",,,,,,,, 해결책은,,,,,,,, 70% 는 가점제,,,,, 나머지 30% 는  조건없는 추첨제를 해야만 함,,,,,, 그래야,,,, 뭔가 될수도 있다는 희망이라도 있지,,,,,,,,,,,,",2026-09-14T23:38:57Z,0,0,2026-09-19T06:33:44.893221+00:00
g4h29mJufpc,UgwEQn7068Qj5N6rFHZ4AaABAg,집값이 높은게 문제지 말똑바로해 대출받아서 사면 평생 노예인생이야 뭘로 갚을래?,2026-09-14T23:38:08Z,0,0,2026-09-19T06:33:44.893221+00:00
g4h29mJufpc,UgyKXGCQTcWFhPThc0J4AaABAg,첨부터 하지도 않았음  빚이나 없음 다행이지,2026-09-14T23:37:33Z,0,0,2026-09-19T06:33:44.893221+00:00
g4h29mJufpc,UgysRZOBO2Ep7WAs8ix4AaABAg,지들만의리그만들어놓고 ㅉㅉ,2026-09-14T23:35:03Z,0,0,2026-09-19T06:33:44.893221+00:00
g4h29mJufpc,Ugx14fLDNCUatQl1zXp4AaABAg,"1억도 없는것들이 10억짜리 집
드가려는게 문제지.
분수에 맞춰서 집 구매하자",2026-09-14T23:33:49Z,0,0,2026-09-19T06:33:44.893221+00:00
g4h29mJufpc,UgzD-qWEyCA-9jIyFvR4AaABAg,가점제 취소하고 전부 추첨제로 해라,2026-09-14T23:28:51Z,0,0,2026-09-19T06:33:44.893221+00:00
g4h29mJufpc,Ugxk947PUlKXxRMeAGp4AaABAg,집값이 너무 비싼게 문제,2026-09-14T23:22:32Z,0,0,2026-09-19T06:33:44.893221+00:00
g4h29mJufpc,UgzwQqltCSHKO4ww7Jt4AaABAg,대공황 터지면 사야지.,2026-09-14T23:20:04Z,0,0,2026-09-19T06:33:44.893221+00:00
g4h29mJufpc,UgzY0le95UjJwvSCNBt4AaABAg,"당첨 되도
라고 쓰는 사람 왜이리 많냐",2026-09-14T23:17:47Z,0,0,2026-09-19T06:33:44.893221+00:00
g4h29mJufpc,UgzEKshsWGeZyDeW3Kh4AaABAg,공감함 1인가구는 돈만 받아가고 혜택은 죽어도 주지 않겠다 하는데 왜 냄ㅋㅋㅋㅋㅋ,2026-09-14T23:17:28Z,0,0,2026-09-19T06:33:44.893221+00:00
g4h29mJufpc,Ugy1iRniJUWogQFMyiR4AaABAg,이미 해지하고 전세로 살고 있음,2026-09-14T23:17:25Z,0,0,2026-09-19T06:33:44.893221+00:00
g4h29mJufpc,UgwJZPkjOLUf45bTWPh4AaABAg,그리고 청약 확인하고 신청하는 절차가 너무 불편한 시스템으로 되어있어서 간소화가 필요함,2026-09-14T23:15:08Z,0,0,2026-09-19T06:33:44.893221+00:00
g4h29mJufpc,UgzScH_sHPnBU67Js4d4AaABAg,금수저말고 의미없는 제도  걍 집사지마 ㅋㅋ,2026-09-14T23:12:17Z,0,0,2026-09-19T06:33:44.893221+00:00
g4h29mJufpc,UgwUZDXoTF3LCWSuuIJ4AaABAg,청약 통장은 통장 인것이고 아파트 분양금 따로 꿈이 아니라 가격에 대한포기 청약은 옛날예기 요즘은 의미가없어 👀 🤮,2026-09-14T23:10:57Z,0,0,2026-09-19T06:33:44.893221+00:00
g4h29mJufpc,Ugz90Vo_yLsDymumHS14AaABAg,"청약통장 뉴스 엄청 많은데 나는 꼭 유지 하라고 이야기 해준다. 미성년자 시절 가장 저렴한 금액으로 2년정도면 납입하고 그냥 두라고 이야기해 준다. 이미 2년이 지났다면 닙입안해도 되니까 들고 있으라고 한다.
굳이 해지할 필요도 없을뿐더라 나충에 혹시나 필요한 순간이 올 수 있다. 지금 당장은 필요없을지 모르겠지만 추후에 필요해질때 1-2점 차이로 떨어지는 경우도 생긴다.
지금 돈이 없다고 해서 대출 안된다고 포기한다고?  어떤 뇌없는 시키가 이렇게 말하지? 평생 거지로 살거라는 거지?? 왜 능력이 없어서 돈 못모을것 같아? 
그리고 대출은 언제까지 규제일것같아? 사람일은 아무도 모르는 거다. 청약 통장은 무조건 유지해라! 납입금액은 중요하지 않아 횟수가 중요하지 그러니 횟수만 채우고 그냥 들고만이라도 있어.",2026-09-14T23:09:08Z,0,0,2026-09-19T06:33:44.893221+00:00
g4h29mJufpc,Ugy39PHc6tnTyBE2Xcx4AaABAg,"요즘 청약 경기도도 5~6억이던데..
이런 돈 있는 청년이 있을까?
친일 수저 있는 사람만 하는거지..",2026-09-14T23:04:01Z,0,0,2026-09-19T06:33:44.893221+00:00
g4h29mJufpc,UgwcI9kr1BjW6PdzAAt4AaABAg,"아파트가 부족한게 아니다 입지좋고 상승여력있는 아파트가 부족한거죠.
그래서 너도나도 청약넣고 복권만냥 넣고 있는 사람이 대다수.
근데 이것도 이젠 크게 의미없긴하죠. 이미 미래상승분으로 아파트 가격 상승시켜놨으니 
현시점 몇년치 기대값에 아파트 구매하는 겁니다.
매년 내는 대출 이자 아파트 유지비 계산하면 마이너스일지도요.ㅎㅎ
반박시 제말이 다 틀림^^",2026-09-14T22:59:27Z,0,0,2026-09-19T06:33:44.893221+00:00
g4h29mJufpc,Ugw3MKkUO-T8W1Aiudx4AaABAg,청약통장 점수는 이미 2000년대 초반 부터 지금까지 최대금액으로 넣어 온 사람들로 다 차서 이후에 태어났거나 해지했다 재가입 했으면 점수 못 받음,2026-09-14T22:57:14Z,0,0,2026-09-19T06:33:44.893221+00:00
g4h29mJufpc,UgxCwl_KUc7E5K8JVi54AaABAg,당첨되면 피받고 팔면 안되나?,2026-09-14T22:56:04Z,0,0,2026-09-19T06:33:44.893221+00:00
g4h29mJufpc,UgxSAM0TB14AMwX62vV4AaABAg,이런 정책에 써야 될 돈들이 여수나 추석민생지원금이나 등등 쓸데 없는 곳에서 줄줄 새니까.... 국채는 국채대로 늘고 혜택은 점점 사라지고,2026-09-14T22:54:35Z,0,0,2026-09-19T06:33:44.893221+00:00
g4h29mJufpc,UgxUqD5-WRobfXnY5_94AaABAg,집을 살 수 있다고?,2026-09-14T22:53:52Z,0,0,2026-09-19T06:33:44.893221+00:00
g4h29mJufpc,UgxZfuI6cAif6v3LW1Z4AaABAg,박근혜때였나??그때가 집사기 마지막 기회였던거 같음 2천만원만 있음 대출로 나같은 똥수저도 집살수 있었던 마지막기회..대출은 왜줄이는지 몰겠음 집값은 지금이 더오르고있구만 진짜 서민을 위한 정책이맞나?,2026-09-14T22:53:03Z,0,0,2026-09-19T06:33:44.893221+00:00
g4h29mJufpc,UgysX0I1UB3oze2t7DV4AaABAg,"당첨되면 뭐함. 누가만든건지 말만 당첨이지. 만들고 안나가서 빈집이 남아도는데 , 중도금 마련이랑 기간내에 완납을 해야된다는거 부터가 답이 없는데",2026-09-14T22:49:18Z,0,0,2026-09-19T06:33:44.893221+00:00
g4h29mJufpc,UgwXlnkC9Iz3b-zdBU54AaABAg,청년들만 혜택준다고 난리치는데 진짜 불과 10년전까지만해도 청약은 당첨만되도 수천만원 이득이었음 걍 피받고 파는식으로해서 어른들은 그냥 공짜로 돈번거임 본인이 흥청망청 다써서 멍청하게 탕진안하고 단돈 몇만원만 꼬박꼬박 넣었다면,2026-09-14T22:48:22Z,0,0,2026-09-19T06:33:44.893221+00:00
g4h29mJufpc,UgyBqV5ExIwfii-4PkB4AaABAg,공공분양 일반공급은 다른거 필요없이 청약통장 금액으로 따지니..계속 넣어서 2천만원대 까지 올려놓으면 경기.수도권 당첨확율 높음.,2026-09-14T22:47:14Z,0,0,2026-09-19T06:33:44.893221+00:00
g4h29mJufpc,Ugz0bt80y2-b228B-ZN4AaABAg,"대출금을 갚을수는있고? 그냥 가격오르면 팔생각뿐인데 뭔 실거주자 타령이냐 대출해줘도, 그 대출 유지 할꺼라고? 웃기고있네",2026-09-14T22:43:05Z,0,0,2026-09-19T06:33:44.893221+00:00
g4h29mJufpc,UgzsmCqwzePVR4G5mOl4AaABAg,미친놈들아!!! 주공 임대 가려면 연수입 3400 이하여야 하는데. 분양 주택 7억만 돼도 대출 60퍼센트 나오면 3억을 내고 4억짜리 빚을 얹어준다고?,2026-09-14T22:41:12Z,0,0,2026-09-19T06:33:44.893221+00:00
g4h29mJufpc,Ugyz1fGibd9jYp_luC14AaABAg,"그냥 개소리 같은데 청년이 6억이상 대출받아서 집을 산다고 , 뭔 개풀 뜯어 먹는 소리지..",2026-09-14T22:39:56Z,0,1,2026-09-19T06:33:44.893221+00:00
g4h29mJufpc,UgwMygq2w3TAPyNfh5t4AaABAg,"안살놈은 걍 포기하고 회수 시켜야지
그걸 또 되팔이하고 앉았네

저 꼴 난게 부동산 투기 때문인데 지들도 하고 있네ㅋㅋ",2026-09-14T22:39:01Z,0,0,2026-09-19T06:33:44.893221+00:00
g4h29mJufpc,UgzNq5rDaH5T1_WLTrt4AaABAg,"ㅈㄴ 억울한게  열심히 일해서 연봉 2 3천이서 진급하고 연봉 올려서 7 8천 올렸더니 
나라에서는 뭐만 하면 3천 4천 넘으면 혜택도 안줌 
그냥 ㅈ소기업 다니고 연봉 안올리고 연봉 3천따리로 계속 살으라는 소리임 그래야 혜택받음

청약을 들어도 집값이 지방인데도 7억 8억이고
평생 빛만 갚다가 살으라고 부추김",2026-09-14T22:20:15Z,0,0,2026-09-19T06:33:44.893221+00:00
g4h29mJufpc,UgxwlY94g74PS2DZ52d4AaABAg,"1인 가구는 의미 없음. 
나도 2000회 2천이 넘는데. 

내가 살만하다 싶은 아파트는 1인 가구 라서 거의 안됨.
공공 분양도, 개인 사업자로 해외 출장 많이 다니는 나는 소명 해야 한다는데, 그거 일일이 다 소명 하려면
사실상 불가능. 

평택 같은 경우는 청약 넣은 사람이 bs 임. ㅋㅋㅋ
화양, 브레인 같은 경우는 마피 1억임. 청약 넣어서 된 사람들이 개 멍청.",2026-09-14T22:16:41Z,0,0,2026-09-19T06:33:44.893221+00:00
g4h29mJufpc,UgzSkS2Jt8Ew7G9KxHB4AaABAg,"대출규제풀면 갭투자할거면서 
그래놓고 또 망헷다고 징징대면서 뉴스나올거면서 
걍 적당히살자 어짜피 내집없다 망했어",2026-09-14T22:10:51Z,0,0,2026-09-19T06:33:44.893221+00:00
g4h29mJufpc,Ugw3VCmev60vZNPj6Jp4AaABAg,저는 2017년에 25년 넣은 청약 해지하고 주택 구입했네요.,2026-09-14T22:08:47Z,0,0,2026-09-19T06:33:44.893221+00:00
g4h29mJufpc,UgzmAGlsZTpFOtc5MY94AaABAg,그냥 나라의 모든 것이 서울 수도권에 쏠려있는게 문제지,2026-09-14T22:08:15Z,0,0,2026-09-19T06:33:44.893221+00:00
g4h29mJufpc,Ugz5KitxiTd7pt-kQbR4AaABAg,아니.. 대출이 무슨 만능도 아니고... 자기 소득 수준에 맞춰서 집을 사야지. 연봉 1억을 받아도 실수령액은 약 650만원. 대출 6억만 받아도 요즘 금리로 보면 원리금 월 400이 넘는데. 요즘 청년들 연봉 1억은 되나봅니다.,2026-09-14T22:05:49Z,0,0,2026-09-19T06:33:44.893221+00:00
g4h29mJufpc,Ugz2mmd7rggFbos5plp4AaABAg,자자 2만원씩 넣으시는분들 그냥 해지하시면됩니다,2026-09-14T22:02:57Z,0,0,2026-09-19T06:33:44.893221+00:00
g4h29mJufpc,UgyW3Efqh2xk9tJDZhJ4AaABAg,대출노예 당첨되는게 뭔 경사임?ㅋㅋㅋㅋㅋㅋㅋ,2026-09-14T22:02:10Z,1,0,2026-09-19T06:33:44.893221+00:00
g4h29mJufpc,Ugxx9Ir7R04WNUkQFix4AaABAg,"은행  건설사  배불리는꼴  작은집이지만  적정가격집사서  하고싶은거  먹고싶은거
함면서사는게  행복입니다",2026-09-14T22:00:40Z,0,0,2026-09-19T06:33:44.893221+00:00
g4h29mJufpc,Ugw-nCpqn_qBUMYJtLd4AaABAg,"ㅋㅋ아니
당첨되연 뭐해
캐시없고 부족한돈 대출을 안해주고
ㅋㅋ그냥 월세나 사세요지",2026-09-14T21:59:36Z,0,0,2026-09-19T06:33:44.893221+00:00
g4h29mJufpc,Ugzgjcwnp8W57navO614AaABAg,난 애초에 주택청약은 필요없다고생각해서 안하고있다가. 그냥 소득공재때문에,2026-09-14T21:54:53Z,0,0,2026-09-19T06:33:44.893221+00:00
g4h29mJufpc,UgwkshR9nKBODMtkuqV4AaABAg,살만하면 버티는게 ..,2026-09-14T21:49:17Z,1,0,2026-09-19T06:33:44.893221+00:00
g4h29mJufpc,Ugy1hUq4qUYKaH8Spbx4AaABAg,달게 받아야지,2026-09-14T21:45:04Z,0,0,2026-09-19T06:33:44.893221+00:00
g4h29mJufpc,Ugw-rx2rLBPc-u-rrLJ4AaABAg,그냥 대출다 풀어주고 그냥 놔둬라 능력되는높은 대출받아서 갚으면서 잘 살꺼고 능력안되는대 무리하게 산놈들은 그 빚에 깔려 자살하든 뭐하든 왜 신경쓰나?,2026-09-14T21:27:48Z,0,0,2026-09-19T06:33:44.893221+00:00
g4h29mJufpc,Ugxh0oBP_ew0GxRZAHd4AaABAg,저도 작년에 해지했습니다.,2026-09-14T21:15:39Z,0,0,2026-09-19T06:33:44.893221+00:00
g4h29mJufpc,UgwGElutnvx4yTEaOWB4AaABAg,새 아파트 살 것이 아니면 굳이 구태어 필요 없음. 예금자 보호도 안되기도 함.,2026-09-14T20:39:46Z,0,0,2026-09-19T06:33:44.893221+00:00
g4h29mJufpc,Ugw9qDb6J7hoHb_m4_14AaABAg,당첨되어도 살 돈이 없음 ㅋㅋㅋ,2026-09-14T20:38:46Z,0,0,2026-09-19T06:33:44.893221+00:00
g4h29mJufpc,UgyLznlUHon905WnzgV4AaABAg,"좌파가 집권하는 세상에서 집값 안정은 있을 수 없고, 인플레도 막을 수 없음",2026-09-14T20:31:33Z,1,0,2026-09-19T06:33:44.893221+00:00
g4h29mJufpc,UgyJYPaWQBncMJpbEbR4AaABAg,"난 13년전에 이미 깼음 
청약이 당첨되더라도 돈도 없고 번번한 직장도 없음. 
자꾸 은행에서 청약팔이해서 귀찮음",2026-09-14T20:09:48Z,0,0,2026-09-19T06:33:44.893221+00:00
g4h29mJufpc,UgxLphc7yX7clUKbeLZ4AaABAg,대통령님이 사지 말래여~,2026-09-14T20:04:47Z,0,0,2026-09-19T06:33:44.893221+00:00
g4h29mJufpc,UgxtlyIjX3H4_nL_wFh4AaABAg,"당첨은 하늘의 별따기 처럼 어렵고, 설사 당첨되더라도 못 들어감..!!!  결국  대국민 사기극임..!!!
매주 로또 복권 한장사는게 훨 나음..!!",2026-09-14T19:49:13Z,0,0,2026-09-19T06:33:44.893221+00:00
g4h29mJufpc,UgwX0gGXBs2qsVJ8DFJ4AaABAg,"철 철산동
구 구성남
이 이문동
불 불광동

다 분양가 18억인대 뭐하러? ㅋㅋ",2026-09-14T19:32:41Z,0,0,2026-09-19T06:33:44.893221+00:00
g4h29mJufpc,Ugwl_UuyhmGWcpneq954AaABAg,"옛날에야 기본적으로 분양가가 집값보다 거의반값이었지
지금 지방은 주변 시세 3억대에 분양가가 5억이다 ㅋㅋㅋ",2026-09-14T18:46:29Z,0,0,2026-09-19T06:33:44.893221+00:00
g4h29mJufpc,UgzZP6DHMz7wDiAd88B4AaABAg,"서울 아파트는 부모의 인생 목표이었지만, 나는 아니다.",2026-09-14T18:40:59Z,0,0,2026-09-19T06:33:44.893221+00:00
g4h29mJufpc,Ugw0VeIqj4W4pVmVlR14AaABAg,"2~30대 중위 연봉이 3~4천 이러는데 수도권 좀 좋은 위치다 싶은 것들은 죄다 20억대부터 시작임
연봉만 기준으로 할때 4~50년을 안쓰고 모아야 겨우 분양 받을 가격인데 미래가 보이겠냐고
해결방법은 누구나 알고 있지만 절대로 시행안하고 밑빠진 독에 물만 쳐붓는데 해결이 되겠냐",2026-09-14T18:16:41Z,0,0,2026-09-19T06:33:44.893221+00:00
g4h29mJufpc,UgzT9lZhYscFPYk5VS54AaABAg,"부부 합산소득 1억2천인데 집못삼 대출 6억 밖에 안되서 더더욱 안됨 거이 불가능수준임.. 서울 이라 못사는건맞는데 
서울아니고서는 직업을 못구함.. 그리고 전세사기를 없애라고 했지 전세를 없애 버림  그냥 빌라 월세 말고는 답없어보임",2026-09-14T18:08:10Z,0,0,2026-09-19T06:33:44.893221+00:00
g4h29mJufpc,UgwCMbAS4bvzENtWy0t4AaABAg,당첨되도 살돈없고 대출도안됨 그리고 혼자라 당첨가능성 희박 거기에 목돈모였을때 이자도없고 해지할때 다뜯어감 ㅇㅇ,2026-09-14T17:23:28Z,0,0,2026-09-19T06:33:44.893221+00:00
g4h29mJufpc,UgxyiPo7tlu1lapJEkp4AaABAg,1인가구 당첨 가능성이 있기는 하냐?,2026-09-14T17:05:09Z,0,0,2026-09-19T06:33:44.893221+00:00
g4h29mJufpc,UgxgH-TX7RxLjDEyujt4AaABAg,분양가가 말이안되는데 ㅋㅋㅋㅋㅋㅋ,2026-09-14T17:05:07Z,0,0,2026-09-19T06:33:44.893221+00:00
g4h29mJufpc,UgyZh6GjR1gRWDwQ4i14AaABAg,"이게 옳게 된 방향 아닌가요?
능력도 없는데 로또라고 다 청약하는게 잘못된거",2026-09-14T16:55:15Z,0,0,2026-09-19T06:33:44.893221+00:00
g4h29mJufpc,UgxdRC9SXOyHOF9zT5N4AaABAg,청약으로 돈버는 시대가 안되니 그만둬야지 돈도 없고 대출도 힘들고,2026-09-14T16:48:50Z,0,0,2026-09-19T06:33:44.893221+00:00
g4h29mJufpc,UgyDT4gJR3Mp8VsBRkd4AaABAg,청년들은 월급받고살면 그냥 월세살아야합니다 집값 지방도 너무비싸요 솔직히 월 200~400받는사람들이 대다수일텐데 이돈가지고 몇억짜리집을 어떻게삽니까?? 집이부유하지않는이상 젊은나이층에서 집사는건 정말 극소수겠죠  대출이나온다해도 몇억갚을려면 몇년이나걸리나요 ㅋㅋㅋㅋ  이렇게말하면 싼집도 많다 이러는 사람들도있을텐데 누가모르나요 다 좋은집살고싶지 다무너져가는집 내돈주고 구매하고싶진않겠죠,2026-09-14T16:46:56Z,0,0,2026-09-19T06:33:44.893221+00:00
g4h29mJufpc,UgxBvQxU3trbxoxSwoR4AaABAg,"난 청약을 넣지도 않았다ㅋㅋ 당첨이 되면 뭐해 돈이 없어서 사질 못하는데  청약이라는 시스템을 처음 알게됐을때 
저 생각을 하고 아예 들지도 않았음ㅋㅋㅋ",2026-09-14T16:40:38Z,0,0,2026-09-19T06:33:44.893221+00:00
g4h29mJufpc,UgzBGO4T4ZTsanJoA_x4AaABAg,부자들이 더 해쳐 먹겠다는 심보,2026-09-14T16:38:08Z,0,0,2026-09-19T06:33:44.893221+00:00
g4h29mJufpc,UgzLEwGKEjAmhr2a8ax4AaABAg,애매하게 돈 못벌면 심지어 당첨도 안됨,2026-09-14T16:09:24Z,1,0,2026-09-19T06:33:44.893221+00:00
g4h29mJufpc,UgyUWPM57ZCjaiOTxcd4AaABAg,"저소득층, 다둥이가족이 당첨가능인데 정작 그들중 돈있는사람이 들어갈수있는 뜨거운아이스아메리카노같은 존재..",2026-09-14T16:08:48Z,0,0,2026-09-19T06:33:44.893221+00:00
g4h29mJufpc,UgxQi5pZNnPucxxxcqV4AaABAg,돈은 돈으로 버는겁니다. 2년 3년이라는 시간동안 돈을 얼마든지 크게 불릴 수 잇답니다.2년 기다려서 500 받을거 다른방법으로는 천만.1억도 만들수잇음 ㅇㅇ,2026-09-14T15:56:18Z,0,0,2026-09-19T06:33:44.893221+00:00
g4h29mJufpc,Ugx8adeMHEcG2QHVHDt4AaABAg,소득 조건이랑  분양가랑 존나 언밸란스 라니까 ??,2026-09-14T15:48:47Z,0,0,2026-09-19T06:33:44.893221+00:00
g4h29mJufpc,UgzbTUNvB8SsGw_zM1d4AaABAg,10년뒤에 틀니들 다 임종하면 빈집 넘치는데  😂 지금 아득바득?? 왜??,2026-09-14T15:27:16Z,0,0,2026-09-19T06:33:44.893221+00:00
g4h29mJufpc,UgwSrAV7FwPLxtQDXF14AaABAg,"일찍이 청약 통장 담보대출 받아서 주식함. 정책이 또 언제 오래된 청약 통장 가치 올려치는걸로 바뀔지 모르기 때문에 해지는 안했고, 주식 떨어져서 빡치긴 하지만 투자 공부 값이라 여겨서 후회는 없음!",2026-09-14T15:15:15Z,0,0,2026-09-19T06:33:44.893221+00:00
g4h29mJufpc,UgyiT2X12fDZk_g0Nkt4AaABAg,흥미로운 건 청약에 넣는 돈 자체도 세액공제가 아니라 소득공제라서 고소득자에게 유리함 ㅋㅋㅋㅋㅋㅋ 고소득자는 들지 않을 이유가 없음...,2026-09-14T14:32:23Z,0,0,2026-09-19T06:33:44.893221+00:00
g4h29mJufpc,UgwDNGVOEmeUI2ePaFN4AaABAg,궁금한게 외국인은 대출규제 잇음?,2026-09-14T14:30:37Z,0,0,2026-09-19T06:33:44.893221+00:00
g4h29mJufpc,Ugzf0HWQsnhsYXC8MYF4AaABAg,내가 살집 하나쯤은 없다 서울이면 절대 없고 경기도권이면 평범한직장에서 20년은 넘게.일해야 못갚고 지방은 글쎄 그냥 5초보고 끈다 그래서,2026-09-14T14:24:13Z,0,0,2026-09-19T06:33:44.893221+00:00
g4h29mJufpc,UgyC92ZFMIbo4SoDAzB4AaABAg,"7~8년전이었나... 지방에 LH 신축 청약 됐었는데 분양가가 2억 3천이었음....여기에 아파트 옵션 좀 넣고 하면 2억 5천...공급이 21평형이었나?24였고 실평수는 18평짜리...분양가 2~30% 내고 나머지 대출한다고 해도 매달 150만원가량 나가는게 너무 부담스러워서 그냥 포기하고,현실 깨닫고 청약도 해지함. 지금은 구축 1억 2천짜리 리모델링 한 아파트 사서 살고 있는데 그 때 안 들어가고 구축 매입해서 사는거 진짜 선택 잘 한 느낌임.
너무 새 집만 찾아 다니지마시고,내 형편 맞게 리모델링 구축도 나쁘지 않다는거  아셨음 좋겠네요.",2026-09-14T14:24:12Z,0,0,2026-09-19T06:33:44.893221+00:00
g4h29mJufpc,UgyBYRfAXgXUmsE7DpZ4AaABAg,이렇게 다들 해지하면 또 반대로 남는놈이 승자가될때가있더라 ㅋㅋㅋ 세상 아이러니해,2026-09-14T14:18:23Z,0,0,2026-09-19T06:33:44.893221+00:00
g4h29mJufpc,Ugz_Mzrkx167ABJssop4AaABAg,애 낳아서 17살 까지 키우면 아버지 어머니 한테 1억씩 총 2억 주는 정책 만들어라 바로 올라간다,2026-09-14T14:17:52Z,0,0,2026-09-19T06:33:44.893221+00:00
g4h29mJufpc,UgxIcpn3oVU5EvwpwUF4AaABAg,"요새는 대부분 10년 넘게 박아서 당첨 확률도 낮은데 
당첨돼도 대출도 안되는데 수 억을 어디서 찾아 
그 돈이 있었음 그냥 빌라나 안 비싼 아파트를 들어갔지 
고액 아파트 살 돈이 있을 정도면 청약 없어도 됨",2026-09-14T14:05:16Z,0,0,2026-09-19T06:33:44.893221+00:00
g4h29mJufpc,UgwyHYP5gT6BzeaZ4cp4AaABAg,난 어차피 2만원씩 넣는거라 30년후에도 당첨될일 희박해서 적금식으로 넣어야지 ㅋㅋㅋㅋㅋ,2026-09-14T13:53:12Z,0,0,2026-09-19T06:33:44.893221+00:00
g4h29mJufpc,Ugxxol0Nwfjw1ySJ1sN4AaABAg,"넣을려면 분양가 비싸도
분양가 괜찬으면 소득에서 걸리고
소득 괜찬으면 자산에서 걸리고
50대도 자가가 없는데 2030 얘기만 떠들고 있고. ~~~
노답~~~ 때려쳐",2026-09-14T13:49:59Z,1,0,2026-09-19T06:33:44.893221+00:00
g4h29mJufpc,UgwyrQ1L8S7FoE2PLmN4AaABAg,"된다 해도 수원 지방자락도 지금 국평 분양 받으려면 개 싸야 10억임....

아니 걍 25평 따리 분양받으려고 해도 지금 8억대가 넘어가는데 저걸 어떻게 분양받냐 ㅋㅋㅋㅋㅋㅋㅋㅋㅋㅋㅋㅋㅋㅋㅋㅋㅋ

민주당 찍어놔서 대출다 규제 때려놧는데 해지하는게 맞지 ㅋㅋㅋ

아....다 해지할때 유지해 놔야 나중에 국힘 정권 바뀌었을때 써먹을 수 있을거임",2026-09-14T13:49:29Z,0,0,2026-09-19T06:33:44.893221+00:00
g4h29mJufpc,UgyRo4t3IRb9gHdux8V4AaABAg,해지하지들 마시오 신생아특례대출받을때 청약통장 보유기간에따라 우대금리 적용 가능합니다.,2026-09-14T13:47:22Z,0,0,2026-09-19T06:33:44.893221+00:00
g4h29mJufpc,Ugwd1ZxdJLNYW4ucas54AaABAg,"걍 저 청약제도는 국민 연봉 수익 상위10%만 모집해야 한다!!아무런 의미가 없는 제도입니다.이제는 청약제도 손봐야 합니다.의사,변호사,판사,고소득사업수익자들만 모아서 청약제도 운영해야 하지 서민 한테는 아무런 필요가 없어요.",2026-09-14T13:34:52Z,0,0,2026-09-19T06:33:44.893221+00:00
g4h29mJufpc,Ugwpaaeh53C6Kkxq3iR4AaABAg,통계 나왔는데 자금조달 55% 이상이 부모 지원입니다 ㅎㅎ,2026-09-14T13:30:19Z,0,0,2026-09-19T06:33:44.893221+00:00
g4h29mJufpc,UgyeU39-szmzDwVK1QR4AaABAg,ㅂ신같은 정책으로 집값 고공행진 시킨 정부들은....진짜,2026-09-14T13:28:28Z,1,0,2026-09-19T06:33:44.893221+00:00
g4h29mJufpc,UgwOWJ-T7cRoHsP2K0h4AaABAg,인생한번뿐인데 왜 집하나 사서 노예자처함?,2026-09-14T13:26:22Z,0,0,2026-09-19T06:33:44.893221+00:00
g4h29mJufpc,Ugyz7lfUTJC3FVSb2S54AaABAg,집값이 비정상적으로 너무 높음 애초에 대출이 문제였음 집값오르고 대출하고 집값오르고 대출하고 이젠 불가능해졌음 그냥 전쟁나고 리셋되지 않는이상..아니면 인구가 완전 소멸해서 아에 집이 필요없어질정도가 되야함,2026-09-14T13:12:15Z,0,0,2026-09-19T06:33:44.893221+00:00
g4h29mJufpc,UgzqqF-4bBQhyZyFzP54AaABAg,"문재인 진짜!!!!!
이 인간때문에 집값 오른거 생각하면 열받음
나 골수 민주당 지지자인데 집값 올린 주범인 문재인은 진짜.너무 싫음",2026-09-14T13:09:45Z,1,0,2026-09-19T06:33:44.893221+00:00
g4h29mJufpc,UgzOYtGEwDk0fS3O_w14AaABAg,청약 절대 해지하면 안됨. 이게있어야 청약신청을 꽤 괜찮은건 해볼수가있음,2026-09-14T13:09:19Z,0,0,2026-09-19T06:33:44.893221+00:00
g4h29mJufpc,UgytxHm6Jvq1XW0p6Bp4AaABAg,A와 B중 사람들은 B가 더 좋아라고 말하는 사람이 증가한다는 것인데...  개인적인 기준으로 꾸준한 A가 혜택볼 수 있게 설계해야 하는거 아닌가 라는 의문이 드네요. 일희일비에 흔들리지 않게,2026-09-14T12:54:26Z,0,0,2026-09-19T06:33:44.893221+00:00
g4h29mJufpc,UgzHuaMXsdrqXEW-W4h4AaABAg,국개의원놈들은 우리가 집을 가지던 말던 전혀 상관안합니다,2026-09-14T12:51:10Z,0,0,2026-09-19T06:33:44.893221+00:00
g4h29mJufpc,Ugx3VBDXaXyKBKrzuLt4AaABAg,지방 3억 초중반대 대단지아파트는요?,2026-09-14T12:41:50Z,0,0,2026-09-19T06:33:44.893221+00:00
g4h29mJufpc,UgxgF_gIPwWMyj8doh94AaABAg,"서민들은 집이 없어서 쳥약하고 대출받고 난리를 쳐도 집 하나 살까말까, 신축 아파트 공실 기사는 계속 나오고 정부는 대출규제하고 청약규제하고 다들 뭐하는건지 모르겠는데",2026-09-14T12:37:15Z,0,0,2026-09-19T06:33:44.893221+00:00
g4h29mJufpc,Ugyo38U7Xagvf-rVi_B4AaABAg,"당첨 = 목돈부족, 대출불가, 당첨취소, 기회박탈",2026-09-14T12:20:35Z,0,0,2026-09-19T06:33:44.893221+00:00
g4h29mJufpc,UgxQRGBBhd_kI_epdYV4AaABAg,2년전부터 모든 적금통장 다 깨고 달러로 환전후 미국주식 하고있습니다 ㅎㅎ,2026-09-14T12:19:09Z,0,0,2026-09-19T06:33:44.893221+00:00
g4h29mJufpc,Ugz9OQWy30kiZQ7cVn94AaABAg,농협 청약통장에 2만원 있음 투자 안하길 잘 한듯,2026-09-14T12:05:19Z,0,0,2026-09-19T06:33:44.893221+00:00
g4h29mJufpc,UgzLLIIiKADIngIuGCR4AaABAg,노동소득이 의미있는 시대가 되었으면,2026-09-14T12:00:59Z,1,0,2026-09-19T06:33:44.893221+00:00
g4h29mJufpc,Ugz9_6C5Rfjq9KTmSbp4AaABAg,리짜이밍 업적😂,2026-09-14T11:39:30Z,2,1,2026-09-19T06:33:44.893221+00:00
g4h29mJufpc,UgwZ0kf8m_2FGscATZZ4AaABAg,오늘 청약 해지하고 아싸 꽁돈~ 하고있었는데 현실 팩폭 하지말라고,2026-09-14T11:32:00Z,0,0,2026-09-19T06:33:44.893221+00:00
g4h29mJufpc,UgxDZ1L94iZ7hRQg0G94AaABAg,"시발 진짜 애매한 서민층은 절대 혜택 못보게 하는 나라ㅋㅋ
개씹 흙수저정도는 되야 자격요건이됨",2026-09-14T11:25:18Z,1,0,2026-09-19T06:33:44.893221+00:00
g4h29mJufpc,Ugw9rdYWnqIkLSTH2k14AaABAg,이 미친 정책은 빨리 폐기해라,2026-09-14T11:22:31Z,0,0,2026-09-19T06:33:44.893221+00:00
g4h29mJufpc,UgxmNC4PawgV0b0M_fh4AaABAg,청약통장 서울 아니면 의미 없다고 생각함지방이나 경기도 외곽 보면 미분양 넘쳐남,2026-09-14T11:13:45Z,0,0,2026-09-19T06:33:44.893221+00:00
g4h29mJufpc,UgxeWZJe7W6GsPKLUad4AaABAg,"굳이  돈 놀이 하는. 것들에. 희생양이.  굳이. 또 서울 인천. 살 필요가.   편하게. 살 라고 하니. 나락을.  가니. ..
처등. 나와도.  어촌. 에서 연 2억. 벌면서. 나누리고 여행. 잘다니는데.  굳이. 대학 나와서 나락을 가는것이",2026-09-14T11:12:12Z,0,0,2026-09-19T06:33:44.893221+00:00
g4h29mJufpc,UgzlVndxhKiyM0RJ24R4AaABAg,이번정권이 중산층으로 올라가는 사다리 확실하게 끉어버림,2026-09-14T11:03:18Z,0,0,2026-09-19T06:33:44.893221+00:00
g4h29mJufpc,UgzP2EtoDN0FOkFVPgV4AaABAg,"그래도 집 없음 들고 있긴해야됨
중간에 그돈으로 주식, ETF한다는애 있는데 개멍청한 소리임",2026-09-14T11:01:38Z,0,0,2026-09-19T06:33:44.893221+00:00
g4h29mJufpc,Ugz-gaKX_KwQUv0iiMF4AaABAg,대출규제가 싹다 망쳤지 낟 해지 할까하니까 이게 뜨네 해지하러간다,2026-09-14T10:56:02Z,0,0,2026-09-19T06:33:44.893221+00:00
g4h29mJufpc,Ugxq0xtBWQoJRtmXmV14AaABAg,고소득이 많구나 ㄷㄷ 난 월 250버는데 ㄷㄷ 청약통장 있음 금리 낮춰주는데 그게 별로인가??,2026-09-14T10:51:12Z,0,0,2026-09-19T06:33:44.893221+00:00
g4h29mJufpc,Ugy_Ddp8XrN_9KOQ5RZ4AaABAg,집이 있어야 결혼하는데 결혼해야 당첨확률이 생기는 웃긴 구조 ㅋㅋㅋㅋㅋ,2026-09-14T10:47:31Z,0,0,2026-09-19T06:33:44.893221+00:00
g4h29mJufpc,UgylUVr-geYuH6JB2nF4AaABAg,"비현실적인 주택가격....가진자가 투자하면 계속 자산이 불어나 재투자로
자산이 늘어나지만
스스로 벌어서 생활하는 서민은 집한채가 평생의 꿈.......

삶의 기반이 집인데 그 기반을 마련하는데 평생을 바쳐야 
한다면 인생 그 자체가 지옥아닌가?",2026-09-14T10:47:30Z,0,0,2026-09-19T06:33:44.893221+00:00
g4h29mJufpc,UgzMSIjOFenle-4Izpd4AaABAg,문재앙이 돈 뿌려놓고 그거 거둬들이려고 공시지가 올려놓으니까 나라 경제가 개작살남.  지방아파트도 기본 3억 이상인데 부모 지원없는 애들 대다수가 수도권 집 청약 당첨되도 돈을 지불할 수가 없다.,2026-09-14T10:42:46Z,1,0,2026-09-19T06:33:44.893221+00:00
g4h29mJufpc,Ugw2ywES7nMzHMMimxp4AaABAg,ㅋㅋㅋㅋㅋ그냥 은행 배불리기,2026-09-14T10:36:03Z,0,0,2026-09-19T06:33:44.893221+00:00
g4h29mJufpc,UgxR10AurRLTmEQUPTp4AaABAg,"사전청약 당첨됐던 집이 분양가 3억후반에서 코로나로 공사일정 지연되는 동안 4억이상으로 스타트해버려서... 이대로 가다간 5억찍겠다 싶어서 포기
결국 적당한 구축 매매함... 청약통장은 그저 디딤돌대출 금리 인하용 ㅠㅠ",2026-09-14T10:32:14Z,0,0,2026-09-19T06:33:44.893221+00:00
g4h29mJufpc,UgxDojRXWdPukayPXdZ4AaABAg,점수도 만점나오려면 온가족 다 끌어안고 좁은 집에서 ㅁ몇십년 살아야는데 이것도 의문이다..,2026-09-14T10:03:41Z,0,0,2026-09-19T06:33:44.893221+00:00
g4h29mJufpc,UgzoAYTsVdvy36uoY894AaABAg,"나 13살 때 이혼하시고 청약 통장에 매달 50만원 씩, 허리띠 졸라메고 날 성인으로 키우신 엄마... 그 덕분에 돈 없던 설움에서 벗어나 내 집을 갖게 되셨지... 정말 고마워요. 계속 효도할게요...",2026-09-14T09:56:27Z,0,0,2026-09-19T06:33:44.893221+00:00
g4h29mJufpc,Ugx3u9QfpdiVbvOcWk54AaABAg,당첨되어도 가질수 없다..,2026-09-14T09:30:23Z,0,0,2026-09-19T06:33:44.893221+00:00
g4h29mJufpc,UgyAKkPNH0iG0uTlSB94AaABAg,걍 5~10년된 아파트 삼...살돈이 없음,2026-09-14T09:25:14Z,1,0,2026-09-19T06:33:44.893221+00:00
g4h29mJufpc,UgyyUxE0WOOhlOPzcxN4AaABAg,정부의 최대 실책,2026-09-14T09:17:35Z,0,0,2026-09-19T06:33:44.893221+00:00
g4h29mJufpc,Ugw9FlOOj3UNxPBWwJt4AaABAg,얼마나 심각한 사태인지 아직 그들은 깨닫지 못하고 있다,2026-09-14T09:11:46Z,0,0,2026-09-19T06:33:44.893221+00:00
g4h29mJufpc,UgxNHVCBtyJ0i_MZnp94AaABAg,ㅋㅋㅋ 여기서도 세대갈등이냐 ㅉㅉㅉ 에효,2026-09-14T09:09:49Z,0,0,2026-09-19T06:33:44.893221+00:00
g4h29mJufpc,UgxCpzWco51LBRvCsS14AaABAg,"급격한 경제성장으로 제도가 현실을 따라가지 못하고 한세대만에 선진국 대열에 오르니 그 세대가 제도적 보완점을 어떻게 구상해야하는지 배우지 못한상태에서 선진국 제도 복붙 느낌으로 시스템을 구축해놓으니 한국 실정이랑 안맞아서 부작용이 계속 나오는것

안정적인 제도가 구축되려면 두세대 정도는 지나야 가능할듯 그마저도 가능할까싶지만..",2026-09-14T09:03:37Z,0,0,2026-09-19T06:33:44.893221+00:00
g4h29mJufpc,UgyYR4Xj5yPmBW6CM6R4AaABAg,딱 이런영상이 분열시키기 딱좋은 주제거든 누가보면 윤석렬때 이명박근혜때는 청년들한테 집을 퍼다준지알겠네,2026-09-14T09:01:52Z,0,0,2026-09-19T06:33:44.893221+00:00
g4h29mJufpc,UgxDQzK09GfoPn5VKEZ4AaABAg,청약은 기득권자들이 만든 합법적 도둑질이다. 더러운세상,2026-09-14T08:57:02Z,0,0,2026-09-19T06:33:44.893221+00:00
g4h29mJufpc,UgzN9zeTl4OpBwCUCMp4AaABAg,나는 대출해주던데 뭐지,2026-09-14T08:55:25Z,0,0,2026-09-19T06:33:44.893221+00:00
g4h29mJufpc,UgzjYxtkRa2b46Gfa4l4AaABAg,솔직히 청약 깨서 그 돈으로 주식 태웠잖아 !! 그걸 무슨 세대 탓 ~ 정부 탓 ~ 하고 있어 ㅋㅋㅋ,2026-09-14T08:54:01Z,0,0,2026-09-19T06:33:44.893221+00:00
g4h29mJufpc,Ugwe9GJZkNdUHw2fU5B4AaABAg,이 영상이나 댓글만 보고 잘못된 판단 하지 마시고 내가 잃는 것과 얻는 것 정확히 알아보시고 판단하세요. 댓글들이 특히 한 쪽 방향으로 치우쳐있네요.,2026-09-14T08:44:08Z,0,0,2026-09-19T06:33:44.893221+00:00
g4h29mJufpc,Ugy7BlWz-mb82xT-XZl4AaABAg,"난 유지한다. 

1. 한 달 2만원 밖에 안함. 그냥 저축 포트폴리오중 하나라고 생각하면 됨. 
2. 횟수 많다면 해지하기 아까움. 정부 바뀌면 어떻게 될지 모름. 
3. 정 급전 필요하면 담보대출 받으면 됨",2026-09-14T08:43:52Z,0,0,2026-09-19T06:33:44.893221+00:00
g4h29mJufpc,Ugz8mUmpLE7MrOGwKqF4AaABAg,이제는 뭐가 정답인지 알 수도 없게 된 것 같네...,2026-09-14T08:42:20Z,0,0,2026-09-19T06:33:44.893221+00:00
g4h29mJufpc,Ugw5ANpd9Y3CDEaA_Cx4AaABAg,그래도 사람 일은 모르는거니 넣고는 있다.. 최소한만 넣긴함.,2026-09-14T08:42:11Z,0,0,2026-09-19T06:33:44.893221+00:00
g4h29mJufpc,UgwNZu_oxzpU-3_cDt54AaABAg,그냥 지금 청약통장 용도는 청약대출 하나밖에 없지않나 근데 그마저도 이자율 옛만큼 싼것도 아니고,2026-09-14T08:38:37Z,0,0,2026-09-19T06:33:44.893221+00:00
g4h29mJufpc,UgwYVfZW7HdIhWVI_o94AaABAg,"사실5억도빚없이 사서 들어갈수있는사람거의없을거다.
집값이 터무니없이 높은 것.",2026-09-14T08:21:48Z,1,1,2026-09-19T06:33:44.893221+00:00
g4h29mJufpc,UgwBBVncMPBBNmCXeuR4AaABAg,니들이 선택한 근저로동배급당이다. 악으로 깡으로 버텨라,2026-09-14T08:21:24Z,1,0,2026-09-19T06:33:44.893221+00:00
g4h29mJufpc,Ugypk3Bdzh6VQlb-JHZ4AaABAg,전문가라는 작자가 10억이 20억? 기본 변두리도  5억분양도 투자가치도 없어보여 못하는데 뭔 10억 20억 소리하고 자빠졌네.청약통장 가진사람들이 다 강남권 사람들인줄 아나,2026-09-14T08:20:43Z,0,0,2026-09-19T06:33:44.893221+00:00
g4h29mJufpc,UgyDAszUcKL2lAf6UGF4AaABAg,분양가 점점비싸지고 대출은 규제ㄱㅋㅋㅋㅋㅋ 걍 해지하라고 정부가만드는중,2026-09-14T08:13:09Z,0,0,2026-09-19T06:33:44.893221+00:00
g4h29mJufpc,UgwEFGbIYKpVWGoL4pp4AaABAg,"소액이니까 그냥 적금넣는다 생각하는데..
어차피 없어지는것도 아니고
주식은 손실만 보고..😢",2026-09-14T07:57:45Z,0,0,2026-09-19T06:33:44.893221+00:00
g4h29mJufpc,UgzMUfKImz1HNOyQIXF4AaABAg,분양으로 살바에 그냥 20평짜리 구건물 2억대 사는게 더 싸게먹힌다 재개발 지역 걸리면 개꿀 ㅋㅋㅋㅋㅋㅋㅋ,2026-09-14T07:38:26Z,2,0,2026-09-19T06:33:44.893221+00:00
g4h29mJufpc,Ugyc3Xrmzheiq4H5vtp4AaABAg,찢차차~!,2026-09-14T07:29:56Z,0,0,2026-09-19T06:33:44.893221+00:00
g4h29mJufpc,Ugy5n8C7BZEZktY9RCR4AaABAg,"분양가가 넘사니까 그렇지 ㅋㅋ 
분양가 7-8억하는대를 어케들어감
본인통장에 2-3억 있어야 대출 받아서 들어가는걸 ㅋㅋㅋ
그럼 낮춰서 다른데 가면되는거 안되겠냐고?
에초에 거긴 선택지가 아닌데 뭘 낮춰ㅋㅋ",2026-09-14T07:26:36Z,1,0,2026-09-19T06:33:44.893221+00:00
g4h29mJufpc,UgzTXFVu1pQrrn13ygx4AaABAg,정부는 집값을 낮출 생각 없음,2026-09-14T07:19:32Z,1,0,2026-09-19T06:33:44.893221+00:00
g4h29mJufpc,Ugxa3VaAiakFrtOtVyx4AaABAg,앞뒤가 전혀 안맞는 정책임. 청약 당첨되려면 소득이 겁나 낮아야 하는데 막상 되서 아파트 사려면 소득이 겁나 높거나 부모도움 무조건 필요함,2026-09-14T07:15:32Z,2,0,2026-09-19T06:33:44.893221+00:00
g4h29mJufpc,Ugyar5sWvM28lKto3wp4AaABAg,일단 분양가 자체가 엄청 올라서... 옛날처럼 3~4억 정도면 모를까...,2026-09-14T07:09:04Z,2,0,2026-09-19T06:33:44.893221+00:00
g4h29mJufpc,UgwtRLvqh2Z2p5OIu4B4AaABAg,그냥 신용대출 우대금리때매 유지함....,2026-09-14T06:58:35Z,0,0,2026-09-19T06:33:44.893221+00:00
g4h29mJufpc,UgzZ_jr922jTAeCH0_h4AaABAg,청약통장 너는 그냥 이자불리기용이야 그이상도 이하도 아님,2026-09-14T06:54:55Z,0,0,2026-09-19T06:33:44.893221+00:00
g4h29mJufpc,UgzrjDAKCZyk4s6Rx4F4AaABAg,총액으로 뽑는게 문제가 아니라 집값이 문제라고하는데 집값은 처 안잡고 오히려 엄한걸 잡으려하네 청약 횟수가 늘고 금액이 늘어나고해야 돌아가는거지 뭔 말도 안되는 소리를 인터뷰 답변이라고 처 하고있냐.,2026-09-14T06:48:08Z,1,0,2026-09-19T06:33:44.893221+00:00
g4h29mJufpc,Ugx8A4DZDa-MPzy7y714AaABAg,해지하고 삼전닉스에 넣는게 훨씬 낫드라,2026-09-14T06:45:28Z,1,0,2026-09-19T06:33:44.893221+00:00
g4h29mJufpc,UgxddYv3tbQAwCaFpmJ4AaABAg,2010년부터 부었는데 진짜 계륵이 따로없음..,2026-09-14T06:40:06Z,0,0,2026-09-19T06:33:44.893221+00:00
g4h29mJufpc,Ugxy6ZkhPVmqvTFibA14AaABAg,대출이 안되는데 당첨되도 무의미,2026-09-14T06:35:43Z,0,0,2026-09-19T06:33:44.893221+00:00
g4h29mJufpc,UgzTQX6hp6nzODk1gxB4AaABAg,"개인의 선택임 1)시세대비 60%정도 가격에 새집을 들어가서 거주하면서 대출상환을 하는 방법 2) 부동산경매 등을 통해 시세대비 60%정도 되는 금액으로 낙찰받아서 살거나(60%이하 가격에 낙찰 + 무주택자 경락잔금대출까지 잘 이용하면 30%가격에도 매입 가능)
3) 청년임대주택 살면서 다른 자산군에 투자하면서 살거나.",2026-09-14T06:34:39Z,0,0,2026-09-19T06:33:44.893221+00:00
g4h29mJufpc,Ugz_3qwX8Tiwj9yl3gB4AaABAg,대 재 명,2026-09-14T06:24:33Z,0,0,2026-09-19T06:33:44.893221+00:00
g4h29mJufpc,UgzFwXdUrDtTSz7bngV4AaABAg,"하는 짓거리가 참 투명하지.. 납입금 2배로 올린 순간부터 저속득층은 그냥 아웃이었음.
10만원씩 꾸준히 10년 20년 부으면 뭐하나. 20만원씩 5년 10년 부은 사람이 유리한데
게다가 서울 수도권신도시에 새아파트?? 10억은 있어야 되는데 그 돈 있는 사람이 얼마나 될까?
애초에 당첨도 무리수지.. 결혼하고 애 낳고 부모님까지 모셔도 될까말까인데
1인 가구가 절반이 넘는데 되겠음? 
그냥 돈 많은 사람들끼리 해먹어라. 납입금도 10배 정도 높여서 있는 사람들이 더 내면 됨
괜히 돈 없는 서민에게 뜯어서 여러 제도 운영하려고 하지 말고",2026-09-14T06:10:58Z,1,0,2026-09-19T06:33:44.893221+00:00
g4h29mJufpc,UgzWOBIKACpbJh4yxBh4AaABAg,나도 해지 했음. 가격이 가능한 곳은 경쟁이 치열해서 점수가 부족하고 그렇지 못한곳은 터무니 없이 가격이 비싸고 그냥 포기했음.,2026-09-14T06:05:19Z,1,0,2026-09-19T06:33:44.893221+00:00
g4h29mJufpc,Ugw3cim1ecQRe8ynz9l4AaABAg,깨지도 못하겠는게...나는 이거 깬다고 딱히 인생에 도움되는 돈도 아님 ㅠㅠ,2026-09-14T05:53:12Z,222,4,2026-09-19T06:33:44.893221+00:00
g4h29mJufpc,UgyILfQ44ewCmI-89154AaABAg,신축아니라도 빈집 많고 매매 많다,2026-09-14T05:32:10Z,0,0,2026-09-19T06:33:44.893221+00:00
g4h29mJufpc,Ugz1rnlOOrPSGijA-Kp4AaABAg,해지하고 QLD를 더 모아야겠다!,2026-09-14T05:24:39Z,0,0,2026-09-19T06:33:44.893221+00:00
g4h29mJufpc,UgwwQl_c43uSyjC8y8B4AaABAg,난 가산점 높아도 안되던데,2026-09-14T05:23:28Z,0,0,2026-09-19T06:33:44.893221+00:00
g4h29mJufpc,Ugz6tGxEcNMKHWZyPgZ4AaABAg,나라 말아먹는거 쉽네 진짜,2026-09-14T05:17:56Z,0,0,2026-09-19T06:33:44.893221+00:00
g4h29mJufpc,UgwLIARgRu5aMjue1Dt4AaABAg,ㅋㅋㅋㅋㅋㅋㅋㅋㅋ 계약금부터 내기가 힘든데 당첨이 백날 되면 뭐함 ㅋㅋㅋㅋㅋ,2026-09-14T05:14:49Z,0,0,2026-09-19T06:33:44.893221+00:00
g4h29mJufpc,UgzUu6G1hoS7Y-DrlMB4AaABAg,나도  주택청약  2천만원  모였던데  해지햇음 ..,2026-09-14T05:08:04Z,0,0,2026-09-19T06:33:44.893221+00:00
g4h29mJufpc,UgwjMFla06OMLTqEZ1h4AaABAg,집 좀 사고 싶다,2026-09-14T04:54:40Z,0,0,2026-09-19T06:33:44.893221+00:00
g4h29mJufpc,Ugx2iIA6Fu37EJXJYX14AaABAg,어찻피 당첨되도 들어갈 돈 없어서 해지했음. 현실은 집 구하기 쉽지 않음. 이러다 진짜 집 없이 사는 텐트족 같은거 나오는거아닌까 싶음,2026-09-14T04:54:20Z,0,0,2026-09-19T06:33:44.893221+00:00
g4h29mJufpc,UgwTQe3dQ3KgHbtcNR14AaABAg,시ㅂ 무조건 가족 많으면 아파트가 필요한건가? 가족 부양 적은 사람은 아파트 가질 점수부터 적게주는게 제일 개 빡치는거라고,2026-09-14T04:41:11Z,0,0,2026-09-19T06:33:44.893221+00:00
g4h29mJufpc,UgzkfMhF95sLmed2PqR4AaABAg,원래 신축분양이 제일 쌌었는데 요새 대전만봐도 분양하는게 젤비싸. 가장동이 8억을 부르지 않나 😮,2026-09-14T04:23:14Z,2,1,2026-09-19T06:33:44.893221+00:00
g4h29mJufpc,Ugw13vzvK0GD2hcK_UR4AaABAg,해지할 사람 해지하고 나면 제도 개선 나올듯,2026-09-14T04:13:06Z,0,0,2026-09-19T06:33:44.893221+00:00
g4h29mJufpc,UgwwngLyf200mcjZT7R4AaABAg,"얼마나 비싸냐?
로또 1등되도 못 삼...",2026-09-14T04:05:00Z,62,0,2026-09-19T06:33:44.893221+00:00
g4h29mJufpc,UgwSIa0T8Gie2UQuPgJ4AaABAg,대출 없고 자금도 있지만 가치성 대비 너무 비싸서 해지는 안해도 때는 아니다,2026-09-14T04:02:51Z,0,0,2026-09-19T06:33:44.893221+00:00
g4h29mJufpc,UgyQ_kwJzEo4iTzU1-l4AaABAg,서울 분양가가 20억이다 ㅋㅋㅋ,2026-09-14T03:54:30Z,1,0,2026-09-19T06:33:44.893221+00:00
g4h29mJufpc,UgwvbzWTW6XYBCEH-YZ4AaABAg,3:14 지방은 그렇구나...!,2026-09-14T03:43:35Z,0,0,2026-09-19T06:33:44.893221+00:00
g4h29mJufpc,UgxaWnCTM5r9wQsqMkx4AaABAg,정책 또 바뀌면 청약깼는데!!!! 하는사람들 넘쳐나겠구만 ㅎ 얼마 하도않는거 그냥 냅두지,2026-09-14T03:26:02Z,0,0,2026-09-19T06:33:44.893221+00:00
g4h29mJufpc,UgwgexQHtd7-__SrSZ54AaABAg,훠~,2026-09-14T03:19:18Z,0,0,2026-09-19T06:33:44.893221+00:00
g4h29mJufpc,UgxOOH_w6CjjVswHE2h4AaABAg,"1인가구 불리함
3인가구 불리함
4인가구 도박
5인가구 이미 텅장

걍 개답없음
유지하는게 호구임 ㅋㅋㅋㅋㅋㅋㅋㅋㅋㅋ진짜",2026-09-14T03:07:18Z,0,0,2026-09-19T06:33:44.893221+00:00
g4h29mJufpc,UgxOKO6JNzZz-riA-eF4AaABAg,저거 다 문ㅈㅇ때문이네.,2026-09-14T03:02:01Z,1,0,2026-09-19T06:33:44.893221+00:00
g4h29mJufpc,UgyJduD60KdMbb0Tqgx4AaABAg,"1억~2억 짜리 똥 빌라 소유하고 있다고 무주택기간 점수에서 제외되는 자체가 이상하지.
누구는 8억짜리 집 전세 살면서 무주택 기간 혜택받고.
소득조건은 낮아야 되지만
가진 재산은 많아야 분양 받을 수 있는 모순 덩어리",2026-09-14T03:00:21Z,1,0,2026-09-19T06:33:44.893221+00:00
g4h29mJufpc,UgxQwTmQaPgKNBeVr-x4AaABAg,애초에 청약당첨되서 들어가는사람들이 집에서 도와주니 돈있어서 결혼하고 애있고 집도 집에서 해주는 사람들인데 청약까지 당첨시켜주니 있는놈들이 더버는 세상이지,2026-09-14T02:59:35Z,0,0,2026-09-19T06:33:44.893221+00:00
g4h29mJufpc,UgxwpgeFEUVIM1IBtip4AaABAg,요즘 그냥 집값이 미쳐돌어가는중임....재개발을 해도 문제임... 분담금 요즘 미쳐돌아가지고....9억짜리 집이 재개발한다고 그래서 분담금 보니까 7억........ 이번에 결혼하고 올해 출산해서 청약을 해보려고 봐도 그 가격이 쉽지않음....,2026-09-14T02:58:29Z,1,0,2026-09-19T06:33:44.893221+00:00
g4h29mJufpc,UgwCUczZBl_fVBTC2xF4AaABAg,"근데 저거 만점가까이 나올라면
나이 45에 자식들도 있어야는데
그럼 금수저들 꼼수부리지는 못하겠네",2026-09-14T02:56:52Z,0,0,2026-09-19T06:33:44.893221+00:00
g4h29mJufpc,UgxBzYKq64GVhoK8crV4AaABAg,결혼 출산율 내려가고 이민자들 들어오겠지,2026-09-14T02:53:26Z,0,0,2026-09-19T06:33:44.893221+00:00
g4h29mJufpc,UgwlXDh7lAyspkG5wzx4AaABAg,국민은 중국산먹고 재벌은 국내산 먹고 나라가 진짜 잘사는사람만 잘사는나라,2026-09-14T02:52:00Z,0,0,2026-09-19T06:33:44.893221+00:00
g4h29mJufpc,Ugx_5qU0wrPQIRJYc_d4AaABAg,"급전, 급한 것 아니면 갖고 있는게 좋을 것 같습니다. 정책과 정부는 또 바뀔 수 있는거라.",2026-09-14T02:43:12Z,1,0,2026-09-19T06:33:44.893221+00:00
g4h29mJufpc,UgxcYkuxfTfcYXCHKHh4AaABAg,대출3억만 빌려도 월이자 180만원 인건가?,2026-09-14T02:36:19Z,1,0,2026-09-19T06:33:44.893221+00:00
g4h29mJufpc,Ugy1bBqCmoMpkd2hdxR4AaABAg,애초에 분양가가 너무 높음. 문제는 주변 시세보다도 훨씬 높은 경우가 많으니까 분양가 주고 살 바에 미달 뜨면 할인 받고 사는데 훨 나음.,2026-09-14T02:33:01Z,13,0,2026-09-19T06:33:44.893221+00:00
g4h29mJufpc,Ugzzi_MBnjrql77i-al4AaABAg,드디어 당첨!! 입성! 와 천장  누수 덤탱이 부실공사 당첨!,2026-09-14T02:30:27Z,0,0,2026-09-19T06:33:44.893221+00:00
g4h29mJufpc,UgyS3BIQdNejwznWIih4AaABAg,그냥 그만큼 먹고살기 힘들어진거지 뭐..,2026-09-14T02:27:04Z,0,0,2026-09-19T06:33:44.893221+00:00
g4h29mJufpc,Ugz9uQx-aLIc6KHGs-d4AaABAg,미분양도 엄청 많아.,2026-09-14T02:24:45Z,0,0,2026-09-19T06:33:44.893221+00:00
g4h29mJufpc,UgwDMNVLVUKQwKu1pQl4AaABAg,청약 13년 넣었는데 뭐 당첨 하나도 안돼서 그냥 뺐음,2026-09-14T02:22:16Z,0,0,2026-09-19T06:33:44.893221+00:00
g4h29mJufpc,UgwfEEGs4KLkeaDVUYZ4AaABAg,결국엔 정부가 청년들 내집마련을 막고 전월세 살게 하는데 다주택자 규제로 전월세도 폭등시켜버림ㅋㅋㅋㅋ정확히 의도한대로 국민들 살기 힘들게 만듦,2026-09-14T02:21:11Z,0,0,2026-09-19T06:33:44.893221+00:00
g4h29mJufpc,UgzNDLSclE76b_g75s14AaABAg,청약 통장 이자율 써져 있는 건 도대체 언제 줌?,2026-09-14T02:20:53Z,0,0,2026-09-19T06:33:44.893221+00:00
g4h29mJufpc,UgypX56wGrybWoA6KCF4AaABAg,결국 진짜 80년도 후반이랑 90년대생들만 피해제일크지...,2026-09-14T02:12:40Z,396,4,2026-09-19T06:33:44.893221+00:00
g4h29mJufpc,Ugw-hlgLlHii9wUIyo14AaABAg,그냥 적금 통장일뿐 ㅋ,2026-09-14T02:07:24Z,0,0,2026-09-19T06:33:44.893221+00:00
g4h29mJufpc,UgzvSsy1m_a_jQYF4-V4AaABAg,"근데 왜 지방을 지역 이라고 해요??
지방이란 단어가 차별적 단어에요?",2026-09-14T02:03:20Z,0,0,2026-09-19T06:33:44.893221+00:00
g4h29mJufpc,UgzcITFg6AiF-BvX7854AaABAg,우리끼리 싸울 필요 없다,2026-09-14T01:56:31Z,0,0,2026-09-19T06:33:44.893221+00:00
g4h29mJufpc,UgzsVPoV5wKiIIe51QB4AaABAg,저돈내고 외딴곳+하자투성이 살바에 그냥 인프라 다 갖춰진 잘지어진 구축사는게 훨 낫지,2026-09-14T01:48:37Z,0,0,2026-09-19T06:33:44.893221+00:00
g4h29mJufpc,UgwwKHQSc2OroF3y4kl4AaABAg,"ㅋㅋㅋ공공분양 기준
ㅈ같은 아파트 주는데

그거도 뭐 맨날 전월세살이만 한 58세 자녀4명 김춘배씨같은 사람들이 당첨되니
젊은 사람 입장에서 조또 할 필요가 없음ㅋㅋㅋㅋㅋㅋㅋㅋㅋ

심지어 비과세나 혜택 등은 더 줄여서
그냥 한달에 2만원 파킹해놓으면 끝인 통장된거지",2026-09-14T01:35:09Z,0,0,2026-09-19T06:33:44.893221+00:00
g4h29mJufpc,Ugzwhu4BAFZ-3mDHlnJ4AaABAg,점수 낮아서 어짜피 안되는데 당첨되도 ㅈㄴ비싸고 지금짓는집들 하자생각하면 스트레스 개오짐...,2026-09-14T01:27:42Z,0,0,2026-09-19T06:33:44.893221+00:00
g4h29mJufpc,UgzCy9tF23gFLPGCTl94AaABAg,"비싼집은 돈 없어서 못 사고, 싼 집은 청약이 없어도 살 수 있고...",2026-09-14T01:23:55Z,21,0,2026-09-19T06:33:44.893221+00:00
g4h29mJufpc,Ugw3YYH6qQTwKVN5iid4AaABAg,청약통장 금리를 대출금리 수준으로 올려라,2026-09-14T01:20:39Z,0,0,2026-09-19T06:33:44.893221+00:00
g4h29mJufpc,Ugx6ReyBndsSYGZOgkR4AaABAg,"청약 당첨되도 계약금도 20%임
10%도 아니고 20%
수도권 기준 계약금 최소 5~8천임
순수 현금 가능함?
거기다 대출 막았지, 대출 된다고 해도 이자 납부 가능함?
이자 3% 보기 힘듬, 최소 4% 시작이고.
청약 의미없어진지 꽤 오래됐음",2026-09-14T01:09:17Z,2,0,2026-09-19T06:33:44.893221+00:00
g4h29mJufpc,UgwlUcSjYQMneZ2ZYSp4AaABAg,재인이가 이 재앙을 일으켰지,2026-09-14T00:54:14Z,1,0,2026-09-19T06:33:44.893221+00:00
g4h29mJufpc,UgwItvGjmghebIcJKd94AaABAg,결혼하거나 아이를 가진 사람한테 이점을 더 주는건 당연한거 아닌가요?,2026-09-14T00:42:21Z,1,0,2026-09-19T06:33:44.893221+00:00
g4h29mJufpc,UgxcgSbm51csJUutG-h4AaABAg,"저는 가점제가 잘못이 크다고 생각해요. 청약 통장은 청약할 권리를 부여 하는 딱 순수하고 단순한 기능만 했었어야 할 것 같습니다. 가점제의 목적은 좋았겠으나 복잡할수록 갈등은 늘고, 효과는 여전히 비확정적인 순번에 그치는지라, 비용편익이 나쁘다고 생각하거든요. 이제 본격적으로 그 비용을 갚을 시기가 왔나보네요.",2026-09-14T00:35:07Z,0,0,2026-09-19T06:33:44.893221+00:00
g4h29mJufpc,Ugxn9Jb-imtjUz5AAzl4AaABAg,그나마 예전엔 대출로 영끌이라도 시도해보지 지금은 온갖 규제규제규제규제 규제규제규제 온 나라가 그냥 규제 덩어리임,2026-09-14T00:28:45Z,1,0,2026-09-19T06:33:44.893221+00:00
g4h29mJufpc,UgzA2z5Sfl76zp6iNkN4AaABAg,"대출 금리 우대 받는것도 있는데😢
최저로 하고 남겨두시지😢😢",2026-09-14T00:27:43Z,0,0,2026-09-19T06:33:44.893221+00:00
g4h29mJufpc,UgxPx4olFDCBKHIglbR4AaABAg,당첨되면 뭐함 ㅋㅋㅋ 계약금 넣기도 힘든 분양간데 ㅅㅂ,2026-09-14T00:23:16Z,1,0,2026-09-19T06:33:44.893221+00:00
g4h29mJufpc,UgzOXh9NuKwt820TJ594AaABAg,결혼해도 애 없으면 의미없음. 애도 하나 말고 한 둘셋은 있어야 의미있음,2026-09-14T00:07:49Z,0,0,2026-09-19T06:33:44.893221+00:00
g4h29mJufpc,UgxNL68O2-wfLKV8pBV4AaABAg,"민주당과 이재명대통령님이 한짓을 보면
....",2026-09-14T00:05:14Z,0,0,2026-09-19T06:33:44.893221+00:00
g4h29mJufpc,UgyQz0NZ1kKYcdv2Q914AaABAg,애초에 신축 가격 ㅈㄴ게 올라서 의미가없다,2026-09-14T00:00:11Z,1,0,2026-09-19T06:33:44.893221+00:00
g4h29mJufpc,Ugw5Ki7Lrg_ZfHOjPMt4AaABAg,"당첨되셨습니다~~~  40억 아파트
??:살수있으면 사보세요~~",2026-09-13T23:52:54Z,0,0,2026-09-19T06:33:44.893221+00:00
g4h29mJufpc,UgyAnqMBVbU5aA6sW3l4AaABAg,그돈 그냥 미장 voo에 1년 처박아두면 최소 10%먹음,2026-09-13T23:51:31Z,0,0,2026-09-19T06:33:44.893221+00:00
g4h29mJufpc,UgzOXhhl6OfpFEsvA094AaABAg,나도 3천 쌓였는데 이거 모하러 갖고 있나 싶음....,2026-09-13T23:46:42Z,0,0,2026-09-19T06:33:44.893221+00:00
g4h29mJufpc,UgwhLpt6vE_av8Rhgfl4AaABAg,청약통장 해지해야하나 주택도시기금은 또뭐냐,2026-09-13T23:40:15Z,0,0,2026-09-19T06:33:44.893221+00:00
g4h29mJufpc,UgxgDBLWsyAzB_mledZ4AaABAg,이미 3년전에 깨고 내 돈으로 집 샀습니다.,2026-09-13T23:39:44Z,0,0,2026-09-19T06:33:44.893221+00:00
g4h29mJufpc,UgwussvuA_Dwv-AM4VZ4AaABAg,청약은 대출받을때 금리 낮출라고 유지하는거 아님? ㅋㅋㅋㅋ,2026-09-13T23:34:48Z,0,0,2026-09-19T06:33:44.893221+00:00
g4h29mJufpc,UgzQcGKUGF4bfANSAzF4AaABAg,당첨되어봤자 못들감..,2026-09-13T23:34:24Z,0,0,2026-09-19T06:33:44.893221+00:00
g4h29mJufpc,UgziUQNXEXn4LhTr3814AaABAg,청약 아까워서 비상금을 청약 담보 대출 쓰면 돈도 묶여 이자도 뺐겨 최악의 통장 무쓸모 통장 당첨되면 분양가 높아서 여기저기 또 빌리고 대출받아야됨 결국 집 포기 OR 은행에 뺏기거나 똥값 매매,2026-09-13T23:34:08Z,0,0,2026-09-19T06:33:44.893221+00:00
g4h29mJufpc,UgwIlH4bDuvaTyuWcNt4AaABAg,계약금도 못냄,2026-09-13T23:32:54Z,0,0,2026-09-19T06:33:44.893221+00:00
g4h29mJufpc,Ugz89Q_2zjjIY-7KZN54AaABAg,"부동산 못잡으면 대한민국의 미래는 없다
집때문에  조건만 보고 결혼했다가 이혼하는 가정이 많고 정작 서로 찐사랑인 사람들은 집값 때문에 돈이 없어 결혼을 포기하고 그러다보니 출산율 박살나고 ㅋㅋ",2026-09-13T23:31:56Z,0,0,2026-09-19T06:33:44.893221+00:00
g4h29mJufpc,UgwYrRJQ5cLvbUYI3ZZ4AaABAg,뭐가 문재인 지 이재명 확 하죠?,2026-09-13T23:31:29Z,0,0,2026-09-19T06:33:44.893221+00:00
g4h29mJufpc,Ugwa_osjTtuMnhdEpSN4AaABAg,대재명이 만든 대단한 나라,2026-09-13T23:30:33Z,0,0,2026-09-19T06:33:44.893221+00:00
g4h29mJufpc,UgyV_lCOArvTPmsLuwF4AaABAg,지금 분양가보고도 왜 해지하는지 모르는게 웃기지 ㅋㅋ,2026-09-13T23:29:23Z,0,0,2026-09-19T06:33:44.893221+00:00
g4h29mJufpc,Ugw8IWx-fctG-DPyq0p4AaABAg,그거 10년 넘게들고있어도 당첨 안되고 신혼분양도 사기인가 싶을정도로 조부모까지 모시는 급의 가점제던데 왜함.,2026-09-13T23:26:21Z,0,0,2026-09-19T06:33:44.893221+00:00
g4h29mJufpc,Ugy9hErgeKOnOB7WxGt4AaABAg,5:14 ㅋㅋㅋ,2026-09-13T23:25:50Z,0,0,2026-09-19T06:33:44.893221+00:00
g4h29mJufpc,UgzP2cPTqwAXmgVjQDZ4AaABAg,한참 주식때문에 그랬을수도... 나도 그랬으니까,2026-09-13T23:24:48Z,0,0,2026-09-19T06:33:44.893221+00:00
g4h29mJufpc,UgxSp0xFIP3K-ME42fx4AaABAg,강남에 돈 많은 사람들이 당첨 돼서 팔아먹거나 자식 명의로 돌리더라.. 로또는 로똔데 ㅈㄴ게 비싸서 중산층 이하는 거들떠 볼수도 없는 로또 ..ㅎ,2026-09-13T23:22:19Z,0,0,2026-09-19T06:33:44.893221+00:00
g4h29mJufpc,UgzdZNyOlUzqfN-X2_54AaABAg,"내가 소위말하는 대한민국 메이저 5대 대기업 10년차인데,
작년에 8년 넣은 청약 해지하고 주식이랑 코인에 나눠 넣었음.
서울내에 아파트 구입은 사실상 청약 당첨이 되어도 문제고,
지방이나 경기도 쪽은 청약이 필요가 없음.
그리고 여러가지 따져봐도 청약이 나를 위한게 아님이라 판단해서
그냥 해지했음.",2026-09-13T23:18:26Z,1,0,2026-09-19T06:33:44.893221+00:00
g4h29mJufpc,Ugz4bEIqjjPknGEMjb94AaABAg,"문재인, 이재명이 만든 세상.",2026-09-13T23:06:13Z,0,0,2026-09-19T06:33:44.893221+00:00
g4h29mJufpc,UgxnrVAFcrKBIRM67LV4AaABAg,소득공제용으로 쓰는거지뭐,2026-09-13T23:02:45Z,0,0,2026-09-19T06:33:44.893221+00:00
g4h29mJufpc,Ugyk-dseG1soU0yPial4AaABAg,ㅎㅎ이걸아직들고있다니....쩝 ㅎirp나드셈,2026-09-13T23:02:41Z,0,0,2026-09-19T06:33:44.893221+00:00
g4h29mJufpc,UgxA70OFRVBtXcwk2I54AaABAg,기회가 와도 무슨 돈으로? 😮,2026-09-13T22:59:48Z,0,0,2026-09-19T06:33:44.893221+00:00
g4h29mJufpc,UgwA7Uc9zTX0pfLoarh4AaABAg,진짜 심각하다.. 재앙과 찢의 콜라보..,2026-09-13T22:59:47Z,1,0,2026-09-19T06:33:44.893221+00:00
g4h29mJufpc,UgzW5KRKG0U6r__m8X94AaABAg,어이어이 기본소득이나 받고 살라고 ㅋㅋ,2026-09-13T22:54:16Z,0,0,2026-09-19T06:33:44.893221+00:00
g4h29mJufpc,Ugy_L7Pg_Nne-lNBi994AaABAg,가점을 더 주려 하거나 공급을 더 늘리려 생각 말고 분양가나 잡으라고...😢,2026-09-13T22:52:22Z,0,0,2026-09-19T06:33:44.893221+00:00
g4h29mJufpc,UgyI2R0L_ofU5YYDw2B4AaABAg,신혼부부는 신생아대출할때 이자감면 최대 0.5됨 조건충족할만큼만 하는거 추천,2026-09-13T22:48:05Z,0,0,2026-09-19T06:33:44.893221+00:00
g4h29mJufpc,UgwLIAFXgzDJyQ0oDdJ4AaABAg,"21살부터 청약통장들어서 12년째 넣고 있는데, 그래도 청약이 되지 않는데, 이게 뭔 의미가 있냐",2026-09-13T22:44:00Z,0,0,2026-09-19T06:33:44.893221+00:00
g4h29mJufpc,UgzfzSTsWwamsH-cHjd4AaABAg,나는 주택청약종합저축으로 해가 이자를 많이 받는 중인데~,2026-09-13T22:43:02Z,0,0,2026-09-19T06:33:44.893221+00:00
g4h29mJufpc,Ugy8y_qBu5xhXqVUFxZ4AaABAg,집값좀 어떻게 해라!!!!,2026-09-13T22:35:05Z,0,0,2026-09-19T06:33:44.893221+00:00
g4h29mJufpc,UgzjynBqAKzUAuKhMfB4AaABAg,지방 마이너스피 인데 ㅋㅋ,2026-09-13T22:34:01Z,0,0,2026-09-19T06:33:44.893221+00:00
g4h29mJufpc,UgyKRxzYJanOQSKR38N4AaABAg,"회사는 계속 이동하고 안정적이지 못 한데, 비싸고 움직이지 못하는 집이 무슨 의미가 있나?",2026-09-13T22:22:47Z,0,0,2026-09-19T06:33:44.893221+00:00
g4h29mJufpc,Ugwh_Pza0htxX_TkzGJ4AaABAg,청약을 깬 다음 예적금과 CD금리액티브로 갑니다... 모두가 적금 깨고 있을 때 주식 들어가면 어떻게 되는지 알지..?,2026-09-13T22:20:07Z,0,0,2026-09-19T06:33:44.893221+00:00
g4h29mJufpc,UgwIbkGlJ5LS74mKEcN4AaABAg,20대에 아파트가 있다? ㅋㅋ 99프로가 금수저임,2026-09-13T22:19:27Z,0,0,2026-09-19T06:33:44.893221+00:00
g4h29mJufpc,Ugwyg9K8Vu_BKBNYtjR4AaABAg,널리고 널린게 집이다... ㅉㅉ... 근복적인 원인이 뭔지도 모르고 떠들어대고잇으니.. 에휴..,2026-09-13T22:09:22Z,0,0,2026-09-19T06:33:44.893221+00:00
g4h29mJufpc,UgyoWvBVoVD9XTP4HqZ4AaABAg,ㅈㄴ 웃긴게 청약 무주택 조건중에 부모님도 집이 없어야하는 것도 있음ㅋㅋㅋㅋㅋ,2026-09-13T22:07:37Z,0,0,2026-09-19T06:33:44.893221+00:00
g4h29mJufpc,UgxBUj04kzsxJ6oRi8p4AaABAg,청약통장이었어? 적금아니었던가ㅋㅋㅋ,2026-09-13T22:01:50Z,0,0,2026-09-19T06:33:44.893221+00:00
g4h29mJufpc,UgxqiXnpC3yQLnnqoJd4AaABAg,청약을 드는 이유는 그 아파트에서 살기 위함이 아닌 청약에 당첨되서 프리미엄 붙여서 분양권 팔목적이 더 많다 그래서 나라가 이꼬라지임...,2026-09-13T21:57:11Z,1,0,2026-09-19T06:33:44.893221+00:00
g4h29mJufpc,Ugwuwdnr3_0lwuasiRp4AaABAg,ㄹㅇ 그돈으로 주식 안전빵에 넣지,2026-09-13T21:52:12Z,0,0,2026-09-19T06:33:44.893221+00:00
g4h29mJufpc,Ugz7xnYuiNFsOgv_yMp4AaABAg,"청약 제도 자체가 건설사가 돈이 없던 시절에 국민들한테 돈을 미리 받아서 지어서 분양하자는거였는데
지금은 청약 제도가 정말 필요하긴 한지 폐지를 고민해야 한다고 봄.",2026-09-13T21:50:02Z,0,0,2026-09-19T06:33:44.893221+00:00
g4h29mJufpc,Ugz43uoLWxXDMm1ljtB4AaABAg,저도 거진 13년 부었는데 결혼도 했고 아들도 하나 있고 당첨도 안되고 분양가도 높고 나보다 높은 점수들이 널렸는데 굳이 부어야 하나 하고 그냥 돈 필요해서 해지해버림,2026-09-13T21:47:48Z,0,0,2026-09-19T06:33:44.893221+00:00
g4h29mJufpc,UgyEpMOaNIudd-pTBcR4AaABAg,"청약당첨되도

대출도안돼 다안됨 왜만든거임",2026-09-13T21:47:22Z,0,0,2026-09-19T06:33:44.893221+00:00
g4h29mJufpc,UgwBYTLR1S9GISRYDlF4AaABAg,"당첨돼도 돈이 많이 필요함
근데 당첨되려면 신혼 점수가 필요함
근데 결혼도 제대로 하려면 또 돈이 필요함",2026-09-13T21:44:21Z,0,0,2026-09-19T06:33:44.893221+00:00
g4h29mJufpc,UgxhQRyLba4XbMTarAt4AaABAg,국민연금도 없애자 타지도 못할거 무슨 의미있냐?,2026-09-13T21:41:28Z,0,0,2026-09-19T06:33:44.893221+00:00
g4h29mJufpc,Ugw6nW9CsyyzhJGGAOV4AaABAg,정부가 나서서 임대만 둘러치는데 하겟냐 ? ㅋㅋ,2026-09-13T21:39:46Z,0,0,2026-09-19T06:33:44.893221+00:00
g4h29mJufpc,UgzXV_trHFY9Q5cFUO14AaABAg,서울 아니면 어느지역이든 구요는 없고 공급이 넘쳐남,2026-09-13T21:34:50Z,0,0,2026-09-19T06:33:44.893221+00:00
g4h29mJufpc,UgzYc56PLXoFTBsY1x54AaABAg,"내가 이재명도 아닌데
청와대에 들어가면서 집을 살 수도 옮길 수도 없는디",2026-09-13T21:31:49Z,0,0,2026-09-19T06:33:44.893221+00:00
g4h29mJufpc,Ugxpixn-TI_qf8X2isB4AaABAg,거주의 안정이 결혼으로 이어진다는 말이 정말 와닿네 요즘 결혼하고 집 마련하는 사람이 얼마나 있겠음,2026-09-13T21:22:37Z,0,0,2026-09-19T06:33:44.893221+00:00
g4h29mJufpc,Ugw5t5l_o2q14XQt0fZ4AaABAg,보통당첨대면 집담보로 대출받으면 어느정도땡겨짐 근데문제는 계약금임 최소1~2억이 현금으로있어야함ㅋㅋ 근데당첨될시기에 그정도현금 보유하기쉽지않은게현실,2026-09-13T21:19:54Z,0,0,2026-09-19T06:33:44.893221+00:00
g4h29mJufpc,Ugwc8ZJmI-j8vzQtSWx4AaABAg,"뉴스에도 다시 한번 나올때가 됐는데 ㅋㅋ
은행에 피해갈까봐 안나오는거임?? 누가 생각해도 이제 청약통장은 필요없어졌음",2026-09-13T21:19:45Z,0,0,2026-09-19T06:33:44.893221+00:00
g4h29mJufpc,Ugyvwhby7XQfZHOYtjF4AaABAg,13년짜리 청약통장 해지해서 에센피에 투자했슴. 의ㅡ미없슴,2026-09-13T20:51:27Z,0,0,2026-09-19T06:33:44.893221+00:00
g4h29mJufpc,Ugz2bRFlC5_YjxRUfFF4AaABAg,나는 10년 전에 든 청약통장 한 4년 전부터 안넣고는 있는데 해지는 안하고있음. 미래엔 정책이 어떻게 바뀔지 모르니 납입은 안해도 해지는 못하는 중. 사람들이 요새 가입도 안하고 해지는 늘어난다니 존버하면 30년 뒤엔 뭐라도 쓸만하겠지 뭐...,2026-09-13T20:45:56Z,0,0,2026-09-19T06:33:44.893221+00:00
g4h29mJufpc,Ugy_rnNiN8A18QkfZgd4AaABAg,응 아파트 샀어 대출도 없어 청약 안해~,2026-09-13T20:28:38Z,0,0,2026-09-19T06:33:44.893221+00:00
g4h29mJufpc,Ugw_ijbF9XTK1KDs7JZ4AaABAg,청약통장에 부담없이 넣어서 마련할 수 있는 목돈의 규모가 적정 주택가격인데 요즘 같아선 청약통장 100개도 부족할 금액이라 ㅋㅋㅋ,2026-09-13T20:10:11Z,0,0,2026-09-19T06:33:44.893221+00:00
g4h29mJufpc,UgzXbE8Qm-PGXnfo6_d4AaABAg,웃긴게 저거 혜지하면 그동안 세금혜택 받은거 다 토해내라함 ㅋㅋ,2026-09-13T19:57:17Z,0,0,2026-09-19T06:33:44.893221+00:00
g4h29mJufpc,UgyMgHMUTGamtJcRPRJ4AaABAg,"인천 몇년 살다 이번에 나왔는데, 분양가가 주변 시세보다 두배 높은데도 있음. 아무리 신축이라지만 집값이 상승은 커녕 하락되는데도 있으니까 굳이.. 싶더라",2026-09-13T19:33:31Z,0,0,2026-09-19T06:33:44.893221+00:00
g4h29mJufpc,UgzoWEd8-6Z3Djf7Mud4AaABAg,"대출이 막힌게 문제가 아니야
근로소득과 분양가의 괴리가 심해지면서 이 꼴 된거지
부동산이 주거 목적이 아니게 된 나라에서 이건 뻔한 결과임",2026-09-13T19:03:28Z,0,0,2026-09-19T06:33:44.893221+00:00
g4h29mJufpc,UgwkIVdthw9-YbkzdP54AaABAg,세계적으로 대도시 중에 서울이 PIR지수가 가장높음. 그래서 집값을 떨어뜨려야 하는데 서울시 집값 평균이15억이라고 하면 3-5억은 벌어야 전체 평균값에 맞춰지고 아무리 못해도 1.5억 이상은 연에 벌어야함. 근데 대출을 막아고 규제를 높여야 상대적으로 집값이 떨어지니까 지금은 과도기에 있어서 다 힘들다고 봄. 부동산으로 먹고사는 시대는 끝나야 함 그래야 산업발전을 더 하지..,2026-09-13T18:44:37Z,0,0,2026-09-19T06:33:44.893221+00:00
g4h29mJufpc,UgyoyS9o1zkG4in8VKR4AaABAg,재~맹(드럼통으로),2026-09-13T18:33:18Z,0,0,2026-09-19T06:33:44.893221+00:00
g4h29mJufpc,UgxivHM47bojA1uwRhF4AaABAg,아파트청약 어케해요?  SH LH랑은 다른거에요?,2026-09-13T18:02:23Z,0,0,2026-09-19T06:33:44.893221+00:00
g4h29mJufpc,Ugy-7g1s3-A_FAifJbR4AaABAg,그래도 큰돈 넣는게 아니니 미래는 어떻게변할지모르고 일단 홀딩이 맞는거같음,2026-09-13T18:02:14Z,0,0,2026-09-19T06:33:44.893221+00:00
g4h29mJufpc,UgxuC5mPN2K-aOcwlZt4AaABAg,청년주택도 보증금이 너무 비싼거 같아요 공실 많던데..,2026-09-13T17:56:01Z,0,0,2026-09-19T06:33:44.893221+00:00
g4h29mJufpc,Ugyt8Q0CYOVbdXz8GGt4AaABAg,금수저들 자식들 청약해서 신축아파트 입주하고 팔아서 차익남겨먹는 제도 아닌가?,2026-09-13T17:49:13Z,0,0,2026-09-19T06:33:44.893221+00:00
g4h29mJufpc,UgylaQYwvk31oNRjPkd4AaABAg,"1인가구 되도 못썼는데
결혼하고 내집마련 하려고 보니 소득 높아서 무쓸모
근데 소득 높아도 대출 안나오고 집사긴 턱없이 부족
에라이",2026-09-13T17:35:36Z,0,0,2026-09-19T06:33:44.893221+00:00
g4h29mJufpc,UgwWmjMFaWPH1KcD5z54AaABAg,1년만에 사회를 이렇게 십창내기도 쉽지 않을텐데 대단하다 대단해…,2026-09-13T17:35:30Z,0,0,2026-09-19T06:33:44.893221+00:00
g4h29mJufpc,UgyFhHC6TUQ8gGfaxo94AaABAg,심지어 청약 납입횟수로 점수가 달랐는데 요즘 보니까 3년이나 10년이나 점수는 똑같던데,2026-09-13T17:11:00Z,0,0,2026-09-19T06:33:44.893221+00:00
g4h29mJufpc,UgwZwlBhu6n5zWZNN1F4AaABAg,나도 한 6년 넣다가 지금상황에 이게 도대체 뭔 효용이 있을까 싶어서 그냥 해지함,2026-09-13T16:58:45Z,0,0,2026-09-19T06:33:44.893221+00:00
g4h29mJufpc,UgwAbE-lhzu7EEEP6P54AaABAg,"듣고보니 그렇네.
나도 30중반이고 청약이 있긴한데 그것만 가지고 살긴 좀",2026-09-13T16:55:53Z,0,0,2026-09-19T06:33:44.893221+00:00
g4h29mJufpc,UgwOqJCkrIvsr17YxsV4AaABAg,이거만 보고 해지마세요 나중에 진짜 땅을치고 후회합니다,2026-09-13T16:46:49Z,0,0,2026-09-19T06:33:44.893221+00:00
g4h29mJufpc,Ugxci2G4HIzG7Blqv754AaABAg,쉽게말해 더불어근저당이 사람들의 내집마련의 꿈을 박살내고있다 이거다,2026-09-13T16:38:10Z,0,0,2026-09-19T06:33:44.893221+00:00
g4h29mJufpc,UgzPcpvdg9zexLPtL_N4AaABAg,이래서 사실상 부자 자식들을 위한 제도라 부르지..,2026-09-13T16:25:41Z,0,0,2026-09-19T06:33:44.893221+00:00
g4h29mJufpc,UgyajQyIqE--8zwdR2R4AaABAg,"뭔 시세차익 드립치고잇냐
기본적으로 당첨되고 분양가 마련자체가 힘든거지 뭔 현실 ㅈ도 모르네",2026-09-13T16:08:58Z,0,0,2026-09-19T06:33:44.893221+00:00
g4h29mJufpc,UgzeFe2_Y9wqIEELiAt4AaABAg,난 진즉에 해지함,2026-09-13T16:02:33Z,0,0,2026-09-19T06:33:44.893221+00:00
g4h29mJufpc,Ugz7uw8SYeOgsoG1DWh4AaABAg,내가 정확히 이 생각으로 청약 딱 한 번 넣고 안 넣음.,2026-09-13T15:47:46Z,0,0,2026-09-19T06:33:44.893221+00:00
g4h29mJufpc,Ugw3vG3kiFgMdGyvmBx4AaABAg,수도권 집중현상으로 지방이나 수도권외곽지역은  미분양이 속출하는거지 저걸해소해야하는데..,2026-09-13T15:31:55Z,0,0,2026-09-19T06:33:44.893221+00:00
g4h29mJufpc,UgwuVo8xOtjNmv7W2rh4AaABAg,결혼한 부부 우대 좋음..... 근데 어느정도 나이가 찼는데 싱글이어도 가점을 줘야 결혼을하지 ㅠㅠ,2026-09-13T15:27:47Z,0,0,2026-09-19T06:33:44.893221+00:00
g4h29mJufpc,UgykSDrQXLKVtg8o1nl4AaABAg,게다가 이거 단리임,2026-09-13T15:09:12Z,0,0,2026-09-19T06:33:44.893221+00:00
g4h29mJufpc,UgwRLhQxS0vfFAhBw5J4AaABAg,"당첨 되도 서울권은 들어갈 돈도 안되고 ㅋㅋㅋ 지방권은 분양가에서 마프 붙는데 ㅋㅋ 누가 하냐고? ㅋㅋㅋ

돈있는 사람은 청약이 안되고 돈없는 사람은 청약 되도 들어갈 돈이 없음 ㅋㅋㅋ 누굴 위한 청약인지 ㅋㅋㅋ",2026-09-13T15:01:20Z,0,0,2026-09-19T06:33:44.893221+00:00
g4h29mJufpc,UgzVjWVvhY6eSMys20l4AaABAg,엄청난 운빨 + 받춰주는 능력 + 타고난 부모운이 모두 만나야 살 수 있는게 아파트.,2026-09-13T15:00:27Z,675,3,2026-09-19T06:33:44.893221+00:00
g4h29mJufpc,Ugx2UDz57nUvznHmVY14AaABAg,저도 이번에 고등학생때부터 들었던 청약 깼어요. 당첨되도 집을 살 돈도 없고 써야할 돈도 많고  차라리 그돈으로 반은 급하게 쓸돈 쓰고 반은 다른 적금으로 갈아타고 했는데 뭔가 씁쓸하더라구요.... 저는 자가에는  연이 없나봐요.  기독교지만 만약이라도 다음 생이 있다면 거북이나 달팽이로 태어나고싶어요,2026-09-13T14:43:08Z,0,0,2026-09-19T06:33:44.893221+00:00
g4h29mJufpc,UgyBkW-oSq8hu6swzhN4AaABAg,점수는 저소득층에게 몰아주지만 막상 당첨되고 나면 저소득층이라 못 들어가는 아이러니,2026-09-13T14:41:07Z,0,0,2026-09-19T06:33:44.893221+00:00
g4h29mJufpc,Ugyvlgr_QRTkAHL0UZ54AaABAg,"??? : 우와~  저 당첨이래요, 연봉 얹고 대출 얹고 부모님 등골 얹고 내 피땀 얹어서 계약금 5억을 내면 집을 준대요 ^^",2026-09-13T14:38:47Z,0,0,2026-09-19T06:33:44.893221+00:00
g4h29mJufpc,UgzzE3BW2m4NtYMxI6V4AaABAg,"청약 조건이 너무 괴랄함 아이2명 홀부모 수준은 되야 당첨될 난이도임 ㅋㅋㅋ
심지어 붙어도 계약금이랑 선납금에 세금에 대출이자에 계산 몇 번 해보면 유지 못할 금액인거 사이즈 나와서 시도도 못하는거임
심지어 규제지역이다? 40% 한도에.. LTV 제한이면 자동차 대출 신용대출 있으면 불리하고
당첨되고 대출 승인 안나면 진짜 곤란함",2026-09-13T14:27:57Z,0,0,2026-09-19T06:33:44.893221+00:00
g4h29mJufpc,UgwlG6rPJAU-dbYYaK14AaABAg,해지가답이지,2026-09-13T14:27:52Z,0,0,2026-09-19T06:33:44.893221+00:00
g4h29mJufpc,Ugx_RIoKFrh4rwyK_PZ4AaABAg,미안한 얘기일수도 있지만 우리 부모세대 50-60 베이비붐이 다 더세상 가셔야 정상화 시작임,2026-09-13T14:26:55Z,0,0,2026-09-19T06:33:44.893221+00:00
g4h29mJufpc,Ugwsty8Ldkapw2B56ld4AaABAg,분양가 원가공개해라~ 말도 안되는 가격임,2026-09-13T14:18:58Z,0,0,2026-09-19T06:33:44.893221+00:00
g4h29mJufpc,Ugx0wS5Jks9szVo1vyd4AaABAg,대출이 안되는데 뭔 정책이야,2026-09-13T14:14:01Z,0,0,2026-09-19T06:33:44.893221+00:00
g4h29mJufpc,UgxoR1msIC-cp9X1T914AaABAg,걍 지수추종하고 집 살때 피주고 사는게 나을듯 당첨 안될 확률이 더 높은 통장에 천년만년 넣어두는것 보다는.....,2026-09-13T14:12:53Z,0,0,2026-09-19T06:33:44.893221+00:00
g4h29mJufpc,UgzgMCnTuEJ9LLTkL1J4AaABAg,내 돈으로 남의 대출 시켜주는셈,2026-09-13T13:58:15Z,0,0,2026-09-19T06:33:44.893221+00:00
g4h29mJufpc,UgxD8jgeYoGW3uK01IZ4AaABAg,2년 전에 청약 해지했는데 주변에서 왜 하냐고 난리 ㅋㅋ 근데 지방은 청약 안 해도 살 수 있는데 굳이 비싼 신축 왜 사~,2026-09-13T13:52:27Z,0,0,2026-09-19T06:33:44.893221+00:00
g4h29mJufpc,Ugz2SS0QF7wAFeTdk4p4AaABAg,수도권은 살기 힘들게 지방은 살기 좋게 해야 수도과 과밀화가 해소 될거다 지방에 아파트 지어서 20년 이상 사는 조건으로 정상적인 가격애 팔아봐라,2026-09-13T13:51:29Z,1,0,2026-09-19T06:33:44.893221+00:00
g4h29mJufpc,Ugw5LHvX-tXqB9y0dCp4AaABAg,"진작에 처하지 뭐하다 이제하누 
이탈 시작되면 떠나간 사람이 뭐 돌아온다냐? ㅋ",2026-09-13T13:50:35Z,0,0,2026-09-19T06:33:44.893221+00:00
g4h29mJufpc,UgyfjRRmLI3MfHJN1Lx4AaABAg,ㅈㄴ 웃긴게 조건은 파트타임 알바생정도여야되는데 연봉은 8천은 돼야댐 ㅅㅂ ㅋㅋㅋㅋㅋ,2026-09-13T13:46:12Z,0,0,2026-09-19T06:33:44.893221+00:00
g4h29mJufpc,Ugx07JBZptO_NK5c3C94AaABAg,원래 납입연수가 깡패였는데 전세사기사건 국민들한테 전가시키려고 납입금액점수를 ㅈㄴ 올려버림. 제도에 구멍이 숭숭 뚫려있는 똥을 또 서민들한테 전가시킴,2026-09-13T13:30:22Z,0,0,2026-09-19T06:33:44.893221+00:00
g4h29mJufpc,Ugw1-fNx8D1DqcNsWd94AaABAg,대출도 막고  증여 상속세는 풀어준다며 몇십년전 가격 그대로인데 집값은 오르는데  어떻게 사,2026-09-13T13:17:57Z,0,0,2026-09-19T06:33:44.893221+00:00
g4h29mJufpc,UgwhigtKHGGzwFLxGX54AaABAg,"전 청약통장에 딱 200만 넣어놨습니다.
이렇게 해두면 제가 거래하는 은행의 주택담보대출 금리를 0.1% 낮춰주는 효과가 있거든요.",2026-09-13T13:16:04Z,0,0,2026-09-19T06:33:44.893221+00:00
g4h29mJufpc,UgwBDQZzzdy6vfx6hgZ4AaABAg,민주당이 정권 잡으면 서민들 혜택보는 청약통장도 개똥이 되지만 그래도 그분들은 민주당뽑아야됨 왜? 국힘은 나쁜사람들이잖아~ ㅋㅋ,2026-09-13T13:12:21Z,0,0,2026-09-19T06:33:44.893221+00:00
g4h29mJufpc,UgxxpipR3g81LfB3Iqd4AaABAg,LH 나 SH 임대 아파트 가려면 청약통장있어야 합니다. 그리고 일반 적금보다 이자가 더 나와요.,2026-09-13T13:11:03Z,1,0,2026-09-19T06:33:44.893221+00:00
g4h29mJufpc,UgyFYlvdRU6M9kERC0J4AaABAg,"애초에 집값이 2~3억대 정도가 아닌이상
어지간한 사람들은 청약으로 신축들어가는게 말이 안됨
뭐 대한민국 평균소득이 세후 300정도 그마저도 중위는 230정돈데
대출도 적거나 안되는데 이정도 월급으로 내집마련? 사실상 꿈도 못꿀일임 ㅋㅋㅋ",2026-09-13T13:07:38Z,0,0,2026-09-19T06:33:44.893221+00:00
g4h29mJufpc,UgxtuLunjo0BU-YmnwR4AaABAg,"바람직한 현상임 주식 '투자' 하세요. '매매'하려고 하다가 깨집니다. 투자는 100명중에 90명이 성공하는 윈윈이지만, 매매는 100명중에 10명만 살아남는 제로썸 게임입니다. 투자를 했는데 실패를 하셨다고요? 투자가 아니라 매매를 하신거겠죠. 그리고 매매가 아니라 도박을 하셨을 겁니다. 매매는 매수전에 계획된 손절이 반드시 필수라 매매로 크게 깨질 일은 생각보다 없거든요. 투자는 하락장에 좋은 기업을 적당히 싸게 사서 오래 들고가는걸 투자라고 합니다. 근데 너는 그거 안되잖아요? 그러니까 구조적으로 성장하는 내러티브가 강한 섹터 ETF (비중 30%) + 지수 투자 (비중 70%) 하세요.",2026-09-13T13:07:09Z,0,0,2026-09-19T06:33:44.893221+00:00
g4h29mJufpc,UgzPwvz8qTeVx_Susrd4AaABAg,해지하지말고 담보대출 ㄱㄱ,2026-09-13T13:02:05Z,0,0,2026-09-19T06:33:44.893221+00:00
g4h29mJufpc,UgzLkDhJNf0DNH68K0Z4AaABAg,당첨되도 살수있는 돈이 없네,2026-09-13T12:58:47Z,0,0,2026-09-19T06:33:44.893221+00:00
g4h29mJufpc,UgwuLLUzOMcNAOtOk_Z4AaABAg,미루고 미루다가 드디어 그저께 청약통장 만들었는데 머임,2026-09-13T12:50:29Z,0,0,2026-09-19T06:33:44.893221+00:00
g4h29mJufpc,UgwLEsA0xN3N9STD2nZ4AaABAg,엄마가 나를 위해 만들어준 청약통장인데 과연 쓸모가 있을까?,2026-09-13T12:50:17Z,0,0,2026-09-19T06:33:44.893221+00:00
g4h29mJufpc,UgyyAmR2-0XoOvgokV14AaABAg,인구 분산 해야됌 서울 수도권 아파트가 비싸지 부산만 하더라도 5억이하 아파트 많음…,2026-09-13T12:35:46Z,0,0,2026-09-19T06:33:44.893221+00:00
g4h29mJufpc,UgxjlCcGXuYKtfxIEXB4AaABAg,이곳 지방광역시는 빈집들이 넘쳐납니닼ㅋㅋㅋ 청약저축 필요가 없구요 해지하고 그돈씨 미국 etf에 꽉꽉 채워넣었습니다😊❤,2026-09-13T12:34:41Z,0,0,2026-09-19T06:33:44.893221+00:00
g4h29mJufpc,Ugw9Og4xlmZDyO-cHRZ4AaABAg,1인가구 답이 없는건 맞음. 근데 유지금액을 조금낮춰서 2만원대로 해서 횟수를 늘리고 갖고 있다가 공공분양이나 공공임대를 지원하면 또 되긴되더라. 애초에 나는 1인가구라 민간아파트 꿈도 못꿨고 말도안되는 금액을 대출도 불가능하고 계약금도 말이 안되서 사실상 포기했는데 공공임대가 있길래 어? 한번해볼까 하고 배점 4점나왔는데 그게 되서 신축임대아파트 들어와서 살고는 있음. 입주민들이 몰상식한것들 많은줄 알았는데 다행히도 좌우 위 상식적인 사람들이 있는지 잘때 조용하고 거진 활발한 시간대에도 조용한편. 4달째 잘살고 있다. 닭장이니뭐니 좁아서 어떻게 사냐 하는데 약9평인데 은근 넓다.,2026-09-13T12:30:09Z,0,0,2026-09-19T06:33:44.893221+00:00
g4h29mJufpc,UgzNBRrCnKnPH-3U9cF4AaABAg,당첨되면뭐하고 나이 한 40까지 ㅈㄴ게아껴도 대출안되고 뭐도안되고 개헬인데,2026-09-13T12:28:26Z,0,0,2026-09-19T06:33:44.893221+00:00
g4h29mJufpc,UgzpmHl9VPTzXF9p0Dd4AaABAg,청약으로 신축간다는건 솔직히 웃긴이야기죠 ㅋㅋㅋ 청약은 오래된 집중에 집값 높은곳 꺼억할려고 하는건데 신축을 노린다? 그냥 말도안되는 소리 ㅋㅋㅋㅋ,2026-09-13T12:26:11Z,0,0,2026-09-19T06:33:44.893221+00:00
g4h29mJufpc,Ugww4cdP75jFriUo_TJ4AaABAg,"곧 신혼인데 아무리 생각해도 아파트 가격이 말도 안되는데 저만 이상하게 생각한게 아니라는게 댓글들을 보고 느껴지네요. 

지방도 4-6억도 진짜 일반적인 월급쟁이들은 턱없이 높은거같은데 35 이후에나 결혼해야 가능할까 말까인데 이렇게 말하면 

눈이 높아 왜 신축이나 그나마 인프라형성된 좋은 아파트들만 고집하냐라는 부분만 꼬집는데 

요즘 오래된 곳에서 시작하면 누가 시집올려고할까요",2026-09-13T12:23:20Z,0,0,2026-09-19T06:33:44.893221+00:00
g4h29mJufpc,UgxRd_to1aXtnytfu2t4AaABAg,1인가구 청약통장 있으면 금액에 따라 연말정산 혜택이나 줘라 1인가구라고 세금 더 뜯지말고,2026-09-13T12:22:04Z,0,0,2026-09-19T06:33:44.893221+00:00
g4h29mJufpc,UgwsfJVjtMDmFbu-OlN4AaABAg,평균 가점인 65.81 받으려면 45세까지 나랑 배우자가 한번도 집을 소유하지 않아야 하고 자식도 2명 필요하네,2026-09-13T12:19:38Z,0,0,2026-09-19T06:33:44.893221+00:00
g4h29mJufpc,UgwLZLgepK_Nvc3SOl54AaABAg,나도 집 살 생각 없어지니까.. 청약 필요없어서  걍 해약하고 달러로 바꿔서 미국 투자함,2026-09-13T12:19:05Z,0,0,2026-09-19T06:33:44.893221+00:00
g4h29mJufpc,Ugxtrj1JPSOgz8-Om6Z4AaABAg,내친구 당첨됐는데 되도 문제더라 답없음 저거 ㅋㅋㅋㅋ,2026-09-13T12:18:11Z,0,0,2026-09-19T06:33:44.893221+00:00
g4h29mJufpc,UgzNf65yWTLZbSB22bt4AaABAg,"그냥 옛날노래 생각난다 어릴때 했던 
우리나라 망했다 망했다 망했다 우리나라 망했다 너때문에  그게 누구일까.. 이노래 아는 사람 좋아요",2026-09-13T12:17:53Z,0,0,2026-09-19T06:33:44.893221+00:00
g4h29mJufpc,UgzM4ZUlUcDlPcTcxFB4AaABAg,ㅋ전나웃김 진짜...에혀,2026-09-13T12:16:53Z,0,0,2026-09-19T06:33:44.893221+00:00
g4h29mJufpc,UgyxGCOUXhRDb15EJ5N4AaABAg,"서울: 당첨이 안 되서 사실상 로또
지방: 당첨 필요 없어서 의미없음",2026-09-13T12:14:33Z,0,0,2026-09-19T06:33:44.893221+00:00
g4h29mJufpc,UgxAYghyAuf8PDLhwBB4AaABAg,장기 임대 주택이 있는데 청약할 이유가 없지.,2026-09-13T12:12:29Z,0,0,2026-09-19T06:33:44.893221+00:00
g4h29mJufpc,UgwFlxHf_a6yB4th6TB4AaABAg,그냥 지방에서 살다가 편한하게 사는 인생도 나쁘지않다고 생각이 듭니다.너무나도 남들과 비교하는 세상이 왔는데 그냥 비교없이 살면 행복한 인생 살거같습니다~너무나도 많은 비교 다른사람들보다는 더 나은 삶을 살아야 성공한다는 막연한 기대감등등.한단계 올라가도 다람쥐 챗바퀴 돌듯이 살아가는데.그게 진짜 정답일까요?,2026-09-13T12:11:33Z,3,0,2026-09-19T06:33:44.893221+00:00
g4h29mJufpc,Ugw0Gw4RoUUsKqrQ0ud4AaABAg,"ㅋㅋㅋㅋ팔아서 돈 버는것도 못하게 해
대출도 막아
근저당 가능하게 법으로 바꿔주든가?",2026-09-13T12:09:03Z,0,0,2026-09-19T06:33:44.893221+00:00
g4h29mJufpc,Ugwm39hMEOmDWYKUkFt4AaABAg,일반 서민에게 청약만큼 당첨되면 삶의 안정감을 줄 수 있는 구조여야 하지만 대한민국 청약 구조는 그렇지가 않음..하다못ㄴ새 현재 당첨된다한들 비용이 너무 높거나 대출이 막히니깐 의미가 없지...,2026-09-13T12:04:55Z,0,0,2026-09-19T06:33:44.893221+00:00
g4h29mJufpc,UgzsP3vxb0ps7I-WIRx4AaABAg,자산을 형성할수있는 징검다리를 막아버리니 뭐 방법이 있나.. 그냥 대충 살아야지,2026-09-13T12:03:46Z,0,0,2026-09-19T06:33:44.893221+00:00
g4h29mJufpc,UgyzzBAlkjxV7AqeKXJ4AaABAg,집값의 괴리감이 너무 크다. 월급쟁이는 엄두도 낼수 없는 금액이라..,2026-09-13T12:03:39Z,1,0,2026-09-19T06:33:44.893221+00:00
g4h29mJufpc,UgxtHEuoA08S8xmAXc54AaABAg,음 아파트만 하지말고원룸 1.5룸 이런것도 해주면 안될까나 ㅋ😅😅😅,2026-09-13T12:02:50Z,1,0,2026-09-19T06:33:44.893221+00:00
g4h29mJufpc,UgwJ84UIq9ZfwGhQ-i14AaABAg,서울에만 사람이 다 모여드니 지방은 계속 떨어지고 수도권만 끝도없이 오르지,2026-09-13T12:01:00Z,0,0,2026-09-19T06:33:44.893221+00:00
g4h29mJufpc,UgzVIdrFSvRoG-KV4P94AaABAg,돈도 돈인데 청년주택으로 나온 것들 보면 실평수 고시원임.. 이돈을 내고 이정도 크기의 집에서 살기엔..;;;,2026-09-13T12:00:49Z,0,0,2026-09-19T06:33:44.893221+00:00
g4h29mJufpc,Ugw-LbOc7I8_lSnTclR4AaABAg,"서울은 분양가가 10억후반이 스타트임 

연봉 각자 1억이하면 3억증여받아서는
서울, 경기 중, 하급지밖에못감",2026-09-13T11:59:59Z,0,0,2026-09-19T06:33:44.893221+00:00
g4h29mJufpc,UgyrUvms5ORBscjQF7p4AaABAg,영산대 서정렬 교수님 시원시원 하시네 랜덤추첨제로 바꾸는거 아니면 의미없음 뭐 자꾸 기준을 추가해봐야 난이도만 높아짐,2026-09-13T11:59:44Z,0,0,2026-09-19T06:33:44.893221+00:00
g4h29mJufpc,UgzDJvKrX4p2_0Wj-r14AaABAg,나도4년전에 바로해지함 의미가없음,2026-09-13T11:59:06Z,0,0,2026-09-19T06:33:44.893221+00:00
g4h29mJufpc,UgxE82JMNCCINKprCDR4AaABAg,"가점제 너무 역차별 심해.  청약의 핵심은 추첨제인데, 거의 죄다 가점제야. 청약통장이 뭔 의미가 있어?",2026-09-13T11:57:32Z,0,0,2026-09-19T06:33:44.893221+00:00
g4h29mJufpc,UgxNjJjuaI5k13JjTxV4AaABAg,청약통장 가입자는 가점 더주고 대출이율 더 낮게주면 나라에 돈 넣을 사람 아직 많습니다. 돈많은 이들의 탁상공론이 항상 모든 정책의 제일 큰 걸림돌입니다. 국민을 대변한다는 분들이 국민을 너무 몰라요.,2026-09-13T11:54:47Z,0,0,2026-09-19T06:33:44.893221+00:00
g4h29mJufpc,UgzolbX5-GoCixXiWSd4AaABAg,"돈있어야 청약함
돈없으면 걍 하지마셈",2026-09-13T11:54:22Z,0,0,2026-09-19T06:33:44.893221+00:00
g4h29mJufpc,UgzAPNBuVtEQNJz6sQt4AaABAg,본인과 부모님 자산이 많아도 안되고 회사에서 받는 급여도 많으면 가입자체가 안됨,2026-09-13T11:52:00Z,0,0,2026-09-19T06:33:44.893221+00:00
g4h29mJufpc,Ugwbk7ckvIBZ_muUI2J4AaABAg,"대한민국 주택보급률은 100%를 훌쩍 넘어서 이론상으론 모든 국민이 다 1주택을 보유해야 하는데
상위 10%가 대부분을 차지하고 있음.
지금 계속 지어지는 집들도 무주택자들을 위해 짓는게 아니라 상위 10%들의 주택 컬렉션만 계속 늘어날뿐 무주택자들은 평생 무주택자에서 벗어날수가 없음;;",2026-09-13T11:49:52Z,0,0,2026-09-19T06:33:44.893221+00:00
g4h29mJufpc,Ugy4KzbwhB-4dqh1Ux94AaABAg,"이래도 부동산이 말도 안되는 가격이 가도 다들 비싸도 수요 사는 사람이 있으니깐 유지 되는거겠죠!? 

21년도부터 이리 말도 안되게 오르는게 문제인걸까요!? 아니면 애초에 부모나 스스로가 돈을 많이 못모은게 잘못인가요?",2026-09-13T11:49:45Z,0,0,2026-09-19T06:33:44.893221+00:00
g4h29mJufpc,UgzJeGdj_nvmCE4zZr94AaABAg,흠... 못빼게 계좌 잠금시키는 정책이 필요할듯,2026-09-13T11:48:17Z,0,0,2026-09-19T06:33:44.893221+00:00
g4h29mJufpc,UgxxU7s7UWaX8O992_N4AaABAg,"집값이 말도 안되게 올랐는데 소득부터 대출까지 온갖건 작살내야 합격하고
이딴게 아직도 손을 안보고 있다는게 이해가 안돼요
높으신분들 많이 해먹어야되서 일부러 내비두는거겠지?",2026-09-13T11:47:57Z,0,0,2026-09-19T06:33:44.893221+00:00
g4h29mJufpc,UgycuWpahqZanjyotid4AaABAg,이재명 효과,2026-09-13T11:44:25Z,0,0,2026-09-19T06:33:44.893221+00:00
g4h29mJufpc,Ugx0NwRVn2BqrukYSmN4AaABAg,"요즘 2030들 계약금 낼돈도 없는데 뭔 ㅋㅋ
지방 아파트도 5억인데 그럼 5천 낼돈도 없어",2026-09-13T11:44:20Z,0,0,2026-09-19T06:33:44.893221+00:00
g4h29mJufpc,UgxrYYfe4anvc7a3e7l4AaABAg,"결혼예정자를 신혼부부에 넣고 당첨 1년내로 혼인신고시 해당되게 하면 되겟네
신혼부부 가점 크게 높여주고",2026-09-13T11:43:37Z,0,0,2026-09-19T06:33:44.893221+00:00
g4h29mJufpc,UgzUGSsy-W-DGwkgBBx4AaABAg,참고로 청약 천오백이상 통장에 있어야 되야 신청가능함 당첨은 당연히 존나게 어렵고 ㅋ 점수가 안되니까,2026-09-13T11:40:26Z,0,0,2026-09-19T06:33:44.893221+00:00
g4h29mJufpc,UgxX2SURR_h4VxoQbfB4AaABAg,연말정산 공제 받을라고 넣긴 함ㅋㅋㅋ,2026-09-13T11:40:13Z,0,0,2026-09-19T06:33:44.893221+00:00
g4h29mJufpc,Ugzy2Fzq4mod8QOPM_p4AaABAg,청약 당첨되서 너무 기뻐하면서 우리가족 돈 전부 끌어모아서 6억정도 만들었는데 분양가가 10억....확장비 세금 이런거 다 따지면 11억에서 12억정도 필요한데 대출도 어려움 ㅅㅂ...눈물을 머금고 포기,2026-09-13T11:39:34Z,0,0,2026-09-19T06:33:44.893221+00:00
g4h29mJufpc,Ugza72gi1OfGkw9EYLx4AaABAg,기산 보지도 않고 댓글 다는데 돈 없어서 못사 나도 청약 해지함,2026-09-13T11:39:06Z,0,0,2026-09-19T06:33:44.893221+00:00
g4h29mJufpc,UgybV6A8lbqa3spP4754AaABAg,10년 유지했는데 유지하는 기간동안 묶인돈이라 쓸수도 없음 그돈들 그냥 삼전 넣었으면 진짜 걍 집을 샀을듯,2026-09-13T11:38:38Z,0,0,2026-09-19T06:33:44.893221+00:00
g4h29mJufpc,UgwuOJkUlxLKA5B13v14AaABAg,"신규 분양가는 기본 10억 이상인데, 소득수준은 낮아야하며 모아놓은 현금은 많아야 함.

좌파 아버지 왈 : 일단 넣어봐 당첨되면 여기저기서 빌리면 되니까 ( 한마디로 대책없음 )

부부가 최소 현금 4억은 들고있어야 하고 자녀 두명이상이면 유지 할만 한 듯 ~!

아, 자동차도 소나타급 이상은 안되고",2026-09-13T11:37:08Z,0,0,2026-09-19T06:33:44.893221+00:00
g4h29mJufpc,UgzuhLwTKezlPWtlXi14AaABAg,젊은 나이에 내 집마련 한 사람이 은행거야ㅋㅋ 하고 농담하던 시대는 이제 지나감,2026-09-13T11:36:44Z,0,0,2026-09-19T06:33:44.893221+00:00
g4h29mJufpc,UgzAVCw1HiXv2YNgzt54AaABAg,부모가 몇억 줄 수 있는 집 아니면 해지가 나음 그 돈으로 적립식 투자를 하는게,2026-09-13T11:35:40Z,0,0,2026-09-19T06:33:44.893221+00:00
g4h29mJufpc,UgyaocGNqE9_z2hk-E94AaABAg,나도 3일전에 해지함 된다고 해도 의미가 없음 지금정부에서는 그냥 포기임,2026-09-13T11:32:33Z,0,0,2026-09-19T06:33:44.893221+00:00
g4h29mJufpc,UgyWyLdsCkwN0FVTho14AaABAg,연말정산땜에 넣어도 소득구간 넘어가니 무쓸모. 결혼해서 배우자가 집있으면 나도 유주택. 필요없음,2026-09-13T11:31:39Z,0,0,2026-09-19T06:33:44.893221+00:00
g4h29mJufpc,Ugzz1Q-GxtyBI9TC6xR4AaABAg,"청약으로 돈을 대주면 뭐하냐. 제대로 굴리지를 못하는데, 그리고 여기 댓글에 부자 욕하는 사람 많던데, 그 사람들이 시행해준다. 그리고 부자가 다수냐? 거지가 다수지. 거지들이 뽑은 멍청한 정치인들이 청약을 제대로 못굴리게 막고있는걸 두 눈 뜨고 제대로 봐라.",2026-09-13T11:30:24Z,1,0,2026-09-19T06:33:44.893221+00:00
g4h29mJufpc,Ugx7TxC639IaYTo3XCF4AaABAg,원래 그러지 않았나?,2026-09-13T11:29:48Z,0,0,2026-09-19T06:33:44.893221+00:00
g4h29mJufpc,UgzdiIDbXo5zqoZozMR4AaABAg,부동산 ㅈ망 정책은 역시 민평 재평ㅋㅋㅋㅋ,2026-09-13T11:28:54Z,1,0,2026-09-19T06:33:44.893221+00:00
g4h29mJufpc,UgxLhkUV1r9cMCjvCyR4AaABAg,해지는 지능순,2026-09-13T11:27:05Z,0,0,2026-09-19T06:33:44.893221+00:00
g4h29mJufpc,UgyoYQMmXRljVU2QJhZ4AaABAg,속칭 부모(가 대주는)청약 아니면 기존 주택청약이 실효성이 있을까.,2026-09-13T11:24:15Z,0,0,2026-09-19T06:33:44.893221+00:00
g4h29mJufpc,UgykyW66IxHdHCAGbdZ4AaABAg,그래도 버텨보겠다고 청년주택 공고 나오는거마다 신청했는데 결국 안되고 이미 청년 나이 넘어가는중.. 점수 미달에 결국 부모 도움 있냐 없냐로 갈림,2026-09-13T11:21:35Z,0,0,2026-09-19T06:33:44.893221+00:00
g4h29mJufpc,UgyqmyGDHf_1xKTM8994AaABAg,분양을 받아서 개인이 이득을봐야되는데 건설사가 그이득 다쳐가져가버리고 ㅋㅋㅋㅋ,2026-09-13T11:21:25Z,0,0,2026-09-19T06:33:44.893221+00:00
g4h29mJufpc,UgyKx429GShEv4m_G6Z4AaABAg,그나마 청약으로 신분상승할수 있는 징검다리였는데 그것마저 없애버리고  우리나라는 집 방향이.. 안드로메다급이라 집에 아예 관심 밖으로 하는게 건강상 좋음..,2026-09-13T11:21:23Z,0,0,2026-09-19T06:33:44.893221+00:00
g4h29mJufpc,UgwMmmd8vBD6hDR8aGB4AaABAg,"이미 오래전에 해지함. 월세 지원 제도 때문에 다시 할까 싶기는 하지만, 당첨될 기대는 애초에 안함..",2026-09-13T11:20:22Z,0,0,2026-09-19T06:33:44.893221+00:00
g4h29mJufpc,UgzquBj_4OjKgP3QFtx4AaABAg,40대에 결혼도 못해 서러운데  나이먹었다고 안돼 결혼 못했다고 안돼 울고 싶은데 싸다구를 후려치는 구나.,2026-09-13T11:18:17Z,0,0,2026-09-19T06:33:44.893221+00:00
g4h29mJufpc,UgxF0EayvN2MjxR4EtR4AaABAg,그만큼 열심히 살지그랬냐 당첨만되면 덥석다되는줄알았누? 옛날부터그랬는데 뭘,2026-09-13T11:17:55Z,1,0,2026-09-19T06:33:44.893221+00:00
g4h29mJufpc,UgyKccCeLU9YMhURRjp4AaABAg,나도 대출금리 때문에 납부중인거지.. 대출 다 갚고나면 해지할거임,2026-09-13T11:16:38Z,0,0,2026-09-19T06:33:44.893221+00:00
g4h29mJufpc,Ugwh9AAlsheOMFVdpX94AaABAg,모아서 집을 살 수 있는 수준이 되야되는데 모아도 집을 못삼 ㅋㅋㅋㅋ,2026-09-13T11:12:14Z,0,0,2026-09-19T06:33:44.893221+00:00
g4h29mJufpc,UgxTidZJLWGmD0FyW3l4AaABAg,굳이 깰 필요는 없겠죠?,2026-09-13T11:09:54Z,1,0,2026-09-19T06:33:44.893221+00:00
g4h29mJufpc,UgxFsquDPZtKsN7hTjF4AaABAg,저도 혹시나 하면서 유지하고있긴한데,2026-09-13T11:07:29Z,0,0,2026-09-19T06:33:44.893221+00:00
g4h29mJufpc,UgyS68pd05_Jq0mJZSl4AaABAg,나도 증여 받는 순간 해지해서 주식에 넣음 ㅎㅎㅎ,2026-09-13T11:07:25Z,0,0,2026-09-19T06:33:44.893221+00:00
g4h29mJufpc,UgzSeMMZCHgoBfXT2x14AaABAg,근데 이건 있긴 해야 돼요. 모두가 있어서 디폴트거든요.,2026-09-13T11:04:49Z,3,0,2026-09-19T06:33:44.893221+00:00
g4h29mJufpc,UgyGQiky-fbOu4kWqZd4AaABAg,연봉 1억 높지 그만큼 많이버는사람도 많지 않고 근데 서민들을 위한 청약정책의 분양가들에 비교하면 겨우 1억임,2026-09-13T11:03:13Z,0,0,2026-09-19T06:33:44.893221+00:00
g4h29mJufpc,Ugxv5weGTrAaziK9OJx4AaABAg,여러분 내집마련은 그냥 노후에하시고 젊을때부터 절세계좌를 만들어 노후준비하세요 그후에 목돈만들어서 집은 매매로사시고 계속 월세사는게좋습니다 연말정산에도 좋구요 내집마련에 스트레스받지마시고 내돈마련으로 바꾸세요 전세는 절대 비추천입니다,2026-09-13T11:02:36Z,0,0,2026-09-19T06:33:44.893221+00:00
g4h29mJufpc,UgzQ5JNBoMaTvIjuFtZ4AaABAg,1인가구는 어떻게 집사라는거임?..,2026-09-13T11:02:18Z,0,0,2026-09-19T06:33:44.893221+00:00
g4h29mJufpc,Ugz8KLDxpbZiY1Ioj_N4AaABAg,"과거에는 건설사가 돈이 없어서 청약제도를 통해 자금을 조달 할 수 있게 되었고  주택보급에 힘을 쓴건데
지금은 뭐..",2026-09-13T11:00:55Z,0,0,2026-09-19T06:33:44.893221+00:00
g4h29mJufpc,UgzipUPOKG0jBMDazjV4AaABAg,"우리나라 집 값이 정상이 아닌데 주택 청약 가지고 있으면 뭐하냐??
월급 쟁이 평생 해서 얼마를 모으는데 집 값이 평생  돈을 모아도 살 수가 없는 금액이란게 아이러니지...",2026-09-13T11:00:47Z,0,0,2026-09-19T06:33:44.893221+00:00
g4h29mJufpc,UgwTr0M2-Bqi4qUcuyl4AaABAg,"독신가구 혜택도 다 없애버려서
유지할 이유가 사라져서 
15년된 청약통장 그냥 해지함",2026-09-13T10:56:25Z,1,0,2026-09-19T06:33:44.893221+00:00
g4h29mJufpc,UgwPX2idCbA8cKxrthB4AaABAg,부자 부모를 둔 젊은 세대 아니면 쓸모가 없긴함,2026-09-13T10:56:13Z,0,0,2026-09-19T06:33:44.893221+00:00
g4h29mJufpc,Ugyx1jqCUZO7-BFti7t4AaABAg,"당첨되서 돈도 있고 하나 구했다 치자.  이제 그 다음은 보유세랑 세금 등등 인데 어후... 
팔면되지ㅡ그래?  대출이 안나오는데 누가 사노 
친척 5년째 그 좋은 아파트 안팔리고 보유세만 매년 몇천 내니까 애물단지라고 

그 아파트가 있다!
가오 잡기만 좋다심 쓰잘데기 없다고 ㅋ",2026-09-13T10:56:05Z,0,0,2026-09-19T06:33:44.893221+00:00
g4h29mJufpc,Ugw0srsvBA0t99TZ4mp4AaABAg,민주당이 만드는 대한민국,2026-09-13T10:52:33Z,1,0,2026-09-19T06:33:44.893221+00:00
g4h29mJufpc,UgzOTOGeuK08mj0-UQl4AaABAg,"이건 그냥 유자녀 부부 전용 통장이지 뭐
사실상 이혼만 안 한 상태인데 애 있다고 당첨돼서 신축아파트 들어가는 거 보면 배 아픔 ㅅㅂ",2026-09-13T10:47:29Z,0,0,2026-09-19T06:33:44.893221+00:00
g4h29mJufpc,UgxQCBhjYmm_XBaqzuN4AaABAg,선착순 호구 뽑기 ㅋㅋㅋㅋㅋㅋㅋㅋㅋㅋㅋㅋ,2026-09-13T10:46:21Z,0,0,2026-09-19T06:33:44.893221+00:00
g4h29mJufpc,UgwlzC7m9WQwcrbMgIh4AaABAg,나도 청약 해지하러 가야겠다,2026-09-13T10:44:12Z,0,0,2026-09-19T06:33:44.893221+00:00
g4h29mJufpc,UgyywF0pJeM-qRJDj_x4AaABAg,청약당첨시 대출은 완화를 해줘야 하는거 아닌가?,2026-09-13T10:41:22Z,0,0,2026-09-19T06:33:44.893221+00:00
g4h29mJufpc,UgxqtiKehj0rA0vd1oR4AaABAg,확실히 이재명이 대통령자리에 앉아있긴 하구나,2026-09-13T10:40:43Z,0,0,2026-09-19T06:33:44.893221+00:00
g4h29mJufpc,UgzZt_QmaXEM4CnlJQJ4AaABAg,그냥 월세만 주구장창 내야지뭐,2026-09-13T10:40:43Z,0,0,2026-09-19T06:33:44.893221+00:00
g4h29mJufpc,UgyVF2RLiE0YgU62dRJ4AaABAg,"나도 진작에 깸. 아파트가 순살집이 많은데... 부실공사도 은근 있는거같고, 오히려 구축이 더 잘 지어졌다 생각함..",2026-09-13T10:36:24Z,0,0,2026-09-19T06:33:44.893221+00:00
g4h29mJufpc,UgxG0N_sYYDeOFmUSQt4AaABAg,살사람은 없어도 삼.,2026-09-13T10:32:01Z,0,0,2026-09-19T06:33:44.893221+00:00
g4h29mJufpc,Ugy61smnfGmi0J_hfUF4AaABAg,통장 살려둔 이유는 전매해서 시세차익이나 먹을 수 있을까해서,2026-09-13T10:27:07Z,0,0,2026-09-19T06:33:44.893221+00:00
g4h29mJufpc,Ugw9QCk4x-AV3a4iFSB4AaABAg,안유진은 한큐에 샀던데? ㅋ  서민들 풉 ㅋ,2026-09-13T10:26:26Z,2,0,2026-09-19T06:33:44.893221+00:00
g4h29mJufpc,UgypllqUGjCNNTCunGJ4AaABAg,민주당때문에 집값이 너무 올라서,2026-09-13T10:25:32Z,1,0,2026-09-19T06:33:44.893221+00:00
g4h29mJufpc,Ugzt2b6MFebYCoFfbsx4AaABAg,청약 가입자만 수천만명인데 내 차례 올 확률이 몇퍼나 된다고 ㅋㅋㅋ 청약된다해도 낼 돈은 있고?,2026-09-13T10:24:06Z,0,0,2026-09-19T06:33:44.893221+00:00
g4h29mJufpc,Ugwz8sW8Na8ug2aA37l4AaABAg,청약통장있어봐야 딱 1평만 살수있는거지,2026-09-13T10:24:04Z,0,0,2026-09-19T06:33:44.893221+00:00
g4h29mJufpc,Ugw0k6QHxX6z1J_PJbN4AaABAg,2010년도 만든 내 청약통장..  의미 없어진지 오래...ㅋㅋㅋㅋㅋㅋ,2026-09-13T10:23:40Z,0,0,2026-09-19T06:33:44.893221+00:00
g4h29mJufpc,UgwZCEX5Ng8pCY3fKW14AaABAg,돈 있는 사람들의 번호표...,2026-09-13T10:22:05Z,0,0,2026-09-19T06:33:44.893221+00:00
g4h29mJufpc,UgwBuBgaF9bgAACI7Vh4AaABAg,지금은 대출 받는 문제 때문에 힘들지만 나중에 정권 바뀌고 하면서 대출 규제가 풀리면??? 그때는 또 청약 왜 깼냐고 난리겠지.,2026-09-13T10:18:55Z,0,0,2026-09-19T06:33:44.893221+00:00
g4h29mJufpc,UgyX5W36Lgy--Kte10V4AaABAg,이걸 이제알았냐 정부야?,2026-09-13T10:17:14Z,1,0,2026-09-19T06:33:44.893221+00:00
g4h29mJufpc,UgyWRxaHm5SD13O1kHR4AaABAg,이재명이 집사지말라잖아 집가지고있는죗값치르게 하겠다고,2026-09-13T10:16:36Z,0,0,2026-09-19T06:33:44.893221+00:00
g4h29mJufpc,UgzZjPMhx8QLIw-Hi8Z4AaABAg,가격도 가격인데 그나마 현재 희생해서 대출이라도 받아서 사려는 사람들 다 쳐 막아놨잖아,2026-09-13T10:16:25Z,0,0,2026-09-19T06:33:44.893221+00:00
g4h29mJufpc,UgyS4oDnHXlmZceu5cB4AaABAg,이제야 좌파들이 만든 세상이 실감이 나나? ㅋㅋ 초양극화 중간계층 박살 전국민 배급 프로젝트 평생 정부에 손 벌리고 살아야 하는 현재. 대한민국 2030은 망한 세대다,2026-09-13T10:15:48Z,1,0,2026-09-19T06:33:44.893221+00:00
g4h29mJufpc,Ugzl3cczWANpb6cOExB4AaABAg,그냥 적금 붓는다 생각하고 적당할때 해지하는게 나음,2026-09-13T10:14:54Z,21,2,2026-09-19T06:33:44.893221+00:00
g4h29mJufpc,UgzCEu9fAshzbmOebMd4AaABAg,솔직히 소득공제 아니면.. 여기 부은 2천이 아깝긴해... 근데 공제때문에 안 깨는거야,2026-09-13T10:11:58Z,14,2,2026-09-19T06:33:44.893221+00:00
g4h29mJufpc,Ugz-o7kaFHjo5NkUXBl4AaABAg,"집못산건 여러분들이 열심히 안살아서에요... 징징거리지말고 
나가서 투잡 쓰리잡이라도 뛰세요",2026-09-13T10:11:40Z,0,1,2026-09-19T06:33:44.893221+00:00
g4h29mJufpc,UgyA6IsPkZ_KQSWSNTd4AaABAg,무쓸모라 해지한지 5년 됐음. 나는 당첨 안되는걸 잘알고 있.,2026-09-13T10:10:53Z,0,0,2026-09-19T06:33:44.893221+00:00
g4h29mJufpc,UgzuP0nMw-9fkkh_RVl4AaABAg,진짜 돈없으면 쓸모없는 청약 중 원탑임,2026-09-13T10:07:30Z,0,0,2026-09-19T06:33:44.893221+00:00
g4h29mJufpc,Ugxwr0xuDcsN5frhtB14AaABAg,"왜 매매에만 집중하고 있냐 청년주택, 국민임대, 공공임대 같은거 넣을때 청약 횟수 보는 곳 많다. 충분히 횟수 채웠으면 납입을 멈출 순 있어도 해지하는건 그 시간의 가치를 버리는 일임.",2026-09-13T10:06:55Z,0,0,2026-09-19T06:33:44.893221+00:00
g4h29mJufpc,UgyoonOFLOBoGdSB12Z4AaABAg,청약통장을 집 사려고하기보단 비과세라 가지고 있는 느낌,2026-09-13T10:06:01Z,1,0,2026-09-19T06:33:44.893221+00:00
g4h29mJufpc,UgylOPp-DdNKoAQBuBN4AaABAg,그나라 인간이 집 사기 더 좋은 나라,2026-09-13T10:05:39Z,0,0,2026-09-19T06:33:44.893221+00:00
g4h29mJufpc,Ugz1rL1qwREGinNUSCN4AaABAg,"솔직히 청약 당첨 된다 해도
난 요즘 신축 도저히 못믿겠음
또 순살 와르르일거같단 말이지",2026-09-13T10:04:20Z,0,0,2026-09-19T06:33:44.893221+00:00
g4h29mJufpc,UgzLItSbIOHnsSHYgGh4AaABAg,"솔직히 중장년층도 서울내집은 힘든데... 청소년들이 서울 고가 아파트를 노리는건 욕심 입니다.
본인이 가능한 외곽쪽으로 일단 구입하던가해야지... 어쩔수 없음... 우리나라가 서울에 너무 인프라가 모여있어서..
중.후진국형 인프라임.. 이것먼저 해결해야함",2026-09-13T10:04:03Z,0,0,2026-09-19T06:33:44.893221+00:00
g4h29mJufpc,Ugw4APNn3exDmERPglN4AaABAg,"1. 1인가구도 큰사이즈살고싶음. 6평 7평 그런거말고 투룸쓰리룸살고싶다고..맨날 작은거만 지원가능이러니 안하지
2. 소득기준이 낮아야되는데 집값은 그소득인 사람이 할 가격이 아님
3. 대출 풀로 어케땡겼다치면....그 이자 감당이면 걍 월세 낼께.. 월세 5프로씩만 오르니까 10년 임대주택 이자뺑이랑 별차이없다
4. 평범한사람들은 못받아. 저소득이나 신혼부부나 식구많은집 말고 혼자 평범하게 살고 주거마련 적정세대인 3-40대는 청약이 그림의떡
5. 출퇴근이 너무힘든 위치들.. 자차있어야 가능한데 그것도 재산기준봐야하니ㅋㅋ
에휴 입아프다 나라에서 나오는 혜택은 어릴때 중소기업세금면제말곤 단 한번도 받아본적없음. 알바하고 사는사람들이 나보다 더벌기도 하더라",2026-09-13T10:03:33Z,0,0,2026-09-19T06:33:44.893221+00:00
g4h29mJufpc,Ugw71NdlKYSqTPicEax4AaABAg,누가요새 청약을함??ㅋㅋㅋㅋ,2026-09-13T10:02:23Z,0,0,2026-09-19T06:33:44.893221+00:00
g4h29mJufpc,UgwpWAJD14WIDMXTW-h4AaABAg,혼자사는 사람들도 늘었는데 점수는 30대 이상부터 증가가 되기 시작하고 혼자 살면 점수가 절대 높을 수가 없음. 다세대가 안 되면 점수가 높을 수가 없기도 한데 지금 지방 신축이 1군 브랜드도 아닌데 5억 이 후인 경우도 흔하고 청약으로 당첨되는 경우도 없어서 피를 주고 구매 하는게 정신 건강에 이로움.,2026-09-13T09:57:08Z,0,0,2026-09-19T06:33:44.893221+00:00
g4h29mJufpc,UgxmS8yRrEwtdqlRlO94AaABAg,이명박근혜 때만 해도  빚내면 살수있었는데   지금은 그냥 꿈도 못꿈 ㅋㅋ,2026-09-13T09:56:25Z,2,0,2026-09-19T06:33:44.893221+00:00
g4h29mJufpc,UgyHcp76C8MNyCoqKLd4AaABAg,청약통장에있는 1300만원.. 갖고싶다,2026-09-13T09:56:15Z,0,0,2026-09-19T06:33:44.893221+00:00
g4h29mJufpc,UgyhSsRjmJVHOl9gJC54AaABAg,사전청약 당첨되면 뭐하나요... 복정 2지구 5년 밀리고 분양가 5억5천대에서 8억분양가 올려버려서 다포기하게만드는데 통장 자체 무쓸모 내가 모으고 기다리는 시간보다 아파트값이 더올라감..,2026-09-13T09:53:28Z,0,0,2026-09-19T06:33:44.893221+00:00
g4h29mJufpc,UgxsQI4U6QYerMOjHwl4AaABAg,투룸이나 사서 평생 혼자~ 살아야지,2026-09-13T09:52:56Z,0,0,2026-09-19T06:33:44.893221+00:00
g4h29mJufpc,UgzKbFAls_IG0SprH2x4AaABAg,돈없으면 구축으로가,2026-09-13T09:50:44Z,0,0,2026-09-19T06:33:44.893221+00:00
g4h29mJufpc,UgzRA-SPkLRkbmBa8AJ4AaABAg,사기두꺼비 정책.,2026-09-13T09:49:38Z,0,0,2026-09-19T06:33:44.893221+00:00
g4h29mJufpc,UgwbVlHclRjmoYZv4x14AaABAg,애초에 9억이상 분양가 아파트는 규제지역일 경우 중도금 대출도 안되는데 그럼 그 60프로를 무슨돈으로 내냐,2026-09-13T09:48:53Z,0,0,2026-09-19T06:33:44.893221+00:00
g4h29mJufpc,Ugyv1OC3VuoDkNxRqV14AaABAg,"내겐 아주 감사한 제도
덕분에 마흔 전에 아파트 마련함",2026-09-13T09:48:06Z,0,0,2026-09-19T06:33:44.893221+00:00
g4h29mJufpc,UgyUU1DDs10vpKJM7dd4AaABAg,내돈으로 청약든 돈 찾으려면 대출 명목으로 ㅋㅋ 이자떼고 돈 받아먹음 ㅋㅋㅋ 심지어 4.5% 이상 ㅌㅋㅌㅌ 내돈 내가 이자 내고 써라잉,2026-09-13T09:47:26Z,0,0,2026-09-19T06:33:44.893221+00:00
g4h29mJufpc,Ugzk4lWIC_K2kHKK7N94AaABAg,그럼뭐 해지하면 뭐가 달라지고?? 청약이 있으면 가능성이 희박해도 있기는 있지만 없으면 아예 가능성 0이다 그깟거 몇푼이나 들어간다고 나도 내집어찌사나 했는데 사람일 모르더라 잊고살던 청약덕에 필요할때 샀음,2026-09-13T09:45:49Z,0,0,2026-09-19T06:33:44.893221+00:00
g4h29mJufpc,UgyrZH1a_WHxDN6vU9p4AaABAg,안타까운 현실입니다.,2026-09-13T09:45:32Z,1,0,2026-09-19T06:33:44.893221+00:00
g4h29mJufpc,Ugx8Io8BMiPZH2ch4W14AaABAg,청약 당첨되어도 결국 돈이 있어야 살거 아녀 ㅋㅋㅋㅋ 그럼 있으나 마나지.,2026-09-13T09:43:24Z,0,0,2026-09-19T06:33:44.893221+00:00
g4h29mJufpc,UgzYp0cg0Ty3wFJtgZJ4AaABAg,출산율 포기하고 부동산 지키는 어른들 존경합니다.,2026-09-13T09:42:17Z,0,0,2026-09-19T06:33:44.893221+00:00
g4h29mJufpc,UgzXqpM7QfqWyAepEhl4AaABAg,외사촌 부부 송파 어디 비싼 곳18억짜리 청약 당첨됐다는데 이게 부모 도움없이 30대 신혼부부가 마련할 수 있는 금액인가 싶더라..,2026-09-13T09:41:53Z,0,0,2026-09-19T06:33:44.893221+00:00
g4h29mJufpc,UgxcU-K70Xq0ziqEG-94AaABAg,집 사면 바로 은행의 노예가 되는데 어떻게 ..............................하니..   30~40년을 은행 노예로 살아야 됨..    집값이 적당히 높아야지..,2026-09-13T09:41:01Z,0,0,2026-09-19T06:33:44.893221+00:00
g4h29mJufpc,UgyaMUsfjrt-L1g7q3h4AaABAg,청약에 당첨되더라도 저층에 배정받거나 날림 공사로 아파트 자체 하자가 심하면 어찌 할 수 없는것도 문제라고 생각합니다. 청약 받는게 별 큰 메리트가 없다고 느껴저서 저는 그냥 형편에 맞게 빌라를 매입했습니다.,2026-09-13T09:40:11Z,0,0,2026-09-19T06:33:44.893221+00:00
g4h29mJufpc,UgwENinpHR8xjkxCWll4AaABAg,"당첨되도 돈 없어서 해지하는사람도 있는반면, 나처럼 돈은 있는데 신축아파트 들어가기위한 경쟁률때문에 가입한경우에도 이제 필요없음,, 지방이라 그런가 굳이 가입안해도 신축아파트 입주자 다 못채우는 경우가 99프로라 입주 경쟁률때문에 가입할필요가 사라짐.. 뭐 가입하면 좋은 동 호수 고르는데 이점있을수도 있겠지만 굳이?",2026-09-13T09:37:51Z,0,0,2026-09-19T06:33:44.893221+00:00
g4h29mJufpc,UgxCAYg_6qpzS9velr54AaABAg,22년에해지한 1인,2026-09-13T09:37:48Z,0,0,2026-09-19T06:33:44.893221+00:00
g4h29mJufpc,UgwTVRG7RDiAx7MpApN4AaABAg,"이런 제도는 다 눈속임일 뿐이지 
윗대가리들  정상적인  사람들로  못 채우면 
빈부격차는 더 늘어날테고 
세금도둑만 있을 뿐  2040년이 지금보다 
더 지옥일껄",2026-09-13T09:34:48Z,0,0,2026-09-19T06:33:44.893221+00:00
g4h29mJufpc,UgxsOrTcik_BIJ9LWB14AaABAg,예전에 기존아파트보다 분양아파트가 싸니까 청약넣고 하는게 이득인데 요즘은 분양아파트가 너무 비싸고 입지도 그렇고 그래서,2026-09-13T09:34:01Z,0,0,2026-09-19T06:33:44.893221+00:00
g4h29mJufpc,UgyKXZLUlAZEXTo66vl4AaABAg,대출 6억이면 인생나락 시작이지... 6억 40년으로 받으면 12억 갚아야 끝남...,2026-09-13T09:33:36Z,1,0,2026-09-19T06:33:44.893221+00:00
g4h29mJufpc,UgwCr9Thy5iZhKegUep4AaABAg,"ㅋㅋㅋ
헛된꿈.",2026-09-13T09:33:19Z,0,0,2026-09-19T06:33:44.893221+00:00
g4h29mJufpc,Ugx_5Hxu2e0s5OSTU114AaABAg,"ㅋㅋㅋ
헛된꿈.",2026-09-13T09:33:14Z,0,0,2026-09-19T06:33:44.893221+00:00
g4h29mJufpc,Ugwp80s30SFXaiCvXP14AaABAg,월세는 오르고 전세는 사기치고 매매는 불가능.. 한국은 기성세대가 죽어야 살아난다,2026-09-13T09:31:24Z,0,0,2026-09-19T06:33:44.893221+00:00
g4h29mJufpc,UgzJsVRZivz7Esq9CTd4AaABAg,"애초 청약이라는 제도 자체가 요즘 시대랑 안맞음. 서울은 과잉포화 상태인데, 극소수에게만 싸게 집을 준다는거 자체도 형평성에 안맞음.",2026-09-13T09:30:19Z,1,0,2026-09-19T06:33:44.893221+00:00
g4h29mJufpc,UgzIOoV3Z5oRajfYXSV4AaABAg,Ltv를 최저로 낮췄는데 무슨 의미가 있냐 지들은 LTV 최대치로 받고 사놓고 대놓고 사다리 걷어차기임 ㅋㅋㅋㅋㅋㅋㅋ,2026-09-13T09:28:03Z,0,0,2026-09-19T06:33:44.893221+00:00
g4h29mJufpc,UgzGCSjbhUMCHSRDFkR4AaABAg,"청약당첨을 기대합니까? 그렇게 순진합니까?

시위를 하십시오, 이나라는 그게 가장 빠릅니다.",2026-09-13T09:25:05Z,0,0,2026-09-19T06:33:44.893221+00:00
g4h29mJufpc,UgzjA4WRlNtjlBTHxpF4AaABAg,월급 1년에 3프로오르는데...후..,2026-09-13T09:23:03Z,0,0,2026-09-19T06:33:44.893221+00:00
g4h29mJufpc,Ugzed0r-M0VKQsHQEYx4AaABAg,"모든게 고소득층, 다인가구 기준인데 저/중소득층이 더 많고 1인가구가 많아지니 당연하지..",2026-09-13T09:18:11Z,0,0,2026-09-19T06:33:44.893221+00:00
g4h29mJufpc,Ugzuj3KbeCZDM7errW94AaABAg,"청약 통장에 얼마나 들어 있길래 해지를 하지 옛날에 해서 월 10만원씩 10년을 해도 1200만원인데 20년이면 2400만원이고
그리고 자본금도 없이 6억이상 대출 받는 것도 말이 안되는거 아닌가 ㅋㅋㅋ",2026-09-13T09:17:04Z,0,0,2026-09-19T06:33:44.893221+00:00
g4h29mJufpc,UgxAEp5IKAOob7ra-1t4AaABAg,"분양가 정부가 개입하면 폭동나요 한국은 건설공화국이라서🇰🇷
분양가 산정 기준 제시하라면 기업비밀이에요 그러면 끝이거든요
아무튼 시간이 지날수록 분양가는 계속 올라갈거에요
국제 원자재값 폭락해도 ㅋ",2026-09-13T09:17:03Z,0,0,2026-09-19T06:33:44.893221+00:00
g4h29mJufpc,UgywzhLD0EOsExzMMrh4AaABAg,지들이 쳐 올려놓고 ㅋㅋㅋㅋ,2026-09-13T09:16:08Z,0,0,2026-09-19T06:33:44.893221+00:00
g4h29mJufpc,Ugz_8El97dyY-D_D-ed4AaABAg,내가 37인데 15년 청약통장 했거덩 ㅋㅋ 근데 올해 초에 깼다. 니미 무슨 최소가 6억이뭐야 요즘은 기본 8억이상을 어떻게 사냐??ㅋㅋㅋ 결혼도 안했는데 1가구에 뭐하러 대출 이자 나가면서 아파트를 들어가냐 ㅋㅋ 관리비는 또 얼만데 기본 30만원이상이다....그래서 올해 임대 아파트 알아봐는데 바로 들어갈수 있다더라.... 보증금 3천에 월 14만원 근데 그것도 관리비 전기료 가스비 뭐 다따지면 월 30~40 나간다. 결혼하면 그냥 임대 아파트나 알아봐라. 괜히 아파트 사서 힘겹게 살지 말고. 한국 부동산은 이제 나가리다. 그냥 결혼하면 임대나 살다가 부모님 집이나 나중에 받으면 거기서 조용히 살련다.,2026-09-13T09:11:10Z,1,0,2026-09-19T06:33:44.893221+00:00
g4h29mJufpc,UgyadzLxXSwVXPTPxTJ4AaABAg,청약통장 유지하고 연간 300만원 한도내의 40퍼 소득공제 받으세요. 집은 포기했지만 소득공제용으로 유지중이에요.,2026-09-13T09:10:36Z,0,0,2026-09-19T06:33:44.893221+00:00
g4h29mJufpc,UgwzgwxftHf5YRa63-N4AaABAg,"예전부터 이해가 안되는 시스템 중 하나 였던 청약통장 시스템 .

뇌피셜 이긴 하지만 국가와 은행의
유착 관계도 한번 의심해볼만 함",2026-09-13T09:09:06Z,0,0,2026-09-19T06:33:44.893221+00:00
g4h29mJufpc,UgxxPOZ4lU3TxIKI6xJ4AaABAg,"저도 싱글에 10년 1300정도 납입 했는데 의미 없더라구요...
(계속 납입 중 인 호구1)",2026-09-13T09:05:57Z,0,0,2026-09-19T06:33:44.893221+00:00
g4h29mJufpc,UgxUXqzv8X4oNcZ1FjV4AaABAg,이렇게 하나씩 하나씩 공공주택으로 진행중.,2026-09-13T09:04:05Z,0,0,2026-09-19T06:33:44.893221+00:00
g4h29mJufpc,UgwNiAOLKWg_lTSzrlR4AaABAg,나도 어차피 청약당첨되어도 대출로도 그금액 감당 안돼서 안한다고 해지함,2026-09-13T09:02:22Z,0,0,2026-09-19T06:33:44.893221+00:00
g4h29mJufpc,UgwFFPWKkecLPkqczMN4AaABAg,"중상류층만을 위한 혜택이지 일반 서민들이 든다고
애초에 대출도 집값도 낼수가 없는 구조인데ㅋㅋ",2026-09-13T08:58:15Z,0,0,2026-09-19T06:33:44.893221+00:00
g4h29mJufpc,UgzlB648feYyYeW0gxx4AaABAg,그래도 1찍 할거면서,2026-09-13T08:57:25Z,0,0,2026-09-19T06:33:44.893221+00:00
g4h29mJufpc,UgyiS3nF09xy9_dVDXt4AaABAg,재명이가 대출 다 막아놔서 당첨되도 의미 없지,2026-09-13T08:54:12Z,0,0,2026-09-19T06:33:44.893221+00:00
g4h29mJufpc,UgxmClvgCbiEwHQhPx54AaABAg,나중에 집 살때 후회하는건 본인 몫임. 생각보다 기능 많으니까,2026-09-13T08:53:54Z,0,0,2026-09-19T06:33:44.893221+00:00
g4h29mJufpc,UgwyocquJeup7qy8Rld4AaABAg,"난 나이도 되고 청약 1순위에 자금도 있지만... 당첨 되서 랜덤 걸리는 것보다,  맘에 드는거 그냥 조금 더 주고 사는게 훨씬 낫더라... 까먹고 해지 안 했을뿐...딱히...필요성이 없음...",2026-09-13T08:53:03Z,2,0,2026-09-19T06:33:44.893221+00:00
g4h29mJufpc,UgysSP9SSjW4-7G0K8t4AaABAg,대출규제 풀어줘도 못사는 것들이 뭔 대출 타령 하고있어  ㅋㅋㅋㅋㅋㅋㅋㅋㅋㅋ,2026-09-13T08:52:14Z,0,0,2026-09-19T06:33:44.893221+00:00
g4h29mJufpc,UgzngyeLS2o7hWEC9al4AaABAg,"신축 아파트 가격 거품이 너무 심해졌음
선분양도 문제임 후분양으로 나가야지
아파트도 부실공사 및 하자도 넘침 
대출제한에  당첨도 어렵고 청약통장 없애고 다른곳에 사용하는게 답인듯",2026-09-13T08:51:44Z,1,0,2026-09-19T06:33:44.893221+00:00
g4h29mJufpc,Ugzbyi5XyMZknGjicXN4AaABAg,이재명 이정도로 무능할 줄 몰랐음,2026-09-13T08:49:01Z,1,0,2026-09-19T06:33:44.893221+00:00
g4h29mJufpc,Ugx0jPybMTOmQKWHi514AaABAg,청약 없애라.,2026-09-13T08:47:48Z,0,0,2026-09-19T06:33:44.893221+00:00
g4h29mJufpc,UgxgdOa4KozxwKcKBFZ4AaABAg,마쟈 나도 그래서 청약신청도 포기했는데,2026-09-13T08:46:04Z,0,0,2026-09-19T06:33:44.893221+00:00
g4h29mJufpc,Ugw-fX9i6-3tyrdJMRd4AaABAg,"청약이 되어도, 확정적으로 내집 마련을 할 수 없다는게 문제.
주택청약이 당첨되면, 국가에서 주택청약 금액을 묶고, 당첨자에게 무상으로 임대해주면서, 관리비나 이런것들을 주택청약 통장에서 빠져나가게 하는데, 그 역시 일부는 국가에서 대주고, 주택청약통장에 금액이 모자라면, 사비로 내되. 이건 국가에서 지원하지 않은 걸로 하면 되지 않나?
주택청약으로 당첨된 내집을 개인의 자산으로 치는게 아니라, 국가에서 임대해주는 국가의 자산으로 치는거. 비싼 내집마련을 하려고 주택청약을 넣는거지. 내 자산을 불리기 위한 부동산 당첨으로 넣는 목적으로 하지 않으면 좋을듯.",2026-09-13T08:45:26Z,0,0,2026-09-19T06:33:44.893221+00:00
g4h29mJufpc,UgwB3YyRMKCS01KqN5x4AaABAg,해지말고 존버해라,2026-09-13T08:41:37Z,0,0,2026-09-19T06:33:44.893221+00:00
g4h29mJufpc,Ugy8SuJg6pRk4tYVg4h4AaABAg,문죄명이 집값도 올려놓고  이제 대출도 못받게 만들어놨는데 ㅋㅋㅋ 어케사노,2026-09-13T08:40:48Z,1,0,2026-09-19T06:33:44.893221+00:00
g4h29mJufpc,Ugwkiy7UKoCAgAeWoi54AaABAg,빌라살때  디딤돌대출신청해서 청약통장으로 0.2퍼센트? 할인받았습니다.,2026-09-13T08:38:45Z,0,0,2026-09-19T06:33:44.893221+00:00
g4h29mJufpc,UgwixpAn-Xza3UFCP1F4AaABAg,청약으로 서울에 집을 산다고?,2026-09-13T08:35:40Z,0,0,2026-09-19T06:33:44.893221+00:00
g4h29mJufpc,Ugz37H9i7NAZzEv-qnh4AaABAg,좌파 정권은 청년 부수기에 성공했다,2026-09-13T08:34:34Z,0,0,2026-09-19T06:33:44.893221+00:00
g4h29mJufpc,UgwhQZgaxgyGU5_Fl7V4AaABAg,+전세사기로 해지한사람도 있겠지,2026-09-13T08:28:14Z,0,0,2026-09-19T06:33:44.893221+00:00
g4h29mJufpc,Ugw9qwX56L9Wel8Lblp4AaABAg,"시세차익이 문제가 아니라, 청년들은 당첨되도 살수가 없다고",2026-09-13T08:27:52Z,0,0,2026-09-19T06:33:44.893221+00:00
g4h29mJufpc,UgxO2HUZJy8htaetHZl4AaABAg,"서울 분양가 15억?
ㅋㅋㅋ
부모 도움없이는
대기업 다녀도  못삼...ㅋㅋ",2026-09-13T08:26:39Z,1,0,2026-09-19T06:33:44.893221+00:00
g4h29mJufpc,UgygZ2I9LyR-frRd5WV4AaABAg,걍 완전 랜덤으로해라. 누구는 더좋게 하지말고,2026-09-13T08:22:23Z,0,0,2026-09-19T06:33:44.893221+00:00
g4h29mJufpc,UgzBIWwpavCmycjZ0PB4AaABAg,결론은 청약통장 의미가 없음. 그냥 복리로 적금 붙는다고 생각하시고 넣으시는게 좋을듯합니다.,2026-09-13T08:21:42Z,0,0,2026-09-19T06:33:44.893221+00:00
g4h29mJufpc,UgyQKNXvLd72m8gkURh4AaABAg,정정당당하게 운으로 승부하자 추첨을해,2026-09-13T08:19:29Z,0,0,2026-09-19T06:33:44.893221+00:00
g4h29mJufpc,UgwSSL18XArdqunFwRV4AaABAg,아파트 분양가로 초럭셔리 빌라도 살수 있다는...,2026-09-13T08:18:42Z,0,0,2026-09-19T06:33:44.893221+00:00
g4h29mJufpc,Ugz3NFF4_WJ16MQnqwh4AaABAg,분양가 상한제부터 없애라.  미친 법임.  원주민의 이득을 왜  로또 청약되는 놈한테 나눠줘야함?  미친거아님? 나라가?,2026-09-13T08:16:08Z,0,0,2026-09-19T06:33:44.893221+00:00
g4h29mJufpc,UgwepKLjCTpXTE2ISmx4AaABAg,솔직히 그냥 연말정산땜에 넣고 있는거지. 그외엔 무쓸모 딱히 쓸모없음,2026-09-13T08:11:50Z,0,0,2026-09-19T06:33:44.893221+00:00
g4h29mJufpc,Ugy2qIGASsIWfq5lr-J4AaABAg,"LH 공무원들 비리 사건도 한몫을 했지요.
누구를 위한 청약가입인지?
고위층 기득권층들의 장난에 놀아나지 맙시다.",2026-09-13T08:11:40Z,1,0,2026-09-19T06:33:44.893221+00:00
g4h29mJufpc,UgyJshPg1rpWrAkokbp4AaABAg,"소득금액 충족 조건은 낮은데, 돈은 많이 들고 있어야함.
일례로 수도권 어느 지역은 소득조건은 부부합산 7천인데, 쌩 돈 4억을 들고 있어야되더라ㅋㅋㅋ
아니 물가가 얼만데 7천 받는다고 7천이 다 모아지냐고ㅋㅋㅋㅋㅋ",2026-09-13T08:08:27Z,0,0,2026-09-19T06:33:44.893221+00:00
g4h29mJufpc,Ugwr61rpQX0UyOBcwUp4AaABAg,아직도 청약 붓는 능지처참이 있었단 ㅎㄷㄷㄷ,2026-09-13T08:08:00Z,0,0,2026-09-19T06:33:44.893221+00:00
g4h29mJufpc,UgxZeiNorFwd5gyU0fF4AaABAg,"어느 선진국 수도에 30살이 집을 살 수있냐 선직국 수도에 30살이 집을 산다는건 꿈이야 근로소득으로 원래부터 안된다고 대출 이야기하는데 변제할 능력은 되고? 많이 모아 2억잡고 10억대출 나온다 쳐도 니자 간당할 수 있냐 참나 설마 그것도 세금으로 지원해주길 바라냐
청약 들기 싫으면 하지마 누가보면 엄청 많이 모은 줄 알겠네 그런데 이런 글을 쓰는 애들중 대출 심사 받아본 사람 얼마될까 싶다 돈 없는거 아님 유지해",2026-09-13T08:07:08Z,0,0,2026-09-19T06:33:44.893221+00:00
g4h29mJufpc,UgyyRWb94URhJipZGMp4AaABAg,혹시나 반 귀찮아서 반 그냥 비상금으로 놔둔 1인;;;,2026-09-13T08:05:32Z,0,0,2026-09-19T06:33:44.893221+00:00
g4h29mJufpc,UgzBq4GLsKNrzRvgfHV4AaABAg,"집값이 너무 오르니깐 그렇지
집있는 사람들 개무시해버리고
집값을 80년대 수준으로 돌려야됨!!!!

그리고 자살 극단사망을 포함한 사망자수를 집값처럼 심하게 폭증과 자살극단사망은 나몰라라 방치 시켜서
다시 집값처럼 배로 올릴필요가 있습니다

한국 한해 사망자수를 집값처럼 폭증시켜 최소 일본 한해 사망자수를 
추월할필요가 있으니 그로 인해 인구를 대폭줄여 집값을 70 80년대 수준으로 대폭 낮출필요가 있습니다

또 인구도 경제와 미래따위 대비할필요가 없다 봅니다 

감염병 그런거 생각하면 무조건 지금당장 한국을 비롯 출산율보다  사망자수를 집값처럼 대폭 올려버리는것이 효율적이라 봅니다.",2026-09-13T08:04:22Z,0,0,2026-09-19T06:33:44.893221+00:00
g4h29mJufpc,Ugwzz47Es1kxhuwpKs14AaABAg,"주택마련을 위해 청약통장 써서 당첨됐고 계약금 마련하려고 당첨될때 쓴 통장 어차피 또는 못쓰니까 깨서 계약금냄

입주를 앞두고 있는 지금 십년 넘게 납입했던 내 기존 청약통장 없앴다고 디딤돌 금리우대가 날아감

납입내역서랑 거래확인서 별 자료를 다 들이대도 소용이 없음. 이건 뭐 당첨 되도 돈필요해도 깨지말고 갖고있으란 거냐? ㅆㅍ 생각할수록 욕나오네",2026-09-13T08:03:35Z,0,0,2026-09-19T06:33:44.893221+00:00
g4h29mJufpc,Ugx5JOtIZWRwqCAdzHp4AaABAg,"당첨돼도 문제인 게, 로또는 당첨되면 돈을 주는데  
청약은 당첨되면 돈을 내라고 함. 근데 그 돈이 없음",2026-09-13T08:03:05Z,0,0,2026-09-19T06:33:44.893221+00:00
g4h29mJufpc,Ugx9_tHtbUXR0Ihu-TV4AaABAg,"청약제도 기준을 보면
2030이 열받을만한게
2018년도 전후 정도가 일반인 살수있는 거의 막차였던것 같음
물론 그때도 억단위로 돈이 필요했지만
그래도 가능성이라도 있었지
지금은 10억~15억이 분양가인데
대출도 안 나오니 그냥 접근자체가 불가능",2026-09-13T08:03:01Z,0,0,2026-09-19T06:33:44.893221+00:00
g4h29mJufpc,Ugw1eqOALgElaiRiGqN4AaABAg,"들고 있어라 납입 횟수 120회 넘으면 나중에 기금든든 대출 받을때 금리 할인된다.
연봉6000넘으면 안되는게 단점이지만",2026-09-13T08:02:27Z,0,0,2026-09-19T06:33:44.893221+00:00
g4h29mJufpc,UgzDW-qqscNEXWHLLcV4AaABAg,미분양되서 계약금 싸게하면 모하냐 대출이자도 못낸다,2026-09-13T07:59:39Z,1,0,2026-09-19T06:33:44.893221+00:00
g4h29mJufpc,UgwDTtAYTrohJ-PL9_54AaABAg,"20대 초반부터 달에 10만원씩 넣던거 30대중반 코로나시기 
5프로정도 수익으로 해지하고 미국주식으로 넘어가서 3배좀 넘게 불렸네요...
망할 청약통장",2026-09-13T07:58:27Z,0,0,2026-09-19T06:33:44.893221+00:00
g4h29mJufpc,Ugyz9EE-tXK0aci8LKh4AaABAg,진즉에 해약했지.. 집 값이 청약가지고 될 게 아니더라고.... 당첨되도 그냥 해프닝인거지 모.. 풀대출 땡겨도 못 사 😂 아니 산다고 해도 유지가 안돼....,2026-09-13T07:58:15Z,25,0,2026-09-19T06:33:44.893221+00:00
g4h29mJufpc,UgzYuRSD7pmATvZMGxl4AaABAg,이 또한 쫘좡면 씨의 은혜겠지요..,2026-09-13T07:57:02Z,0,0,2026-09-19T06:33:44.893221+00:00
g4h29mJufpc,UgwuP_0eFQdENTJawqp4AaABAg,대출은 막아야 하느건 맞아 갑을 능력도 없는 사람 한테 까지도 돈 막 빌여 주면서 지금 회수가 안돼서 돼잖아  그게다 국민 세금으로 막는거다 세금이 그만큼 많이올라간다,2026-09-13T07:48:22Z,2,0,2026-09-19T06:33:44.893221+00:00
g4h29mJufpc,Ugyfo7IoRhC9SlLuORN4AaABAg,찢짜이밍이 쏘아올린 작은공,2026-09-13T07:47:27Z,0,0,2026-09-19T06:33:44.893221+00:00
g4h29mJufpc,UgzFtSyiF7GmX7WcT2R4AaABAg,저금리로 일정금액까지 대출 지원이 안되면 청약 의미 없음,2026-09-13T07:47:19Z,8,0,2026-09-19T06:33:44.893221+00:00
g4h29mJufpc,UgxMc2nsWdg0Iem_stt4AaABAg,걍 대출 금리 낮춰주는 용도로만 유지 중임..,2026-09-13T07:46:53Z,0,0,2026-09-19T06:33:44.893221+00:00
g4h29mJufpc,Ugye-qtspv8Ji35wDhF4AaABAg,2군위 3순위는 절대안되고 무조건 1순위 이어야하는데 거기서도 경쟁 치열하지,2026-09-13T07:46:30Z,0,0,2026-09-19T06:33:44.893221+00:00
g4h29mJufpc,UgyoCF16l_Ue78PpVK14AaABAg,당연하게  고분양가를 쟙이야 청약통장 가입 의미가 있은거 같아요 또한 50%는 청약통장만 있으면 무순위 당첨돼게 바꾸고,2026-09-13T07:41:42Z,0,0,2026-09-19T06:33:44.893221+00:00
g4h29mJufpc,UgzWuXccUFk6iD8T5RN4AaABAg,하 난 안뽑았다,2026-09-13T07:38:38Z,0,0,2026-09-19T06:33:44.893221+00:00
g4h29mJufpc,UgzSma4V921_njmGZvh4AaABAg,청약이 되도 살 능력이 안되니...,2026-09-13T07:34:20Z,0,0,2026-09-19T06:33:44.893221+00:00
g4h29mJufpc,UgwkY9vrCbZwS_eZpEJ4AaABAg,"기다리면 넘쳐나는 공급, 부족한 월급
굳이 살 이유도 없어지는 듯
새 아파트는 앞으로 수요보다 공급이 더 늘어날 것",2026-09-13T07:33:23Z,0,0,2026-09-19T06:33:44.893221+00:00
g4h29mJufpc,UgxMLzkK37-8JPlYSNp4AaABAg,민주당의 배급견 만들기 착착 진행중,2026-09-13T07:27:53Z,0,0,2026-09-19T06:33:44.893221+00:00
g4h29mJufpc,UgyAcnUpRtWMcPPWYMp4AaABAg,아니 인구구조가 급격하게 줄고 있는데ᆢ그 영향이 일단 제일 큰거고ᆢ 그 다음이 공공주택건설이 이명박 까진 좋았는데 이후 급락한 것이 큰 원인이지 머~ 그 다음이 분양가 상승으로 인한 주택구입비용이 원인이고,2026-09-13T07:27:39Z,1,0,2026-09-19T06:33:44.893221+00:00
g4h29mJufpc,UgzkXkvblchaCQlEn8N4AaABAg,역시 집값 떡상은 민주당이지~,2026-09-13T07:26:21Z,0,0,2026-09-19T06:33:44.893221+00:00
g4h29mJufpc,Ugy5JAyeV7Yf3ImaJGd4AaABAg,대구는 33평 신축 4억에 살수있고 25평은 3억에 살수가 있어서.. 궂이  청약을 안해도...신축들어감 ㅋㅋㅋㅋㅋ 집이 남아돈다,2026-09-13T07:25:43Z,0,0,2026-09-19T06:33:44.893221+00:00
g4h29mJufpc,UgwC5HVpQudNAEaIMFJ4AaABAg,ㅋㅋㅋㅋㅋㅋㅋ청약은 무슨 시부래,2026-09-13T07:24:59Z,0,0,2026-09-19T06:33:44.893221+00:00
g4h29mJufpc,UgyFlLbETA8tGqt9sIN4AaABAg,진짜 너무 신혼부부 위주던데 1인가구는 해지하는게 당연하더군요 어휴,2026-09-13T07:23:53Z,0,0,2026-09-19T06:33:44.893221+00:00
g4h29mJufpc,UgzSHSfCm0USFRPv6ft4AaABAg,나도 걍 해지 해야것다~ ㅋㅋㅋ 의미없노~~,2026-09-13T07:23:10Z,0,0,2026-09-19T06:33:44.893221+00:00
g4h29mJufpc,Ugxvk0xCGU86dCqGQup4AaABAg,청약 당첨돼서 들어가는 경우는 .. 소득이 안잡히는 불법적인 일 하면 ㅋㅋㅋ;;,2026-09-13T07:21:07Z,0,0,2026-09-19T06:33:44.893221+00:00
g4h29mJufpc,Ugy6E4v6rQkqcKL8r6h4AaABAg,혼자사는사람  나이들면  끝.,2026-09-13T07:16:00Z,0,0,2026-09-19T06:33:44.893221+00:00
g4h29mJufpc,UgzXfTrLf3QLiUryUaZ4AaABAg,"청약통장은 2만*61회 납입후 그냥 놔두고, 소득 자산 낮을때의 임대주택 지원 용도, 쓸모가 그거밖에 없음.
거기에 넣을 돈으로 투자 하는게 세제혜택보다 더 좋거든요.
학생 및 초년생분들 2만*61회만 넣고 임대주택 가점으로 쓰시면 됩니다. 더 넣지 말고요. 
청약은 포기하세요. 
청년은 저런거 당첨 불가고, 되어도 부모 도움 없으면 그 돈 마련못해요.",2026-09-13T07:15:12Z,0,0,2026-09-19T06:33:44.893221+00:00
g4h29mJufpc,Ugz9c9QxhEbVHCZSuGB4AaABAg,10억을 대출받아서 값으라는게 말이 되는소리냐?,2026-09-13T07:10:54Z,0,0,2026-09-19T06:33:44.893221+00:00
g4h29mJufpc,Ugz_70dI5VL8jMduiQd4AaABAg,"남겨두라
사람대거 빠지면 좋게 바뀔수도있다
오래걸리것지만",2026-09-13T07:07:30Z,1,0,2026-09-19T06:33:44.893221+00:00
g4h29mJufpc,UgwQ9hOfXAezJvyxXsJ4AaABAg,미국 중국 일본 다 못믿는다 자주방어가 답,2026-09-13T07:06:55Z,0,0,2026-09-19T06:33:44.893221+00:00
g4h29mJufpc,UgwV4neUxme1-MWcSjB4AaABAg,비자 승인되서 내년초 이민간다... 잘있어라 꼬레아... 나도 청약 깨러 가야지,2026-09-13T07:05:43Z,6,0,2026-09-19T06:33:44.893221+00:00
g4h29mJufpc,Ugyd0fK8sJjMd0DZiZd4AaABAg,코로나 발생 시기부터 원자재 수급이유로 건설비용증가해 분양가 저세상가버림 그리고 코로나끝났는데 분양가는 안내려옴,2026-09-13T07:04:55Z,2,0,2026-09-19T06:33:44.893221+00:00
g4h29mJufpc,UgzRsttjWZ2f1n3brIN4AaABAg,찢재명구속,2026-09-13T07:03:38Z,0,0,2026-09-19T06:33:44.893221+00:00
g4h29mJufpc,UgzIh5qRZHSrtsArpPp4AaABAg,거지같은 제도 폐지해라,2026-09-13T07:00:58Z,0,0,2026-09-19T06:33:44.893221+00:00
g4h29mJufpc,UgyItMuFOOHLsr_mT754AaABAg,로또 되는게  빠르겠다 ... 당첨 되고 분양가에 대출에  일반인이 꿈도 못꾸것다...,2026-09-13T07:00:56Z,0,0,2026-09-19T06:33:44.893221+00:00
g4h29mJufpc,Ugy--WFgVsKboAUjVmx4AaABAg,존나 의미없기때문,2026-09-13T06:59:47Z,0,0,2026-09-19T06:33:44.893221+00:00
g4h29mJufpc,Ugxjf9Ish9Xj7Ji3I4Z4AaABAg,애초에 청약 당첨 주택마련 보다는 금액이나 납입횟수로 혜택보는 것들이 있어서 혹시모르니 최저금액으로 매달 넣는 중.. 그 정도는 부담 되는 것도 아니고 정책이라는게 또 언제 바뀔지 모르니까.. 원래 투자라는게 분산투자가 중요하고 안정자산도 있어야하는 법이니까 여러 길 뚫어놓는다고 나쁜 것도 아니고.. 본인 판단이 확고하거나 어쩔 수 없는 상황이면 뭐 해지하는거지 뭐..,2026-09-13T06:59:39Z,4,0,2026-09-19T06:33:44.893221+00:00
g4h29mJufpc,UgyCmKUuu7dF879qFZd4AaABAg,아무 의미없다 부양가족이나 가족이 없으면 헛소리하냐 혜택?ㅋㅋ 니들 다 가져라 혼자사는 사람들에게는 100년 뒤 이야기다,2026-09-13T06:59:06Z,0,0,2026-09-19T06:33:44.893221+00:00
g4h29mJufpc,UgzR9hMzeyGXj_q16kN4AaABAg,광역시도 신축  8억부터시작 ㅋㅋㄱㅋㅋ,2026-09-13T06:57:58Z,0,0,2026-09-19T06:33:44.893221+00:00
g4h29mJufpc,Ugyt6t7Sli_b6NNyPpp4AaABAg,시세차익 얻을만한 곳은 어차피 당첨확률이 적고 나머지는 오히려 감가가 생기는 시대임. 애매한 계륵이 되어버렸어,2026-09-13T06:57:20Z,0,0,2026-09-19T06:33:44.893221+00:00
g4h29mJufpc,UgxMs6IFCX76jkwK7QN4AaABAg,"당첨되도 돈이 없고, 대출이 가능해도 부족하고, 당첨 가능성도 낮고.... 아무 의미가 없는데 유지할 필요가 있나?",2026-09-13T06:55:48Z,0,0,2026-09-19T06:33:44.893221+00:00
g4h29mJufpc,Ugycd9_x0jgebpQx9iR4AaABAg,되도...살수가 없음 중랑구만해도 12억이 넘었음....미친상태지,2026-09-13T06:53:17Z,1,0,2026-09-19T06:33:44.893221+00:00
g4h29mJufpc,Ugys1jczNnHhilz90P14AaABAg,아파트를 극혐하는 나같은 사람들도 조금은 있을 듯,2026-09-13T06:49:47Z,0,0,2026-09-19T06:33:44.893221+00:00
g4h29mJufpc,UgxJY6_otyGMCNh0z414AaABAg,경기도로 눈을 돌리셈 4억대 신축도 많음..주거가 아닌 부동산으로 인생 바꿀려는 의도면 지금처럼 서민들은 시도조차 못하게 만드는게 맞다고 봅니다,2026-09-13T06:46:19Z,0,0,2026-09-19T06:33:44.893221+00:00
g4h29mJufpc,UgxrVCoozSKLKyIC-HN4AaABAg,"청년 1인가구가 20-30대 란 사실을 알지만 두눈감고 모른채한다… 40-50먹어도 지금 분양가나 보증금을 감당하기 힘들고 나날이 갈수록 가격만 오르는데, 왜 청년들이 미혼자가 급증하는지 알아보면 답이 나올텐데

과거엔 청약 넣으면 나도 내집을 마련할수있을거라고 생각했지만 실상 헛된 꿈이고, 청년들이 살아갈수있는 평수는 이게 우리인지 고시원인지 그 코딱지만한 평수가 1-2억하고…",2026-09-13T06:45:04Z,0,0,2026-09-19T06:33:44.893221+00:00
g4h29mJufpc,UgzHzTB8sYLSDkXrjzN4AaABAg,게임에서 보면 길드에 인원이 없으면 합병한다. 한국은 나라 합병해야할것같은데 ㅋ 몽골이라던지 ㅋ,2026-09-13T06:39:46Z,0,0,2026-09-19T06:33:44.893221+00:00
g4h29mJufpc,UgyztYa1uqniSyXkQXV4AaABAg,"청약통장이라는 제도 존재 자체가 문제인데 뭘 생각을 해 ㅋㅋ 
청약통장이 아파트값 상승에 일부분 기여를 하고 있고 
아파트값을 잡으려면 주거인식 자체를 바까야함 
삼성이 하고있는 모듈러주택이나 단독 주택들을 아파트에 비해 저렴하게 공급하고 
동네마다 하고있는 제건축같은거는 좀 그만좀 하고 해야지 
은행이랑 건설사 먹여살릴라고 뭐하는짓임",2026-09-13T06:34:43Z,0,0,2026-09-19T06:33:44.893221+00:00
g4h29mJufpc,UgzO1sUUdkRXohkCX2J4AaABAg,그 30만명 중 하나는 나다ㅋㅋ 작년에 해지함... 들어놓음 뭐해 경기도권 아파트도 이젠 분양가 너무 높아져서 못사못사,2026-09-13T06:34:37Z,0,0,2026-09-19T06:33:44.893221+00:00
g4h29mJufpc,UgyApv2vCSOvpdC4POl4AaABAg,금리 안올려서 그럼,2026-09-13T06:34:21Z,0,0,2026-09-19T06:33:44.893221+00:00
g4h29mJufpc,UgwhzCLThLguqOn4FKB4AaABAg,계약결혼할사람,2026-09-13T06:30:13Z,0,0,2026-09-19T06:33:44.893221+00:00
g4h29mJufpc,Ugy8Qs3u2y1CHmKngY54AaABAg,"1인가구, 청약 천만원 있지만 분양받아 갚아나갈 자신이 없다.야무 의미 없이 붓고 있음",2026-09-13T06:30:03Z,0,0,2026-09-19T06:33:44.893221+00:00
g4h29mJufpc,Ugx8EpmxCPUwtD789tN4AaABAg,돈많은 백수나 되야 당첨 가능,2026-09-13T06:28:08Z,0,0,2026-09-19T06:33:44.893221+00:00
g4h29mJufpc,UgwdUqu6rlANT9pvsup4AaABAg,무쓸모 통장... 해외주식이나 할껄 시간낭비...,2026-09-13T06:25:54Z,0,0,2026-09-19T06:33:44.893221+00:00
g4h29mJufpc,UgyhCGn8NJPU6LUiI4F4AaABAg,청약의 본질이 사라짐..결국 당첨되면 그 딱지를 팔아 목돈을 벌 투기목적이 강해짐,2026-09-13T06:25:44Z,0,0,2026-09-19T06:33:44.893221+00:00
g4h29mJufpc,Ugz9X65CKnEkv5Qutr94AaABAg,잘 몰라서 그러는데 청약 통장이 있고 해야 임대 아파트라던지 임대 주택 이라던지 이런데들어 갈때도 유리 한거 아닌가여 ??,2026-09-13T06:25:36Z,0,0,2026-09-19T06:33:44.893221+00:00
g4h29mJufpc,Ugw_IWYSZ-m1OJby_tR4AaABAg,지금 이재명이 부동산 정책 내놓은 꼬라지 봐라.. 나도 애엄마랑 애기랑 살려고 미혼때부터 5년이상 모았지만 당첨은 되도 대출?? 전혀 안돼고 그냥 전세 사는게 맞다고 생각해서 여찌저찌 살고있다...,2026-09-13T06:25:30Z,0,0,2026-09-19T06:33:44.893221+00:00
g4h29mJufpc,Ugz-CteTz1M2OF2Bg6N4AaABAg,"청약 제도를 그냥 없애는게 맞는듯..
뭔 의미가 있지?",2026-09-13T06:25:26Z,0,0,2026-09-19T06:33:44.893221+00:00
g4h29mJufpc,Ugxk7xvxVVNz5EHXI6h4AaABAg,집값이 수십억 청약 통장 수백만원으로 택도 없음,2026-09-13T06:22:42Z,0,0,2026-09-19T06:33:44.893221+00:00
g4h29mJufpc,UgxFkRXB_c_mU7-QYEB4AaABAg,나도 해지함..어짜피 당첨되도 못삼ㅋㅋㅋㅋ,2026-09-13T06:21:29Z,0,0,2026-09-19T06:33:44.893221+00:00
g4h29mJufpc,UgwCFFomj3Vi4iRmYWx4AaABAg,청약 해지하고 그 돈으로 스페이스x 사서 화성가즈아~~~,2026-09-13T06:16:06Z,0,0,2026-09-19T06:33:44.893221+00:00
g4h29mJufpc,UgzgXv6SmSokkUfQrKp4AaABAg,"코로나직전 내가 가족들이랑 살던 서울 역세권 18년된 17평 아파트가 
4억에 팔고 나고 한달지나니 6 7억을 넘겼음 진짜 미쳣나 싶었지
이사하고 평수좀 늘려 뭣도 없는 신도시라고 하는곳에 이사해서 쭉 사는데 점점 여기도 이제 미친듯이 오를거같음",2026-09-13T06:14:27Z,0,0,2026-09-19T06:33:44.893221+00:00
g4h29mJufpc,Ugz3cWv_3lmP6io4bwB4AaABAg,일단 아파트를 당첨제라는걸로 운영하는것도 웃김 ㅋㅋㅋ 무슨 복권이야?,2026-09-13T06:11:52Z,0,0,2026-09-19T06:33:44.893221+00:00
g4h29mJufpc,UgxRBYQMlXBSLk_oCCp4AaABAg,중공은 집있고 나는 없어?,2026-09-13T06:00:38Z,1,0,2026-09-19T06:33:44.893221+00:00
g4h29mJufpc,UgyQYP26hI-Aw-8W9l54AaABAg,한번도 경험하지 못한 나라~~,2026-09-13T06:00:11Z,0,0,2026-09-19T06:33:44.893221+00:00
g4h29mJufpc,UgwWhJG8qD8aQYTE1Ax4AaABAg,그래도 갖고 계시다면 결혼하신분들은 해지하지말고 아이한테 물려주세요. 아님 걍 삼전 사서 물려주는게 나을까…? ㅜㅜ 고민되네,2026-09-13T05:59:23Z,0,0,2026-09-19T06:33:44.893221+00:00
g4h29mJufpc,Ugx6HzfiD5Bo19M3wpN4AaABAg,"사실 우리는 마지막 재건축 세대일지 몰라요
30층 넘는 아파트들... 30년~40년 후에는 재건축될까? 건설사 수익그조에선 최소 50층은 넘어야 하는데 
인구수가 절벽인데... 누가 분양해",2026-09-13T05:55:11Z,0,0,2026-09-19T06:33:44.893221+00:00
g4h29mJufpc,UgyRgJaWRoQOmWNUH7x4AaABAg,청약 당첨되도 높은 분양가 때문에 목돈 부족 으로 부담... 및 입주포기 겨우겨우 입주 해도 부실공사 때문에 절망,2026-09-13T05:54:44Z,0,0,2026-09-19T06:33:44.893221+00:00
g4h29mJufpc,Ugz5n9peev3SsjFglnZ4AaABAg,난 대출금 할인 받는 치트키  통장용~^^,2026-09-13T05:52:33Z,0,0,2026-09-19T06:33:44.893221+00:00
g4h29mJufpc,Ugzb--R-F6gKsuFdwMR4AaABAg,지방 소도시 사는데 공급과잉임 필요가없음,2026-09-13T05:52:13Z,0,0,2026-09-19T06:33:44.893221+00:00
g4h29mJufpc,Ugwy4kLUK6KKUjGLecN4AaABAg,얼마 되지도 않은 젊은이들 돈 슈킹하려는 개수작,2026-09-13T05:52:10Z,0,0,2026-09-19T06:33:44.893221+00:00
g4h29mJufpc,UgxiDVO1PhUqhH4e1kx4AaABAg,일찌감치 해지 하고 주식으로 투자했는데 이게 왠걸,2026-09-13T05:51:31Z,0,0,2026-09-19T06:33:44.893221+00:00
g4h29mJufpc,UgzDmqF7QhCgXsa5UGt4AaABAg,"청약은 무슨 당첨될려고 가입하는 줄 아니?
이자가 좀 되니까 그냥 놔두는 거지",2026-09-13T05:50:38Z,0,0,2026-09-19T06:33:44.893221+00:00
g4h29mJufpc,Ugw_imjV98sZkjd_3sp4AaABAg,돈은 한정되어 있는대 선심성 돈 뿌리기만 하고 있으니 나라가 망조가 들었다.,2026-09-13T05:50:22Z,0,0,2026-09-19T06:33:44.893221+00:00
g4h29mJufpc,UgxGNnW80p4G0EcJkKJ4AaABAg,"1인 평수 제한부터 풀어라
집이 있어야 결혼하는거지
결혼부터 하고 집구하라 하면
누가 결혼하냐",2026-09-13T05:49:41Z,0,0,2026-09-19T06:33:44.893221+00:00
g4h29mJufpc,Ugw4XXWz_U320_OoF-Z4AaABAg,"그래도 없는 돈이다 생각하고 모은게 꽤 됨
소비로 이어질뻔한 내 돈
난 굳이 해지할 필요는 없을듯",2026-09-13T05:47:56Z,0,0,2026-09-19T06:33:44.893221+00:00
g4h29mJufpc,UgyPHQEVKxYf7_rHekB4AaABAg,그냥 소득공제용임,2026-09-13T05:46:22Z,0,0,2026-09-19T06:33:44.893221+00:00
g4h29mJufpc,UgxXMZgO8qUAEc9nw4F4AaABAg,국민연금도 대국민 사기극이라는걸 모르는 청년들이 있나?,2026-09-13T05:43:20Z,0,0,2026-09-19T06:33:44.893221+00:00
g4h29mJufpc,UgyWxriDCyMof4Hq23J4AaABAg,"핵심은 청약 받고 대출 떙겨서 평생을 빚쟁이로 사는 대신 
한방에 집값 차익으로 돈 을 벌겠다는거잖아? 
뭔 순수하게 내가 살고 싶은 집은 어디하고 자빠졌어 ㅋㅋㅋ 전부 돈 쉽게 버는 방법이 막히니까 개지랄을 떠는게 팩트지",2026-09-13T05:36:07Z,1,0,2026-09-19T06:33:44.893221+00:00
g4h29mJufpc,Ugw305fy_351OWXHr2p4AaABAg,당첨되도 분양가가 너무 비싸서 무쓸모라니까,2026-09-13T05:33:28Z,0,0,2026-09-19T06:33:44.893221+00:00
g4h29mJufpc,UgyejyDKqrxLRnXnlCh4AaABAg,"대출 된다 하더라도 갚을수가 없다
굶으며 2잡 뛰어도 못삼",2026-09-13T05:28:54Z,0,0,2026-09-19T06:33:44.893221+00:00
g4h29mJufpc,UgwNOUgFX8WFFb382AF4AaABAg,집값이 적당하개 상승하고 돈모아서 40 50대에 집사는게 맞지 ㅅㅂ 그게 다 엉크러져서 이지랄이지,2026-09-13T05:23:48Z,0,0,2026-09-19T06:33:44.893221+00:00
g4h29mJufpc,UgyDDp1L6n97V1aIDVR4AaABAg,"집은 소유가 아니라 내가 잠시 머물다 가는곳이지.
분양가가 너무 높고 신혼이나 1인가구 저소득층등 서민들에겐 갭이커져버렸고
현실적으로 차라리 10년~25년 장기임대청약통장을 만들어라 그게 더 실익이 있다.",2026-09-13T05:18:41Z,0,0,2026-09-19T06:33:44.893221+00:00
g4h29mJufpc,UgyY7pleRFQh9y7QqOt4AaABAg,청약 넣으면서 청약계좌 담보 마통 대출 받으니 개꿀이더만,2026-09-13T05:06:53Z,0,0,2026-09-19T06:33:44.893221+00:00
g4h29mJufpc,UgwNZ5mSe2xIjQM1S754AaABAg,민주당이 말아먹는 대한민국의 미래,2026-09-13T04:57:55Z,7,0,2026-09-19T06:33:44.893221+00:00
g4h29mJufpc,UgxxQqdG-eoZmFsy5jt4AaABAg,몇십억짜리 아파트 사는데 몇백만원이 뭔 소용임?,2026-09-13T04:57:12Z,0,0,2026-09-19T06:33:44.893221+00:00
g4h29mJufpc,UgxmPW6kOC6GCLV70vV4AaABAg,청약통장이 역할을 못하는데 청약 통장 역할을 강화해야지 ㅋㅋ,2026-09-13T04:55:28Z,0,0,2026-09-19T06:33:44.893221+00:00
g4h29mJufpc,Ugx_B0g0qijksBpOWKx4AaABAg,주택구매자들이 가져갈 차액 이익을 주택회사가 먹을려고 하니 비싸지는 것임.,2026-09-13T04:52:55Z,0,0,2026-09-19T06:33:44.893221+00:00
g4h29mJufpc,UgyMjyWIPRsb4gludxJ4AaABAg,좋은 정부 좋은 부동산 정책~,2026-09-13T04:50:11Z,0,0,2026-09-19T06:33:44.893221+00:00
g4h29mJufpc,UgzjAybxY5Snt0RaS2F4AaABAg,청약이 사실상 당첨이 된다 한들 목돈 1억이상은 현금으로 들고 있어야 비벼볼까??가 되던데,2026-09-13T04:48:47Z,0,0,2026-09-19T06:33:44.893221+00:00
g4h29mJufpc,Ugxo-1-sbLdsvNqmSf94AaABAg,"눈을 ""찢""고 봐도 청년 부동산 정책 잘한게 1도없는 역대급 정부임.",2026-09-13T04:48:00Z,4,0,2026-09-19T06:33:44.893221+00:00
g4h29mJufpc,Ugxo-H8vzLD4iBuoagp4AaABAg,"얼마 전에 뉴스에 나온 내용.

계약금 (20%): 분양 계약 체결 시 집단대출 등을 활용해 납부 완료.
중도금 (60%): 1차(30%) 및 2차(30%) 중도금 역시 집단대출 등을 통해 정상 납부.
잔금 (20%): 남은 잔금 약 3억 7000여만 원을 치르기 위해 주택담보대출(잔금대출)을 받아 기존 집단대출(중도금)을 상환·전환하려 했으나, 
'6·27 대출 규제'로 대출 한도가 6억 원으로 일괄 제한되면서 자금줄이 막히게 되었습니다


대출로만 집을 사려고 했던 안일한 투기꾼들이 문제의 요지.

대한민국 가계부채

AI 개요
한국의 가계부채(가계 빚) 총액이 사상 처음으로 2,000조 원을 넘어섰습니다. 

연합뉴스TV
가계부채 현황
가계신용 잔액: 2분기 말 기준 2,019조 8천억 원을 기록했습니다.
증가 폭: 한 분기 만에 약 26조 원이 늘어나며, 4년 9개월 만에 가장 큰 증가 폭을 보였습니다.
원인: 주택담보대출 및 투자 목적의 대출(빚투) 증가가 주요 원인으로 작용했습니다. 

연합뉴스TV
 +1
경제적 영향 및 특징
세계 최고 수준: 한국의 GDP 대비 가계부채 비율은 주요국 중 최상위권에 속하며 가계 소비와 경제 안정을 압박하는 요인으로 지적됩니다.
구조적 요인: 주택 구입뿐만 아니라 전세 제도, 높은 자영업자 비중 등이 복합적으로 영향을 미치고 있습니다.

대출 빚갚는데 수입의 대부분이 지출 된다면 내수가 망하게 될 건 눈에 뻔하지.
정부가 두고 볼 수는 없는 지경까지 왔다는게 팩트.",2026-09-13T04:46:17Z,0,0,2026-09-19T06:33:44.893221+00:00
g4h29mJufpc,UgyQ6T8RNucQFZ8piAJ4AaABAg,"청약통장 분양 제도 없애야함. 청년들 당첨되도 돈없어서 못들어가는데 뭔소용? 
있는집안 자식 로또분양 시키는꼴, 
그냥 sh나 lh 20년 장기 임대주택 개념으로만 가는게 맞다고봄. 20년거주하면 결혼하고 애낳을수는 있자나. 그때쯤이면 자금 모아 분양받던 나가던 하면되고,",2026-09-13T04:46:15Z,1,0,2026-09-19T06:33:44.893221+00:00
g4h29mJufpc,UgzSqoKY5JPTEutGQAN4AaABAg,찢자이오밍 탓. 1년만에 20프로 가까이 실질 집값을 다 올려바림,2026-09-13T04:45:53Z,1,0,2026-09-19T06:33:44.893221+00:00
g4h29mJufpc,UgwBloypwxNdaaYBuLl4AaABAg,의미없는 기준이 문제,2026-09-13T04:45:52Z,0,0,2026-09-19T06:33:44.893221+00:00
g4h29mJufpc,Ugy9iQPoXZhSOhir1bx4AaABAg,"4인가족 청약통장 만점도 예비번호한번 안나옴...분양가 상한제도 없애고, 소득보다 분양가가 10배는 빠르게 올라가고,  대상은 청년 신혼부부에게만 주로 주다보니, 
40대후반~60대 초반까지는 걍 니 재주좋으면 사보시든가??하는 수준임.  청약통장 불법거래하고, 온갖 불법을 자행해도 그닥 처벌도 안하고, 찾아낼 의지도 없어보임. 에라이~",2026-09-13T04:41:49Z,0,0,2026-09-19T06:33:44.893221+00:00
g4h29mJufpc,Ugz7okOe2xuJxzjFZWh4AaABAg,건강해지고 있군 ㅋㅋ,2026-09-13T04:39:20Z,0,0,2026-09-19T06:33:44.893221+00:00
g4h29mJufpc,UgyGrr8mTWHrdHw4B8B4AaABAg,청약도 안걸리고 헌아파트가도 뭐 나쁘지 않아,2026-09-13T04:37:37Z,1,0,2026-09-19T06:33:44.893221+00:00
g4h29mJufpc,UgyYI631eRZw5IyoLml4AaABAg,"경기도 외곽쪽 사는데 근처 지하철에 근접한 청약 아파트가 6억~7억임;
신청하는 곳 가서 보니까 대부분 신혼부부나 나이가 많아도 30대 중후반이던데
부모가 돈이 있어야 겨우 살 수 있는 정도임.....",2026-09-13T04:37:09Z,0,0,2026-09-19T06:33:44.893221+00:00
g4h29mJufpc,Ugy_bCCMf7lxyslh06t4AaABAg,요즘 진짜 청약통장은...그냥 약간의 절세? 딱 그정도 밖에 안됨.. 그돈으로 차라리 적금 넣는게 훨씬 이득!!! 요즘 4인가족이상 무주택 10년이상 아니면 진짜 무쓸모임!,2026-09-13T04:33:29Z,0,0,2026-09-19T06:33:44.893221+00:00
g4h29mJufpc,UgwDijuPk_Dix5UMqml4AaABAg,뭐가 문재인지 이재명확하죠?,2026-09-13T04:26:58Z,4,1,2026-09-19T06:33:44.893221+00:00
g4h29mJufpc,UgwF6A7GdIivBrZtq4V4AaABAg,분양금 10억이상인데 뭔돈으로 사?  대출? 대출이자낼수가 있냐? 결국 집값은 떨어진다,2026-09-13T04:25:20Z,0,0,2026-09-19T06:33:44.893221+00:00
g4h29mJufpc,UgyzDyPPvwoB2W3_TYh4AaABAg,"부동산 버블 너무 심함...   거품이 낄대로 껴서....  버블이 빨리 안 터지면... 나라가 망하게 생겼음....  일본 잃어버린 30년, 미국 2008년 부동산발 금융위기, 중국 부동산 폭락 조만간 따라갈 예정...",2026-09-13T04:19:21Z,0,0,2026-09-19T06:33:44.893221+00:00
g4h29mJufpc,UgxDVSLAh6_ivljIyQd4AaABAg,늙으면 어느순간부터 청약으로 임대들어가는게 좋을건데 ㅎ,2026-09-13T04:17:15Z,0,0,2026-09-19T06:33:44.893221+00:00
g4h29mJufpc,UgzsY0eixQyuCI3nEnZ4AaABAg,청약 없애고 후분양으로 바꿔라,2026-09-13T04:16:38Z,0,0,2026-09-19T06:33:44.893221+00:00
g4h29mJufpc,UgyB9t8G_RYn5T9TLEd4AaABAg,"해외주식 ETF투자 ㅋ. 1인가구는 이제 혜택 계속 줄어들거다.
신혼부부 혜택은 점점 늘어날거고 . 모든 나라가 다 그렇게 해왔음.
한국은 뭐 다를줄 아나봄. 문재인.윤석렬때 말도 안되는 1인가구 혜택을 줬으니까 
그게 스노우볼이 된거지.",2026-09-13T04:14:39Z,0,0,2026-09-19T06:33:44.893221+00:00
g4h29mJufpc,Ugygvcx8n7LmB0tCwrB4AaABAg,"다들 청약통장을 해지하니깐 주택도시기금이 무너진게 아니라
주택도시기금이 제대로 일을 못하니깐 청약통장에서 탈출하는거지ㅋㅋㅋ",2026-09-13T04:11:49Z,0,0,2026-09-19T06:33:44.893221+00:00
g4h29mJufpc,Ugx9ZgT4pCMjblkpXLV4AaABAg,서울 말고 경기도를 봐라.. 서울은 열심히해서 들어갈 수 있는 곳이 아니다. 가족지원 운 여러가지가 지원되야 가능하다.,2026-09-13T04:09:03Z,0,0,2026-09-19T06:33:44.893221+00:00
g4h29mJufpc,UgzF3fhujrOjRtl1RtJ4AaABAg,걍 피주고 사는거 대비 이득이 전혀 없는데 유지할 이유가 도대체 뭐임?,2026-09-13T04:07:13Z,0,0,2026-09-19T06:33:44.893221+00:00
g4h29mJufpc,UgxSIjvR_u9Hm47FsB14AaABAg,이게 바로 찢두로효과,2026-09-13T04:06:40Z,0,0,2026-09-19T06:33:44.893221+00:00
g4h29mJufpc,UgzdY3bOMcKGKtvX0E54AaABAg,ㅅㅂ 혼자사는 사람은 청약통장 왜 가지고 있어야하냐?,2026-09-13T04:05:00Z,0,0,2026-09-19T06:33:44.893221+00:00
g4h29mJufpc,UgyRIpISNrrRh3Wb2qh4AaABAg,ㅋㅋㅋㅋㅋㅋ열심히 넣다가 부동산 공부하던 친척어른 따라 다니면서 모델하우스 몇번 봤는데. 이거 한다고 답이 없는데??? 싶어서 그냥 썩다리집 사고 해지함.,2026-09-13T04:01:38Z,0,0,2026-09-19T06:33:44.893221+00:00
g4h29mJufpc,Ugwc_RvNfA4Y2FKbUyZ4AaABAg,"청약통장 가입자 수를 늘리려면 간단함. 매수하고자 하는 주거형 부동산 매매가의 30%를 청약 통장 보유시 할인 혜택을 주는것임. 단 무주택자이며, 실거주 목적을 증명하는 사람에게만. 그럼 반대로 청약통장 가입자가 늘것임. 보유기간이 길수록 최대 50%까지 할인 혜택 부여한다면 청약통장 가입자수는 절대 감소하지 않음.",2026-09-13T03:59:20Z,0,0,2026-09-19T06:33:44.893221+00:00
g4h29mJufpc,UgwGJl7D3Bh7nu0TtQ14AaABAg,"청약통장 만들어도 , 결국 내돈 나가는거 똑같음. 존재 의미가 뭐가 있지?. 집사는데 대출받고, 내돈 수억나가는거 똑 같은데.",2026-09-13T03:50:33Z,0,0,2026-09-19T06:33:44.893221+00:00
g4h29mJufpc,UgyX9t9x28AAQObvjkZ4AaABAg,정부 정책이 잘못됐다는 뜻이지 뭐. 하나만 알고 둘은 망치는,2026-09-13T03:49:51Z,0,0,2026-09-19T06:33:44.893221+00:00
g4h29mJufpc,UgzQC7zny09vRFX03qd4AaABAg,"새집은 6억이상이고 
대출규제는 연봉이 알바수준이고 ㅎ
한달에 300번다고 치면 아파트값으로 매달 150나가고 각종공과 관리비 나가면 뭐있냐? ㅎㅎㅎ",2026-09-13T03:47:38Z,0,0,2026-09-19T06:33:44.893221+00:00
g4h29mJufpc,Ugw0V_3IpANFebXpr5F4AaABAg,05:38 2030 타령 좀 고만해라.  40대의 많은 가장들도 집이 없어요 이사람아.,2026-09-13T03:46:35Z,0,0,2026-09-19T06:33:44.893221+00:00
g4h29mJufpc,UgwYVVKYDHhh36wKl0l4AaABAg,미혼이지만 부모님과 살고있음. 현재 백수에다 형편이 어려워져(부모님께 손벌리기엔...) 연금보험을 깰까 청약을 깰까 빡세게 고민하고 있는데 이 영상보고 내일 청약깨러 가려고.,2026-09-13T03:45:24Z,0,0,2026-09-19T06:33:44.893221+00:00
g4h29mJufpc,UgyMyYrKjjmy6G4EdrR4AaABAg,우리나라는 맘에 안드는게 자꾸 나라에서 뭘 해주려고함. 성인이면 알아서 주택사고 알아서 노후 준비하는거지 국가 지원이 과함,2026-09-13T03:44:57Z,0,0,2026-09-19T06:33:44.893221+00:00
g4h29mJufpc,UgyqmwDkzY1fGfFNCBx4AaABAg,근데 나는 장기적으로는 좋은 현상 같음.. 비생산적인 부동산에 다들 투기/투자 해서 시세차익 남길 바에야(물론 모든 사람이 다 그렇진 않다는 거 매우 인정!) 생산적 기업에 투자해서 선순환 하는게 더 좋을 듯! 물론 국내 기업이 더 건전해져야 하는 숙제가 남긴 했지,2026-09-13T03:41:24Z,0,0,2026-09-19T06:33:44.893221+00:00
g4h29mJufpc,Ugzlg5leL_Dx2k1Oewp4AaABAg,"그냥 지방에 가성비 좋은 구축 사서 리모델링 하자. 
난 그렇게 했다.
지금 32인데 40넘어서 까지 전세나 월세내고 살고 있을거 생각하니까 암담해서 걍 지방에 구축 사서 인테리어 함.",2026-09-13T03:40:49Z,1,0,2026-09-19T06:33:44.893221+00:00
g4h29mJufpc,UgxXtZm_8kmspnX0pAt4AaABAg,대체 어느나라가 2030이 내집마련 할 수 있다고 생각하냐? ㅋㅋㅋ 결국 그게 다 빚인데 죄다 그걸 원하니 부동산가격이 안 올라가고 배겨? ㅋㅋㅋ 다른나라가 보면 코메디 현상임 ㅋㅋㅋ,2026-09-13T03:39:35Z,0,0,2026-09-19T06:33:44.893221+00:00
g4h29mJufpc,Ugzs8HAL-gXK0lswOAt4AaABAg,"누구도 탓하지 마. 결국 우리나라 부동산 올린 사람들 다 돈에 눈먼 대한민국 국민들이니까. 주식,부동산 죄다 돈에 눈멀어서 시장이 이상해지지",2026-09-13T03:37:59Z,0,0,2026-09-19T06:33:44.893221+00:00
g4h29mJufpc,UgzL-4BCyeAaLAljxyh4AaABAg,이게 다 문죄명 때문이다!!!,2026-09-13T03:33:31Z,0,0,2026-09-19T06:33:44.893221+00:00
g4h29mJufpc,UgxXEpXkPbsG2dwCtPB4AaABAg,옛날이야기~,2026-09-13T03:32:33Z,0,0,2026-09-19T06:33:44.893221+00:00
g4h29mJufpc,UgypZgrLK6Wia4yv6nl4AaABAg,내 집 마련은 2030만의 문제가 아니예요...무주택 40대도 많답니다ㅜ,2026-09-13T03:30:43Z,0,0,2026-09-19T06:33:44.893221+00:00
g4h29mJufpc,UgxUfu4TfpxZeBhRMcl4AaABAg,청약은 항상 변한다 갖고있자 제발,2026-09-13T03:30:28Z,0,0,2026-09-19T06:33:44.893221+00:00
g4h29mJufpc,UgyyLajogsE4KhJoAH54AaABAg,일단 이율이 존나 낮아서 개빡침,2026-09-13T03:23:18Z,0,0,2026-09-19T06:33:44.893221+00:00
g4h29mJufpc,UgyLgmOwRWlnrddgDJl4AaABAg,"난 저런 이유로 15년 전에 해지했는데 왜 이제야 저런 얘기가 나오는거야?
그냥 추첨제로 하면 될 걸 가지고 가점에 소득에 규제에 어휴",2026-09-13T03:22:53Z,0,0,2026-09-19T06:33:44.893221+00:00
g4h29mJufpc,UgwT9S7_hrJV_P4s7E14AaABAg,대출도 막혀 시장가가 너무 높아 갚을수도 없어,2026-09-13T03:22:39Z,0,0,2026-09-19T06:33:44.893221+00:00
g4h29mJufpc,Ugz5Hz8HFQVoCDIiKld4AaABAg,"임대후 분양 아파트 경우 입니다, 내 생에 첫 집 장만,,, 부부경우 둘다 집을 전에 산 이력이 없으면 취득세도 감면 합니다
기존 청약으로 lh공사 공고 넣고 당첨되서 임대 아파트에 살 때 곧바로 다시 청약 통장 3년 정도 유지하다 그 이후로 당첨된 집을 임대기간 후 내생에 첫 집을 장만할 떄...  주택 담보 대출 때 디딤돌 대출 금리를 추가로 깎아주는 유일한 무기가 됩니다.
3년 이상이면 0.5% 인하 가능,  전혀 무의미하지는 않음-
금액은 상관 없음 매달 5만원만 넣어도 금리 인하 가능",2026-09-13T03:20:42Z,0,0,2026-09-19T06:33:44.893221+00:00
g4h29mJufpc,Ugx_nLXhLVGXAhR2MX54AaABAg,그냥 돈없고 그돈으로 투자하고 싶어 해약한거임~~~ 몬 큰이유가 있겠어..애초부터 청약통장은 언제가 올 좋은기회를 잡기위해 넣는거였어.. 근데 최근 경제가 안좋아지고 투자포모가 오니 그냥 해약!!,2026-09-13T03:17:25Z,0,0,2026-09-19T06:33:44.893221+00:00
g4h29mJufpc,UgwbVPh9scDxNCAr8Kx4AaABAg,시골에서 생활하다 결혼하면서 서울에서 직장생활 시작했음. 고시원부터 출발..... 10년 살다보니 결론이남. 난 아파트는 절대 못들어간다 부동산으로 돈버는거 절대 못하고 그냥 내가 내집이라 부를수있는 빌라로 가는게 어쩔수없는 방법이라는 생각,2026-09-13T03:13:06Z,0,0,2026-09-19T06:33:44.893221+00:00
g4h29mJufpc,UgzAWjNuaAKTxd5-tiB4AaABAg,아니 웃긴게 원래 돈없으면 집 못사는건 당연한건데 빚ㅈㄴ내서 사려고하니 이게 문제처럼 비춰지는거임. 무조건적인 내집마련은 사라지고 능력있는사람만 산다면 부동산가격도 안정화되는거고,2026-09-13T03:03:53Z,0,0,2026-09-19T06:33:44.893221+00:00
g4h29mJufpc,UgwX44MJFula9twSI254AaABAg,모 연예인 청약당첨으로 집샀다는 기사 봤는데,2026-09-13T03:01:38Z,0,0,2026-09-19T06:33:44.893221+00:00
g4h29mJufpc,UgyceCgw7bt56cGKlm54AaABAg,이거보고 나도 그냥 깰까 싶다,2026-09-13T03:00:10Z,0,0,2026-09-19T06:33:44.893221+00:00
g4h29mJufpc,Ugz1mKKJOfcK-z5eZHh4AaABAg,"머릿수 많다고 점수를 더주니까 당첨돼긴 글럿어
소형 주택을 많이지어서  1인가구도 해택을 보게 하던가",2026-09-13T02:59:30Z,0,0,2026-09-19T06:33:44.893221+00:00
g4h29mJufpc,UgzXwfnJ6Ibtj2Ih_CJ4AaABAg,서울에서만 그렇지 ..,2026-09-13T02:54:16Z,0,0,2026-09-19T06:33:44.893221+00:00
g4h29mJufpc,UgwEbN4eEZUWfjW5HwN4AaABAg,청약통장 아직 갖고 있는 흑우 읍재?,2026-09-13T02:53:04Z,0,0,2026-09-19T06:33:44.893221+00:00
g4h29mJufpc,UgxnvmCuzOEFKCVqQtx4AaABAg,"서울 한강변이나 강남 근방 핫플레이스 지역은 청약 가산점까지 짱짱해야 청약 받을까말까고, 
그 외 지역은 청약 다 미달인데 청약통장이 필요가 없어.",2026-09-13T02:47:58Z,0,0,2026-09-19T06:33:44.893221+00:00
g4h29mJufpc,UgzaF5qFiTEA_Li_m3h4AaABAg,"모든 대지는 나라가 주인이 되고, 주택은 실거주자만 소유할 수 있도록 법을 만들자. 땅값은 세금으로 받고 그러면 부동산 투기니 전세사기니 하는것도 전부 사라진다.",2026-09-13T02:46:44Z,0,0,2026-09-19T06:33:44.893221+00:00
g4h29mJufpc,Ugw-pl8VdOOiW0QVkv54AaABAg,"댓글들보면 왜 못사는사람들만 있는거같냐ㅎ
막지어도 분양다되는데 들어가는사람도 수두룩일텐데",2026-09-13T02:44:36Z,0,0,2026-09-19T06:33:44.893221+00:00
g4h29mJufpc,Ugzvb_UIoCqI0EIupTB4AaABAg,ㄹㅇ 하나도 의미 없음 ㅋㅋㅋㅋㅋ,2026-09-13T02:37:21Z,0,0,2026-09-19T06:33:44.893221+00:00
g4h29mJufpc,Ugx6eRd4Yd2VXKDIpXF4AaABAg,ㄹㅇ 하나도 의미 없음 ㅋㅋㅋㅋㅋ,2026-09-13T02:37:11Z,0,0,2026-09-19T06:33:44.893221+00:00
g4h29mJufpc,UgxR3hJ6tBEwpbOpT3d4AaABAg,"부루조아 무주택자를 위해 가난한 청년보고 상부상조하라는 거지
10억,20억 로또당첨에 청약하는 사람을 도와주는게 맞냐?  
로또청약 없애고 시세에 분양하고 그 차액으로 청년임대주택 재원으로 쓰는게 맞냐?
글구 청약을 복잡하게 해서 아는사람만 하게 만든게 맞냐?
위장결혼, 위장부모부양, 심지어 입양까지..  온갖불법을 만들고.. 
임대든 분양이든 시장가대비 최대80퍼만 인정하게 해라..
과도한 혜택은 혜택의 고마움보다 오만한 권리자만 양산한다.",2026-09-13T02:35:46Z,0,0,2026-09-19T06:33:44.893221+00:00
g4h29mJufpc,UgzSUX0qYNruJ3al1q14AaABAg,"당첨자였던 입장으로 말씀을 드리면
배보다 배꼽이 더큽니다
월급쟁이가 돈이 어디에 있겠냐만은 대출도 막혀있는 상태이고
당첨이 되서 집값만 내는것이 아닌 인테리어 가전제품 등등 
그런걸 고려한다면 의미없어요 솔직히 그냥 당첨이 되면 딱 이느낌입니다 "" 박탈감 "" 
당첨된 기분은 잠시고 정말 밀려오는건 돈은 어떻하지?? 아 좆같다는 생각밖에 안듬 ㅋㅋ
대대로 돈이 있는 집아닌이상 이제 불가능 해보였어요
만약에 내가 계약금 잔금 이런걸 전부 해결해도 그후 대출금 이자 갚아가는게 지옥이라 생각했습니다
그래서 결국 포기 하고 나왔습니다 ㅋㅋㅋㅋㅋㅋㅋㅋㅋㅋㅋㅋㅋㅋ
이게 정말 큰꿈을 가지고 넣었는데 현실은 정말 절망적이였다고 생각해요",2026-09-13T02:18:35Z,22,1,2026-09-19T06:33:44.893221+00:00
g4h29mJufpc,UgwFbNgHz90x9qa4onx4AaABAg,"왜 해지하지?
단기자금이 필요하거나 투자 때문이라면 청약통장을 담보로 마이너스통장 개설해서 쓰면됩니다.
청약통장에 천만원 있다면 천만원짜리 마이너스통장 개설 가능합니다.",2026-09-13T02:12:38Z,2,0,2026-09-19T06:33:44.893221+00:00
g4h29mJufpc,Ugyvi93shdCB4TaIq3Z4AaABAg,세재혜택도 의미 없고 당첨되도 집값만 비싸지 퀄리티는 옛날만도 못하고 그냥 돈 벌다 분양 간당간당한 아파트 하나 사거나 위치좋은 구축 리모델링 하는게 제일 좋다 생각해요,2026-09-13T02:03:01Z,1,0,2026-09-19T06:33:44.893221+00:00
g4h29mJufpc,UgyiHM5Rf_KuKaUItw54AaABAg,지금 어쩐다고 해지 하는 게 머리가 없는 거고 2만원 씩 넣어라 정책이 어떻게 바뀔지 모르는데 무지성으로 25만원씩 박는 게 멍청한거고,2026-09-13T02:02:39Z,1,0,2026-09-19T06:33:44.893221+00:00
g4h29mJufpc,UgyXn0I8LzIDwFzbwMB4AaABAg,간단하지 집값을 내리면됨,2026-09-13T01:55:45Z,0,0,2026-09-19T06:33:44.893221+00:00
g4h29mJufpc,UgywM_EvD919jGD5F9x4AaABAg,해지하는 사람 : 부알못,2026-09-13T01:52:36Z,1,0,2026-09-19T06:33:44.893221+00:00
g4h29mJufpc,Ugxko0TwvIWCLjkkF_F4AaABAg,"사람 살만한 지역 아파트는 뷴양가 평균 20억인데 그돈이 없으니 그렇지...그렇다고 거주하기 위험한 동네가서 살 순 없잖아. 전기톱살인사건, 냉동창고시체보관 사건 등등... 다 경기도 외곽지역에서 발생하는 사건들이다... 그니까 신축 대단지에 분양가도 4억인데도 미분양이지",2026-09-13T01:40:46Z,0,0,2026-09-19T06:33:44.893221+00:00
g4h29mJufpc,UgwcLKasGvBJHnFDGLR4AaABAg,그래서 저도 해지할까 싶어요... 청년 임대도 보증금보면 대출 없으면 들어가지도 못하겠던데... 차라리 남은 돈 주식 투자나 적금 들어가는 게 더 나은 느낌.,2026-09-13T01:39:38Z,0,0,2026-09-19T06:33:44.893221+00:00
g4h29mJufpc,UgyDUrG75Gaaclqs69V4AaABAg,"아직도 정신 못 차리고 아파트값 폭락한다는 망상을 믿는 정신나간 특정 정치성향 어리석은 자들
오히려 그런 어리석은 자들이 지지하는 인간들이 우리나라 역사상 부동산 폭등 만든 장보인들. 아직도 그렇게 만들고 있고 
문재인인과 여당이 만든 임차3법으로 부동산 폭등 전세 씨말르게 만들어버리고, 역사상 최대 폭등 역사를 갈아치웠는데 이재명정권이 다시 들어서 그 기록 다 
갈아치우는중. 정권 초반인데도 헛소리하며 앞으로 더 폭등할 예정. 지방 상급지 국평이 10억 하는데 서울 20억이면 싸지",2026-09-13T01:34:40Z,1,0,2026-09-19T06:33:44.893221+00:00
g4h29mJufpc,UgylJSHG6eW33CFkJd54AaABAg,정권바뀌면 또 어떻게 바뀔지 모르는데 해지를 정말 많이 할까?,2026-09-13T01:31:20Z,0,0,2026-09-19T06:33:44.893221+00:00
g4h29mJufpc,UgyT-MDlJFi0mdzILHZ4AaABAg,부의 대물림,2026-09-13T01:25:20Z,0,0,2026-09-19T06:33:44.893221+00:00
g4h29mJufpc,Ugx635DyQ9yJDNVWZnx4AaABAg,조선은 남들할때 쫓아하면 손해보는나라임... 남들 해지한다고 해지하면 후회한다,2026-09-13T01:23:02Z,0,0,2026-09-19T06:33:44.893221+00:00
g4h29mJufpc,Ugy5FTuZT7Ul--U9u914AaABAg,근데 말만 그리하지 대부분 수도권에 집한채씩은 있잖아?,2026-09-13T01:20:01Z,0,0,2026-09-19T06:33:44.893221+00:00
g4h29mJufpc,Ugz-RqH1wzdPo47ieyx4AaABAg,나도 올해 초에 몇낸째 넣던 청약 해지했지. 근데 저런 이유는 아니고 주식 때문에...,2026-09-13T01:19:48Z,0,0,2026-09-19T06:33:44.893221+00:00
g4h29mJufpc,UgyySidnMVxuvlOv4Oh4AaABAg,"혜택 받을 확률은 낮은데,
쥐꼬리만한 이율 주면서
남의 돈 이용하려는 프로세스가 무너지는 거지",2026-09-13T01:18:16Z,0,0,2026-09-19T06:33:44.893221+00:00
g4h29mJufpc,Ugw1GJXNZC_706wektJ4AaABAg,"요새 청년들이 똑똑하게 잘 하고 있는 것
기본적으로 자본주의 사회에서 자본이란 것은 단 1초도 놀고 있으면 안되는 것이다
내 돈을 일하게 만들지 않으면 평생 톱니바퀴로 살다가 닳아 죽게 된다
미국 2년물보다 낮은 기대수익률을 갖는 곳에 들어간 자본은 전부 빼야된다",2026-09-13T01:14:18Z,2,0,2026-09-19T06:33:44.893221+00:00
g4h29mJufpc,UgwaiKEJ1cGEUE2bV5B4AaABAg,멍청한 소리. 규제는 매년 바뀌었음. 적금통장이라 생각하고 모으면 되지. 해지를 왜해?,2026-09-13T01:03:50Z,0,0,2026-09-19T06:33:44.893221+00:00
g4h29mJufpc,UgyAUp5LmoluKgqw7cN4AaABAg,애키워바라 59 개짝다,2026-09-13T01:03:39Z,0,0,2026-09-19T06:33:44.893221+00:00
g4h29mJufpc,UgzqrsZaaPWSh1n2-S54AaABAg,아 내 돈이 무능력자한테 가는거였음? 청약 해지하러갑니다,2026-09-13T01:03:12Z,0,0,2026-09-19T06:33:44.893221+00:00
g4h29mJufpc,UgyuCTSwQNRc97LTSP54AaABAg,"아파트 이삼억할때나 청약매리트 있지
지금은 칠억이상주고 사서 1억 오름ㅋ",2026-09-13T01:00:50Z,0,0,2026-09-19T06:33:44.893221+00:00
g4h29mJufpc,Ugws-XL_wEdrjJQh-F54AaABAg,청년 사다리 개박살은 역시 대재인 대재명^^7 고마워요!,2026-09-13T01:00:03Z,0,0,2026-09-19T06:33:44.893221+00:00
g4h29mJufpc,UgwfoCrkTBNNCFTUMX54AaABAg,"1인 가구면 걍 깨서 주식이나 넣어라
공공임대 기생충은 사람 아니니까 난 쓸모있던데 ㅇㅈㄹ하지말고",2026-09-13T00:58:09Z,0,0,2026-09-19T06:33:44.893221+00:00
g4h29mJufpc,Ugx3wd7AF_lIjDbR4Vp4AaABAg,결론 너무 비싸구 돈이없구 소득 자산요건은 말이 안되구 진짜 필요없는 통장임,2026-09-13T00:54:19Z,0,0,2026-09-19T06:33:44.893221+00:00
g4h29mJufpc,Ugwl78HfNZj60WcxlO94AaABAg,이자만 백만원 이백만원 수년 수십년 내야되는데 애를 어케 키웁니까 ㅋㅋㅋㅋ,2026-09-13T00:47:45Z,0,0,2026-09-19T06:33:44.893221+00:00
g4h29mJufpc,UgwTuRFaCQlOexLV9V14AaABAg,당첨도 안되고 당첨돼도 집값이 씹창나서 대출도 안나와,2026-09-13T00:33:41Z,0,0,2026-09-19T06:33:44.893221+00:00
g4h29mJufpc,UgwgdkxK_YCXcR3tyIR4AaABAg,사람들이 미래에 대한 기대감이 낮아졌다는거겠지,2026-09-13T00:25:10Z,0,0,2026-09-19T06:33:44.893221+00:00
g4h29mJufpc,UgzDbOwX_Mt01On4SUt4AaABAg,당첨되도 계약금 낼 수 있는 사람이 거의 없음..ㅋㅋㅋ,2026-09-13T00:24:26Z,0,0,2026-09-19T06:33:44.893221+00:00
g4h29mJufpc,UgzTlrZeCCjN2eDRz5d4AaABAg,돌아가면서 청약부자한태 돌아가면서 아파트 나눠주기  청약통장이런 거지같은구조를없애라,2026-09-13T00:22:31Z,0,0,2026-09-19T06:33:44.893221+00:00
g4h29mJufpc,UgzjFFJF0f88sxtSG7B4AaABAg,모든 다단계형 사업이 그렇듯   초반에는  대박이고  뒤로 갈수록  똔똔  마지막은 독박임    이 시장도 끝나거임,2026-09-13T00:21:18Z,0,0,2026-09-19T06:33:44.893221+00:00
g4h29mJufpc,UgwhXsB6NoEg4h_8_B14AaABAg,근데 솔직히 언제부터 2030들이 바로 내집마련하고 살고있었냐???,2026-09-13T00:17:37Z,0,0,2026-09-19T06:33:44.893221+00:00
g4h29mJufpc,UgzePMJ-lvONF4aMIUF4AaABAg,"연예인들은 50억 100억씩 대출 받아 부동산 투자하는데 서민들은 어쩌다가 운 좋게 청약 당첨되도 대출이 안되서 로또도 날리는 현실ㅎ 부자는 더욱 부자로, 가난뱅이는 더욱 가난뱅이로",2026-09-13T00:14:36Z,0,0,2026-09-19T06:33:44.893221+00:00
g4h29mJufpc,UgyODVbNFIF7jTjBQDd4AaABAg,청약 시스템 유지할거면 별도의 청약 주담대를 주고 주거한다는 내용을 중심으로 혜택을 주고 그래야지 뭔,2026-09-13T00:08:30Z,0,0,2026-09-19T06:33:44.893221+00:00
g4h29mJufpc,Ugw7Ynk5G3fLACYUmd94AaABAg,ㅇ국민임대 행복주택도 너무 힘듬..,2026-09-13T00:04:45Z,12,0,2026-09-19T06:33:44.893221+00:00
g4h29mJufpc,UgxcsyXwB-o0sBbznDJ4AaABAg,가격이 비싸지니 차라리 꺠고 어디 다른곳 알아보는게 속편하긴하지.,2026-09-12T23:55:51Z,0,0,2026-09-19T06:33:44.893221+00:00
g4h29mJufpc,UgzDuGiU9v_xM7kztad4AaABAg,청약 당첨되고 부동산으로 돈벌려고 갭투자한 4050이 사다리 차버린거지,2026-09-12T23:53:41Z,1,0,2026-09-19T06:33:44.893221+00:00
g4h29mJufpc,UgykSerYxjD9ESPHJw54AaABAg,집사도 청약통장유이자우대때문에 해지도몬하는,2026-09-12T23:47:33Z,2,0,2026-09-19T06:33:44.893221+00:00
g4h29mJufpc,UgxqvPgbB9VBYKPTShx4AaABAg,부동산망해서 청약통장무쓸모.,2026-09-12T23:43:42Z,2,0,2026-09-19T06:33:44.893221+00:00
g4h29mJufpc,UgxReeI2jJSwAy4HG1x4AaABAg,"애초에 미친 경쟁률을 뚫는것부터가 난관인데 뭐..
급한 돈이 필요하면 청약통장해지하는것도 방법이 맞지",2026-09-12T23:39:16Z,0,0,2026-09-19T06:33:44.893221+00:00
g4h29mJufpc,Ugwc8c1cSLMGj9bSL9t4AaABAg,"청년들은 청약통장 중요하다
LH 아파트는 청약 횟수 가산점 큽니다
돈 없다고 한탄하지 말고 본인 수준에 맞춰 임대아파트 들어가시길
신축 아파트 가랑이 찢어지는 소리만 해대지 말고요",2026-09-12T23:29:39Z,1,0,2026-09-19T06:33:44.893221+00:00
g4h29mJufpc,UgyWW4YQot5UjoaFE1t4AaABAg,"당첨되더라도
서울권은 10~20억
수도권은 7억~10억대임
근데 6억이상은 또 대출도 안나옴 
ㅋㅋㅋㅋ현금으로 수십억 들고있어야함",2026-09-12T23:27:08Z,0,0,2026-09-19T06:33:44.893221+00:00
g4h29mJufpc,Ugz0jKe4eNy4OdPU3et4AaABAg,결혼도 안하는데 집은 무슨...,2026-09-12T23:22:03Z,0,0,2026-09-19T06:33:44.893221+00:00
g4h29mJufpc,Ugw5HFgUaWZ-dgRUvHJ4AaABAg,"부산이고 3,4년전에  강서구 하단에 에코어쩌고 제발 청약넣어달라고 전화오더니 그 아파트 개 망함 ㅋㅋㅋㅋㅋㅋ뭐 되가만하면 로또라고 온갖 ㅈㄹ하더니 ㅈ됨",2026-09-12T23:11:28Z,0,0,2026-09-19T06:33:44.893221+00:00
g4h29mJufpc,UgxZ_hmmSkQpH7XBucJ4AaABAg,4:47 어차피 대출 못받는데 뭔 상관,2026-09-12T23:09:30Z,0,0,2026-09-19T06:33:44.893221+00:00
g4h29mJufpc,UgwgmK5aqX2St13KB-F4AaABAg,대재명,2026-09-12T22:57:11Z,0,0,2026-09-19T06:33:44.893221+00:00
g4h29mJufpc,UgyB9nDMe3axUM0sE9F4AaABAg,청약을 포기하는 순간 내집마련의 길이 열림.,2026-09-12T22:51:35Z,0,0,2026-09-19T06:33:44.893221+00:00
g4h29mJufpc,Ugx_nAd8A4DOqevEQa54AaABAg,꼬우면 지방 살아야지. 공산주의도 아니고 어떻게 다 좋은곳에서 사나. 징징대는거 그만 받아줘야댐. 서울 수도권 카르텔들 박살내야함.,2026-09-12T22:47:20Z,1,0,2026-09-19T06:33:44.893221+00:00
g4h29mJufpc,UgxesCkLEDR9jCFx-TZ4AaABAg,미혼자가 많아지면 나혼자 공급도 늘려야지,2026-09-12T22:39:10Z,0,0,2026-09-19T06:33:44.893221+00:00
g4h29mJufpc,UgxutnNcx7r00g2URPp4AaABAg,분양가가 터무니없으니 포기하죠.,2026-09-12T22:37:14Z,0,0,2026-09-19T06:33:44.893221+00:00
g4h29mJufpc,Ugz3q6LBkj6hgmD5reV4AaABAg,전 꾸준히 납입할거예요~,2026-09-12T22:20:53Z,0,0,2026-09-19T06:33:44.893221+00:00
g4h29mJufpc,UgytAuvng2HpOGZtntx4AaABAg,일단 전세집에서 살고있는데 쫓겨나서 청약 안하고 매매했음. 무주택은 이제 의미가 없음.,2026-09-12T22:04:59Z,0,0,2026-09-19T06:33:44.893221+00:00
g4h29mJufpc,UgxbhEzvfUiiuPf14Qh4AaABAg,현재 금리로 대출 3억이면 월이자 220만원임,2026-09-12T22:03:19Z,0,0,2026-09-19T06:33:44.893221+00:00
g4h29mJufpc,Ugwt3A3JcrAGCj85dll4AaABAg,청약통장은 집을 사는게 목적이고 이 정권은 집 못사게 전부다 규제했는데...청약통장이 뭐가 필요해.,2026-09-12T21:52:20Z,1,0,2026-09-19T06:33:44.893221+00:00
g4h29mJufpc,UgxnON6El7XcOkv2PB14AaABAg,다주택자들꺼 뺏어서 배포하자,2026-09-12T21:37:14Z,0,0,2026-09-19T06:33:44.893221+00:00
g4h29mJufpc,UgyHALQkn4Tb6IN3EPZ4AaABAg,당첨되면 뭐해? 이재명이 대출을 다 막아버렸는데..,2026-09-12T19:50:17Z,0,0,2026-09-19T06:33:44.893221+00:00
g4h29mJufpc,UgwpKaksykWjgSUvFGt4AaABAg,정부 일 진짜 더럽게 못하네,2026-09-12T19:42:28Z,0,0,2026-09-19T06:33:44.893221+00:00
g4h29mJufpc,UgwhWQ_9nwMfPwLJO2p4AaABAg,진짜 돈이 좀 있고 잘사는 집안에 복권같은 느낌으로 가질것이 아니면 J도 필요가 하나 없음,2026-09-12T19:17:39Z,0,0,2026-09-19T06:33:44.893221+00:00
g4h29mJufpc,Ugy9v4dDf3oqvxAEVyV4AaABAg,집값이 너무 비싸,2026-09-12T18:52:52Z,0,0,2026-09-19T06:33:44.893221+00:00
g4h29mJufpc,UgzN5S3FhsHsQDTgvnZ4AaABAg,분양가를 낮추세요 뭔ㅋㅋㅋ,2026-09-12T18:39:30Z,0,0,2026-09-19T06:33:44.893221+00:00
g4h29mJufpc,UgzVqEltMvCJ-rJnchF4AaABAg,나도 깨려고 생각중…,2026-09-12T18:38:54Z,0,0,2026-09-19T06:33:44.893221+00:00
g4h29mJufpc,UgxbzpFlXrtrvQ8V6_14AaABAg,"서울, 강남만 보는 인간들은 자기 주제도 모르고 징징징~~~  욜로나 하자!! ㅋㅋㅋㅋㅋ",2026-09-12T18:10:47Z,0,0,2026-09-19T06:33:44.893221+00:00
g4h29mJufpc,Ugwrm6NwjaPQsDm2owR4AaABAg,그래서 금리 4.5%길래 기대 1도 안하고 적금 굴리듯이 넣는중ㅋ,2026-09-12T18:08:30Z,0,0,2026-09-19T06:33:44.893221+00:00
g4h29mJufpc,UgyxwPYyn5N0zp5EPut4AaABAg,시세차익 얻을려는게 도둑놈심보 아닌가,2026-09-12T17:57:54Z,0,0,2026-09-19T06:33:44.893221+00:00
g4h29mJufpc,UgwuelF5Y_p6gXYlLbJ4AaABAg,"내 생각에는 일단 빠르면 빠를 수록 개설하는게 좋다. 해지 하지 말아라.  꾸준한 납입이 큰 차이를 보이는건 국민주택이고, 민영주택은 꾸준한 납입은 상관없다. 가입기간 가점은 둘 다 있고. 뭔 말이냐면 개설해서 한 두번만 넣어두고 방치하다가 돈 도 좀 모였고 이제 청약 해봐도 되겠다 할 때 필요 예치금 나머지(미납입분) 한 번에 넣으면 민영주택은 그런거 신경 안쓰니까 꾸준히 납입한 사람하고 점수 같다. 동일 조건에 분양이면 아예 청약통장이 없는 사람과 개설해서 숨만 붙여둔 사람 둘을 비교하면 후자가 우선순위다. 청약통장이라는게 순번 정하려고 하는거지 납입금이 얼마냐 뭐 이런거 보려고 하는것도 아니다. 그리고, 해지가 늘어난다는데. 인구가 주는데 당연한거 아닌가? 직장생활하는 남녀가 각자 청약 통장이 있다치자. 결혼해서 10년 쯤 있다가 분양을 받았다고하면 이제 이 청약통장은 해지하는거다. 이러면 이때 두 계좌가 해지되는거다. 혼자 사는 사람이 당첨되어도 해지할 테니 사라진다. 이 경우는 한 계좌겠지만. 없는것보다 무조건 좋은거다. 그렇다고 저 돈이 사라지는것도 아니고 이자 붙여주잖아. 뉴스에 해지건수가 신규가입보다 높아졌다라는데 이거 당첨되서 해지하는거랑 다 구분해서 미당첨에서도 해지하는것과 비교한건가? 그런거 안나오잖아.",2026-09-12T17:51:31Z,2,0,2026-09-19T06:33:44.893221+00:00
g4h29mJufpc,UgwFVcK0WocqB-AVgFB4AaABAg,"정권탓을 왜 하고 그래프가 항상 정권에 따라 움직이는지 이해하면됨
집은 누가만들고(인건비) , 어떻게 물류하고 (물류비) , 어떤 소재로 사용하는지 (자재비) 
그냥 이 3개만 비교해봐 최저임금상승률봐도 느낌이 안온다면 아직 맹~~한거야",2026-09-12T17:42:50Z,0,0,2026-09-19T06:33:44.893221+00:00
g4h29mJufpc,UgxDq8bKM3T-gflcfZB4AaABAg,걍 집 없이 살면 맘편함 ㅋㅋㅋㅋ,2026-09-12T17:15:52Z,0,0,2026-09-19T06:33:44.893221+00:00
g4h29mJufpc,UgwRJuuRY_P-gFIHmAR4AaABAg,"좋은 집 당첨안되고 당첨돼도 못 삼.
안좋은 집은 애당초 청약 필요없음.
공실 남아돔.",2026-09-12T17:09:36Z,0,0,2026-09-19T06:33:44.893221+00:00
g4h29mJufpc,UgyOqyNr4kIeWIvvQU54AaABAg,"비혼 1인가구 빼액들 방법있음
그래 그럼 사게해주고
결혼후 판매 그리고 판매후 20년기간동안 이혼시 세금 판매금에 90프로 로 때리자
마찬가지로 
6년내 판메 결혼도안하고 판매시 판메금액에 세금 90프로 
5년이내 비결혼시 현 부동산(공시시가아님)시세 판메금액에 세금 90프로 가즈아 이러면
투기도아니고 결혼 약속 하고구입이지 암
참고로 1억팔았다 9천만원이 세금 이라는거임 알았죠?
근데 난에 3명인데도 인서울 꿈도 못꾸것던데 도대체 월급이 얼마인데 1인인데 사겠다는건지 개부럽네",2026-09-12T16:56:34Z,0,0,2026-09-19T06:33:44.893221+00:00
g4h29mJufpc,Ugz-oKcBwXrTyJLsBLF4AaABAg,"혼자 살아도 안되고, 돈 많이 벌어도 안되고, 돈 못벌면 뽑혀도 못사고, 요즘 신축 꼬라지보면 들어갔다가 스트레스가 더 많을거같고",2026-09-12T16:42:30Z,0,0,2026-09-19T06:33:44.893221+00:00
g4h29mJufpc,Ugwkr4ne80fjPAUTDfN4AaABAg,"주변사람, 전문가들 등등 주위에서 이래라 저래라 가스라이팅에 휘둘리지 말고
사람일 한치 앞을 모른다고, 일단 계속 유지하세요.. 단돈 3~5만원 술값 한번 세이브한다는 마인드로
국가 정책이라는게 언제 크게 바뀔지 아무도 모릅니다. 정책이 1인가구 기준 더 않좋게 바뀔수도 있지만 훨씬 더 좋게 정책이 바뀔수도 있는겁니다.
1~3인 소규모 가구가 나날히 증가하는데 가만히 앉아서 표값 끊길일을 스스로 하는 정부는 없습니다.",2026-09-12T16:39:28Z,0,0,2026-09-19T06:33:44.893221+00:00
g4h29mJufpc,UgyGaEYt3oU0vGSbRhR4AaABAg,야나도!!   진~ 작에 깼다 가고싶은 곳은 된다하더라도 계약금조차도 낼수가 없다,2026-09-12T16:31:07Z,0,0,2026-09-19T06:33:44.893221+00:00
g4h29mJufpc,Ugwz8E67be2KqVx9Ual4AaABAg,"레버리지 손해보고
미국장에서 복구 했습니다
한국에사 주식 절대 안함",2026-09-12T16:25:53Z,0,0,2026-09-19T06:33:44.893221+00:00
g4h29mJufpc,UgyDdm9M6-Jw2IhCZNp4AaABAg,20억이 넘는 아파트에 저소득 특공이라는 이게 무슨 개소리인지...ㅋㅋ 그냥 금수저 특공이잖아?,2026-09-12T16:09:04Z,0,0,2026-09-19T06:33:44.893221+00:00
g4h29mJufpc,UgydtSSDBcjn6F7KdvB4AaABAg,"10만원 10년 되어 가고  있었는데 25만원으로 올리고 일단 내고 있는데 1인가구이고
정말 필요한지 모르겠네요ㅜ",2026-09-12T15:32:41Z,0,0,2026-09-19T06:33:44.893221+00:00
g4h29mJufpc,UgzOSyB5UZsU0Jsduox4AaABAg,유지해야한다.. 속으면 안됨..,2026-09-12T15:10:53Z,2,0,2026-09-19T06:33:44.893221+00:00
g4h29mJufpc,Ugy8YmFBSSYBITfqDz54AaABAg,lh 주택도..부모님이 작은 집이라도 있으면 같이 살면..무주택 조건이 형성이 안되니...당췌 청약을 넣을곳이 없다,2026-09-12T14:41:37Z,0,0,2026-09-19T06:33:44.893221+00:00
g4h29mJufpc,UgzOEkGDWNTPcyWFNRh4AaABAg,"일자리, 인구가 서울에 몰려있고
원래 서울에 살던 사람은 지방으로 갈 이유가 없고.
집값은 광주만 해도 2~30평 아파트가 2~4억도 있지만 굳이 안가는 거지. 10억 어쩌구 하면서.

당장 내가 하고싶은 직군도 다 서울에 있고.",2026-09-12T13:57:38Z,0,0,2026-09-19T06:33:44.893221+00:00
g4h29mJufpc,UgxLZZFlf8TRkdAI6bB4AaABAg,ㅇㅈ 할필요 없음ㅋㅋ,2026-09-12T13:39:37Z,0,0,2026-09-19T06:33:44.893221+00:00
g4h29mJufpc,Ugw9S3SwYcpStUXRkzt4AaABAg,분양가상한제 왜없애냐,2026-09-12T13:34:35Z,0,0,2026-09-19T06:33:44.893221+00:00
g4h29mJufpc,UgzOf3P5Z0WACSnGTaR4AaABAg,"나도 깼음.. 
15년 유지했는데..
당첨도 안되고, 담청 되어도 분양가가 너무 사악함..
원금 1600만원에 이자 약 450만원인가??  세금떼고 2000만원 받았음.",2026-09-12T13:33:49Z,2,0,2026-09-19T06:33:44.893221+00:00
g4h29mJufpc,UgyFoWhkfTapeAKidNt4AaABAg,청년들 1인가구는 의미없음 해지한지 오래다,2026-09-12T13:28:02Z,0,0,2026-09-19T06:33:44.893221+00:00
g4h29mJufpc,UgzRwGf8QmLzIPYfxjl4AaABAg,평당 4천?사람 살라고 만드는 아파트가 아니게 된거 같다,2026-09-12T13:26:26Z,0,0,2026-09-19T06:33:44.893221+00:00
g4h29mJufpc,Ugz1DCH1nKtKjtOAJX94AaABAg,서울에만 사람사는거 같이 정책하는 나라. 서울에 아파트 부동산을 왜 대통령이 저정도로 신경쓰는지 모르겠다. 그건 서울시장이 해야지.,2026-09-12T13:10:34Z,0,0,2026-09-19T06:33:44.893221+00:00
g4h29mJufpc,UgylHeS2WHuP7ngm-NR4AaABAg,"한국은 ""서울""만 한국이다.",2026-09-12T13:02:33Z,0,0,2026-09-19T06:33:44.893221+00:00
g4h29mJufpc,UgzGFhwF0aygYb7KoNV4AaABAg,"1.당첨 확률도 극악
2.목좋은곳은 청약하는것도 비상식적으로 비쌈
3.개쓰레기 제도",2026-09-12T12:57:40Z,0,0,2026-09-19T06:33:44.893221+00:00
g4h29mJufpc,Ugwrmf37DtClP8uHX_J4AaABAg,"청약통장 필요 없습니다...분양가도 높고, 분양가 상한제 지역은 당첨 되려면 하늘에 별따기 입니다.",2026-09-12T12:55:14Z,0,0,2026-09-19T06:33:44.893221+00:00
g4h29mJufpc,UgzHiXGJ8czns-Ojh8N4AaABAg,하 해지할가,2026-09-12T12:48:33Z,0,0,2026-09-19T06:33:44.893221+00:00
g4h29mJufpc,UgyHuRIq7Z_ai4yjPqN4AaABAg,지금깨면 15년뒤에 후회ㅉ함 ㅋ ㅋ 정책은 매번바뀐ㅉ다 ㅉ ㅉ,2026-09-12T12:47:43Z,0,0,2026-09-19T06:33:44.893221+00:00
g4h29mJufpc,Ugy9O0342wmrsMpb-jJ4AaABAg,그냥 최저 2만원인가 3만원으로 낮추고 보험용으로 들고 있는 게 답임,2026-09-12T12:26:37Z,23,0,2026-09-19T06:33:44.893221+00:00
g4h29mJufpc,UgyjwKt4MG90UWD6Co54AaABAg,주택도시기금으로 버팀목 하는데 버팀목 뭐 요새 뿐만아니라 3년전 4년전에도 전세사기다 뭐다 말 ㅈㄴ 많아서 해주지도 않는거 참나,2026-09-12T12:24:11Z,0,0,2026-09-19T06:33:44.893221+00:00
g4h29mJufpc,UgzUtqHTBKLnnhVb9PN4AaABAg,원래 부자들 놀이터 아니였음? ㅋ,2026-09-12T12:15:42Z,0,0,2026-09-19T06:33:44.893221+00:00
g4h29mJufpc,Ugzf5rOcZdOdHuqurDd4AaABAg,걍 대출규제 풀면 많은 문제 해결되는데 정부는 그냥 눈가리고 아웅,2026-09-12T11:56:00Z,0,0,2026-09-19T06:33:44.893221+00:00
g4h29mJufpc,UgySHVaa7x1GhNSzkFV4AaABAg,그냥 세금 면제 받으려고 넣고있는중,2026-09-12T11:46:47Z,0,0,2026-09-19T06:33:44.893221+00:00
g4h29mJufpc,UgzAPnxE_9qTf8nwQPh4AaABAg,연말정산 소득공제 때문에 남겨뒀는데 깨야겠다,2026-09-12T11:42:35Z,0,0,2026-09-19T06:33:44.893221+00:00
g4h29mJufpc,UgxBHCZEDsjXA4ydzqV4AaABAg,한국 인건비 너무 쌈.. 진짜 노동 대비 월급 수준 존나 처참함. 아득바득 구질구질하게 살아도 번듯한 집 절대 못 삼. 어딘가 하자있는 집을 살 수밖에 없음.,2026-09-12T11:30:16Z,0,0,2026-09-19T06:33:44.893221+00:00
g4h29mJufpc,UgzZRNGaxM0gWRfwkUZ4AaABAg,"22년도에 해지했던 30대 입니다.

저는 제대로 찾아보기 전엔, 집 구매에 필요한 어느정도 자금을 지원해주는 걸로 알았는데 갈수록 메리트는 사라지는 당시 소식에, 집 당첨 여부만 확인할 수 있다는 사실에 해지했었는데...
이 영상을 보니 굳이 안고갈 필요가 없었네요.",2026-09-12T11:24:12Z,0,0,2026-09-19T06:33:44.893221+00:00
g4h29mJufpc,UgzjVabr2bgW2Lv9WH54AaABAg,"해지했을때 쌓인 이자랑 연말정산 세제혜택 대충 계산해보니,
적금 4%짜리 보다 조금 이득이어서 그냥 두기로 했어요
서울권은 비싸서 안되고, 지방은 청약 미달이라고 해서 필요도가 낮아졌다는걸 고려하니
제미니는 월 2만원만 납입해서 유지만 하라고 하네요",2026-09-12T11:17:06Z,0,0,2026-09-19T06:33:44.893221+00:00
g4h29mJufpc,UgyyL38_YYLzZxPbBqd4AaABAg,이번에 다주택자 중과세때문에 부모님이 전세주던 집 임차인 내보내고 증여받고 들어감... 청약통장 날리긴 했는데 이걸로 무슨 집을 사냐 싶긴 함,2026-09-12T11:06:27Z,0,0,2026-09-19T06:33:44.893221+00:00
g4h29mJufpc,UgwzSUZxaLPL6f73qD94AaABAg,청약 기준은 괘랄한데 계약금 대출도 못함 ㅋㅋㅋㅋㅋㅋㅋㅋㅋㅋㅋㅋㅋㅋㅋㅋㅋㅋㅋㅋㅋㅋㅋㅋㅋㅋㅋㅋㅋㅋㅋ,2026-09-12T10:58:51Z,0,0,2026-09-19T06:33:44.893221+00:00
g4h29mJufpc,Ugw0Jfd9Gy1YrLSpe2J4AaABAg,어차피 새집 못사는데 청약 뭐하러 들어. 새집 너무 비쌈. 차라리 10~20년된 아파트 깨끗하게 관리된 집 사는게 낫지.,2026-09-12T10:51:01Z,0,0,2026-09-19T06:33:44.893221+00:00
g4h29mJufpc,UgwcTRBcYuTjJx4aa-t4AaABAg,ㄷ ㅐ 재인,2026-09-12T10:50:14Z,0,0,2026-09-19T06:33:44.893221+00:00
g4h29mJufpc,Ugy1holbgndRjXMDM-V4AaABAg,그냥 구축사고 qqq voo 같은 지수추종 담아야지 별 수 없다.,2026-09-12T10:47:46Z,0,0,2026-09-19T06:33:44.893221+00:00
g4h29mJufpc,UgwGUj5CovqKf-NkYHN4AaABAg,디딤돌대출할때 이자혜택주는데 그런사항에 대해서 홍보좀하지 ㅎ..,2026-09-12T10:47:16Z,0,0,2026-09-19T06:33:44.893221+00:00
g4h29mJufpc,Ugy7VMzyZpis6_wSw1F4AaABAg,나도 최소 금액으로 90회 청약 들었고 행복 주택이라도 될까 해서 가지고 있는데 미혼 남성이라 그런지 한 번도 되지 않음 ㄹㅇ 해지가 답인가 싶음,2026-09-12T10:42:15Z,0,0,2026-09-19T06:33:44.893221+00:00
g4h29mJufpc,Ugx8i7tjC5phDncHfsN4AaABAg,조건은 어려운 사람 우선이면서 당첨되며 계약금 1억 가까이 되는데 그게 말이 됨?!,2026-09-12T10:40:48Z,0,0,2026-09-19T06:33:44.893221+00:00
g4h29mJufpc,UgxIMQ0rjyhjsqcl3ql4AaABAg,당첨되면 능력으로 살수 있을때까지 집값이 내려와야지 지금이 정상가격은 아니잔아 안그래도 주담대 최소 금리가 9%넘어가고 앞으로 기준금리 1%이상 올릴건대 6억대출나온다고 6억받으면 연에 10%만해도 6천에 원금 추가하면 월 천은 은행에 내야함 그거 감당 되능 애가 어디있음 수요가 없으면 어짜피 가격은 내려오는게 자본주의 인위적으로 부양하지마라 거품 터질때 됨 더버티면서 더 키우면 나중에 진짜 부동산땜에 나라망함,2026-09-12T10:37:52Z,0,0,2026-09-19T06:33:44.893221+00:00
g4h29mJufpc,Ugz5X1TkrtPh427jxmd4AaABAg,몇년전부터 유투버들 약팔때부터 알앗다 ㅋㅋㅋㅋㅋㅋㅋ사실상 10년전부터 의미없어질거라는게 대세엿는데 꾸역꾸역 아니라고 우기더만 ㅋㅋㅋ,2026-09-12T10:34:58Z,0,0,2026-09-19T06:33:44.893221+00:00
g4h29mJufpc,UgwPWuG_Zr9O6LV521V4AaABAg,"15번 정도 신청했는데 한번도 안됨 ㅋㅋㅋ 1인가구 최고 점수까지 받아도 5~60대들한테 이길수가 없는 구조임 
경기도에서도 이러는데 서울은 더 하겠지 ㅈ같아서 그냥 깨고 천만원 삼성 주식 샀음",2026-09-12T10:30:44Z,0,0,2026-09-19T06:33:44.893221+00:00
g4h29mJufpc,UgyWX54iLm47uJBnoDJ4AaABAg,근데 다른건 모르겟는데 아이에 대한 가점은 필요하다고 생각함,2026-09-12T10:25:56Z,0,0,2026-09-19T06:33:44.893221+00:00
g4h29mJufpc,UgxxhG0-7s8pOakuv6x4AaABAg,얼마전에 매달25만원씩 청약넣던거 2만원으로 줄이고 나스닥 사는중,2026-09-12T10:21:37Z,1,0,2026-09-19T06:33:44.893221+00:00
g4h29mJufpc,Ugx5SbPFmbfVj-me2Yt4AaABAg,통장에 삼습만원뿐이 없네 삼습만원,2026-09-12T10:15:53Z,0,0,2026-09-19T06:33:44.893221+00:00
g4h29mJufpc,UgzovwCcW3zb-JoZNzB4AaABAg,"청약통장이 필요한 분양은 말도안되는 가점이 필요. 
없어도 되는 분양은 애초에 필요가 없음. 
이율도 일반 적금보다 낮아짐. 
이런 상황에 왜 ??? 목돈을 썩힘? 
특히 독신이 청약 들고 있다? 지능 의심해 봐야함.",2026-09-12T10:04:07Z,0,0,2026-09-19T06:33:44.893221+00:00
g4h29mJufpc,Ugyd4rhnL683oCTwKSN4AaABAg,청약주택이제소용없어  10억20억짜리아파트를청약통장으로어떻게사라고? 그러니까 사람들이대출받는거야....,2026-09-12T10:01:08Z,0,0,2026-09-19T06:33:44.893221+00:00
g4h29mJufpc,UgzCaQnfM6NIHrxIvqJ4AaABAg,사람들이 똑똑해지고 있다는 증거 ㅋㅋㅋ,2026-09-12T09:42:59Z,0,0,2026-09-19T06:33:44.893221+00:00
g4h29mJufpc,UgyOptMbdBheoyrKWq54AaABAg,"청년 행복주택을 늘려라, 행복주택 하려면 청약통장 있어야하니깐.",2026-09-12T09:38:03Z,0,0,2026-09-19T06:33:44.893221+00:00
g4h29mJufpc,Ugz0JQc-Rd_vcxjgFYJ4AaABAg,저도 청약이랑 따로 적금 넣고 해외 ETF 하고 있는데 이거 보니 청약 해지해야겠당,2026-09-12T09:28:28Z,0,0,2026-09-19T06:33:44.893221+00:00
g4h29mJufpc,UgwCTXnFvzEgWjTxYMF4AaABAg,당첨이 되도 분양가가 너무 높은곳이 당첨되서 청약도 쓸모없어지고 차라리 해지하는게 나음,2026-09-12T09:26:28Z,6,0,2026-09-19T06:33:44.893221+00:00
g4h29mJufpc,UgwAcrpLuEwOzkjFqfB4AaABAg,대 재 명 ~ ~ ~,2026-09-12T09:25:28Z,0,0,2026-09-19T06:33:44.893221+00:00
g4h29mJufpc,Ugz1awmCtfEKDVVH5Ad4AaABAg,바보들인가   정책이중요한게아니야   집값  서울기준  10억언더로   내려봐라   다해결된다  저출산이  머꼬  바로  다 출산이다,2026-09-12T09:22:27Z,1,0,2026-09-19T06:33:44.893221+00:00
g4h29mJufpc,Ugz5A_L_vd4w7OhedFF4AaABAg,정부에서 돈빨아가야하는데 돈이 안모인다는 이야기네,2026-09-12T09:21:02Z,0,1,2026-09-19T06:33:44.893221+00:00
g4h29mJufpc,UgygzAB4oiWnhxnddOd4AaABAg,"5년안으로 ai가 사무직 완전 종말 선언하면 서울 재직자중 반절은 이제 나가리 될거라 지방 내려가야지뭐...
소수 강남 노른자 위치의 아파트들은 자산가들끼리의 싸움이라 논외지만 구닥다리 10억 언저리 아파트들은 10년뒤 매수자 자체가 사라질거라 지금 물가 기준으로 반토막은 날거 ㅋ",2026-09-12T09:21:00Z,1,0,2026-09-19T06:33:44.893221+00:00
g4h29mJufpc,Ugx642PIgnBq9Ng6w254AaABAg,국개의원 대통령 쓸모없는 놈들 싹다 치워 버리면 진짜 지금보다 100배는 살기편하지않을가,2026-09-12T09:17:47Z,0,0,2026-09-19T06:33:44.893221+00:00
g4h29mJufpc,UgyEQ5vnMlnUHp99rnh4AaABAg,"당첨이되어도 감당이 안되는 비용 때문에 결국 청약 포기하면 초기화 사실상 20~30에게 의미가 없음
 그리고 청약은 결혼하고 다자녀인 사람이 유리하고 1인가구에게는 별로 그렇게 메리트가 없어보임",2026-09-12T09:16:47Z,0,0,2026-09-19T06:33:44.893221+00:00
g4h29mJufpc,UgxTZAsRjOVS3GXdIod4AaABAg,"10만원 납입금이 25만원으로 오른것도 한목 함
주식이나 복권등 다른 것들을 하고 말지 
지금이 힘든데 당첨 꿈에 매달릴 필요가 없어짐",2026-09-12T09:13:10Z,0,0,2026-09-19T06:33:44.893221+00:00
g4h29mJufpc,UgzpIt42rZopyR1Enf14AaABAg,쓰라고 만든걸 안쓴다? -> ㅈㄴ 못만든거다,2026-09-12T09:13:01Z,0,0,2026-09-19T06:33:44.893221+00:00
g4h29mJufpc,UgwGgLFZfRQvN1xHDc14AaABAg,옛날이나 청약 되면 메리트 있었지 요즘 뭐 메리트가 1도 없음. 사전청약 있었을 당시는 더 이상한 구조였음,2026-09-12T09:11:48Z,0,0,2026-09-19T06:33:44.893221+00:00
g4h29mJufpc,Ugw-u-BiUa0M-fRmj0F4AaABAg,그냥 비상금통장마냥 넣는중ㅋㅋㅋㅋ,2026-09-12T09:02:59Z,0,0,2026-09-19T06:33:44.893221+00:00
g4h29mJufpc,Ugy2UXWXvVCSg6bRBwN4AaABAg,대출이 가능해서 산다고 해도 이자가 월급만한데. 어떻게 사나요.,2026-09-12T09:00:48Z,0,0,2026-09-19T06:33:44.893221+00:00
g4h29mJufpc,UgyE8bJeV0geUSOsB654AaABAg,"갓재명ㄷㄷ 부동산 잡겠다너니
역대 최고 집값 상승률

화이팅!~ㅉㅈㅁ",2026-09-12T09:00:43Z,0,0,2026-09-19T06:33:44.893221+00:00
g4h29mJufpc,Ugy7EQigrU5monKMm4h4AaABAg,"누군가 다시 내집을 비싸게 사줘야 재산인데. 

더큰 문제는...지금 내집을 누군가 사주고나서

나는 더 비싼집으로 가야한다는거지. 


저렴한 집으로 가면 되지 않냐고?

그런생각이면 집이 이렇게 투자대상이 될일이 원천적으로 없음.",2026-09-12T09:00:36Z,0,0,2026-09-19T06:33:44.893221+00:00
g4h29mJufpc,UgwHodBNd2iPAp9Oo5l4AaABAg,대출은 죄다 막아놓고 오르는 속도는 월급 오르는 속도보다 빠르고 각이 안나오니 대탈주,2026-09-12T08:59:39Z,0,0,2026-09-19T06:33:44.893221+00:00
g4h29mJufpc,UgySsEuCyrewgvorBrx4AaABAg,이거저거 다 떠나서 너무 비쌈,2026-09-12T08:57:25Z,0,0,2026-09-19T06:33:44.893221+00:00
g4h29mJufpc,UgxSJg-VR4yaHjpuHHZ4AaABAg,"청약통장 = 부모 금수저

온 국민이 부동산 영끌로 들어갔고, 현재는 영끌은 패망으로 인생 하드코어로 살고 있습니다. 파산 및 경매 엄청나게 올라오지요.


주담대 3%대 시작해서 현재 6%가 넘었고 곧 8% 갑니다. 최소 3억 이상 대출금 남았으면 인생 하드코어입니다. 


그리고 그런 경매로 넘어간 아파트들은 정작 못사요.

왜? 

거품이 가득하거든요.

감정가 8억10억 이러는데 현실은 3억도 안되는 것들입니다. 3억도 겁나게 비싼거죠. 

걱정마세요. 한국의 미래는 부동산 영끌로 끝나고 주식 영끌로 곧 끝납니다.

모두가 비명소리 지르면서 죽어나갈 때 순수하게 자산을 모아두시면 언젠가는 기회가 올겁니다.

IMF 당시 10억짜리 노후되고 오래된 2층짜리 상가건물 3억에 사서 월세50 2층 월세40 에 1층 5개 2층 5개 놓고 관리비 제외하고 순수 월 260~280 벌었던 친구 부모가 있었습니다.
 
또 그 당시 34평짜리 대형빌라 2억 얼마짜리는 8천에 산 친구부모도 있었고요.

허덕이던 우리집은 기회가 없었고요.

지금 생각해보면 청약통장 결국 싸게 집사는게 목적인데 집값이 이렇게 거품이 끼어 있는데 설사 청약통장에 당첨이 되도 무슨 의미가 있을까요?

생애처음이라고 할지라도 자본금 30%는 들고 가야하는데 10억짜리면 3억이라도 있을까요?

7억을 현재 대부분 5~6% 금리인데 300만원 이상씩 이자 감당을 어떻게 하죠?

이렇게 무리하게 영끌해서 버블 터지면 인생 망가지는거고

폭망할 때 최대한 빚 없이 아무집이든 하나 사둬야 하는겁니다.
 
폭망할 때 사면 최소한 되팔때 손해를 덜보죠.


그 기회가 곧 옵니다. 참고 견디고 인내하십시요.

현재 집사는 것은 정말 호구 중 대호구 입니다.",2026-09-12T08:42:46Z,0,0,2026-09-19T06:33:44.893221+00:00
g4h29mJufpc,Ugz6x18lPh8rd1DkqN54AaABAg,"정치인들, 은행에서 각 잡고 전국민 노예로 만드려는 거야",2026-09-12T08:38:19Z,0,0,2026-09-19T06:33:44.893221+00:00
g4h29mJufpc,UgyZLSz-RIzpYzQkDw54AaABAg,집을 살 수 없게 만들어놨는데 청약통장 붙들고 있을 필요가 없잖아;;;;,2026-09-12T08:34:34Z,0,0,2026-09-19T06:33:44.893221+00:00
g4h29mJufpc,UgzItmoCwMBiLqdTeC54AaABAg,당첨도 어려운데 되도 분양가 15억 이상에 대출도 불가 ㅋㅋ,2026-09-12T08:34:32Z,0,0,2026-09-19T06:33:44.893221+00:00
g4h29mJufpc,UgyntBL099yWq9G3mvx4AaABAg,이젠 시대가 바뀐것이지요. 집은 적당한 곳에 전월세로 살면서 자산을 적극적으로 불리겠다는것이지요. 요즘 해외투자가 너무 쉬워지고 정보가 많으니 부동산보다 해외 주식이 더 매리트있게 다가오는 것입니다. 그리고 이게 문제가 되거나 나쁜현상이 아니라고 봅니다. 대한민국 자산의 80%가 부동산에 묶여 있는데 젊은 사람들까지 들어가면 대한민국 망합니다. 금융자산으로 확대해 나가는게 자산배분 차원에서 건강한것이지요. 좋은 현상입니다.,2026-09-12T08:27:40Z,1,0,2026-09-19T06:33:44.893221+00:00
g4h29mJufpc,UgwGc7gmuBTcSYaYy8x4AaABAg,집이 비싸다는 근본적인 문제가 해결되지 않는데 꼼수가 뭔 의미가 있나,2026-09-12T08:27:29Z,0,0,2026-09-19T06:33:44.893221+00:00
g4h29mJufpc,UgyDFOPr7n9UejJ_bmB4AaABAg,지방에 청약떠나서 싼매물많은데.. 근데 사람없지,2026-09-12T08:08:25Z,0,0,2026-09-19T06:33:44.893221+00:00
g4h29mJufpc,UgwKC9-4-cKYoa-ADyF4AaABAg,청약통장은 예전이나 유용했지 이제는 뭐 ㅋㅋ 당첨되어도 돈이 안돼서 집을 못사는데 뭔 청약이냐 ㅋㅋ,2026-09-12T08:07:26Z,0,0,2026-09-19T06:33:44.893221+00:00
g4h29mJufpc,Ugz4V0d78GsRV9iYzPh4AaABAg,기회는 무슨 억지로 꾸역넣고는있는데 절대 집 못삼ㅎ,2026-09-12T07:51:21Z,0,0,2026-09-19T06:33:44.893221+00:00
g4h29mJufpc,UgywNZbYh116JhtfByJ4AaABAg,"결혼하고 20대 30대 초반이라 돈이 진짜 없었고 고용도 불안했었음. 아파트는 고사하고 빌라 하나 겨우 전세금 대출받아서 결혼하고 생활함.
그땐 청약 초반이라 암것도 없었고 할수도 없었음.
중간에 청약을 넣어 봤으나 결혼후 몇년 지나면 신혼부부 가점도 빠짐
그렇게 흘러 흘러 결혼 15년 지나고 무주택 오래되었고 아이 하나있고 맞벌이라 이제 벌만큼은 벌고 있음.
주변에 아파트 청약 넣었는데 바로 떨어짐.
근데 문제는 당첨이 되도 20평형이 10억이 넘었음. 25평형 13억.
뭐 어쩌라는 건지 모르겠음. 애초에 사회 진출할때 연봉이 적어도 회사 다니고 꾸준히 벌지 못했던 사람은 기회도 없었고
이제 중장년 관련해선 정책이 하나도 없잖음.
지금 20대 지원 없다고 그랬던거. 40후반인 나때는 더 심했음.
근데 이제 나같은 나이대는 진짜 희망도 없음. 뭐... 장점은 버는만큼 풍족하게 살고는 있음. 걍 월세 비싸게 내면서... ㅎㅎㅎ.. 씁쓸하네.",2026-09-12T07:43:54Z,0,0,2026-09-19T06:33:44.893221+00:00
g4h29mJufpc,UgwZjeeCiiN9nbM4Thx4AaABAg,혼자 사는 사람은 청약해도 청약 점수에서 다 밀려 암것두 못 한다.,2026-09-12T07:43:41Z,0,0,2026-09-19T06:33:44.893221+00:00
g4h29mJufpc,UgzeA7OhfL8Mlc4iv5t4AaABAg,그냥 현금 비중 유지한다는 생각으로  냅두고 진짜 조금씩만 넣음;,2026-09-12T07:35:37Z,0,0,2026-09-19T06:33:44.893221+00:00
g4h29mJufpc,UgwTBRUCgakYSTBNwmV4AaABAg,"당첨되도 돈이없으니 분양은 못받고, 예전엔 당첨권 팔아서 좀 벌었는데 그것도 규제해서 못하게 막으니 유지할 이유가 전혀없잖소?",2026-09-12T07:28:41Z,0,0,2026-09-19T06:33:44.893221+00:00
g4h29mJufpc,UgwSW_pjC5k9VbjXS2N4AaABAg,"너무 빨린 성장한 탓인지, 아니면 ""나까지는 되겠지!"" 이라는 생각 때문인지, 
기성세대고 청년세대고 이미 계급 상승의 사다리는 로또나 다름없다는 걸 인정을 안 함.
수도권에 집도 사고 애도 낳는다? 다른 선진국들을 생각해 보면 쉬움... 해외에서 그런 사례는 상위 0.01%급 초고연봉자임.
적당히 살 사람들 마저 경쟁으로 몰아넣는 이 착각이 모든걸 망치고 있다고 봄.",2026-09-12T07:17:32Z,0,0,2026-09-19T06:33:44.893221+00:00
g4h29mJufpc,UgzDN6ddjvpfz0IPsVB4AaABAg,"저도 해지
했습니다 ㅋㅋ 당첨 되어도 노답입니다",2026-09-12T07:16:40Z,0,0,2026-09-19T06:33:44.893221+00:00
g4h29mJufpc,Ugx3UKfz3Se-BGRYjYF4AaABAg,1인 가구면 유지할 필요가 없겠네..... 당황스럽다 좀. 1인가구는 혜택 뭣도 없으면서 해지하면 정부가 운용할 기금이 없다 웅앵 어쩌라는거지,2026-09-12T07:11:14Z,0,0,2026-09-19T06:33:44.893221+00:00
g4h29mJufpc,UgworirR_ZDUq6cpDY14AaABAg,대출 안대서 의미가 없음,2026-09-12T07:10:22Z,0,0,2026-09-19T06:33:44.893221+00:00
g4h29mJufpc,UgyOZ1sKyzVzn6E8h7F4AaABAg,근데 정책은 언제 바뀔 지 몰라서... 진짜 급한 거 아니면 들고 가긴해야됨... 나중에 하려면 복구 자체가 안됨,2026-09-12T07:10:02Z,0,0,2026-09-19T06:33:44.893221+00:00
g4h29mJufpc,Ugx1YTP8jnunIMoHW9F4AaABAg,청약 통장 유지할 이유가 1도 없어짐.,2026-09-12T07:07:46Z,0,0,2026-09-19T06:33:44.893221+00:00
g4h29mJufpc,UgwnlhWwv-uug24e7YF4AaABAg,"3:08 제가 잘 몰라서 그런데, 지방의 의미를 ‘비수도권 지역’ 이라 표현하지 않고 그냥 ‘지역은 ’이라고 표현해도 요즘은 다들 지방이라고 이해하시나요?? Ai나 사전을 찾아보면 그냥 지역이라 말을 하면 특정 경계를 뜻하는게 아니라는데.. (서울 포함된 지역을 말하는 거라고 하는데..) 문맥상보면 지방지역을 지역이라 쓰신것 같아서 저는 좀 혼란스러운것 같습니다.",2026-09-12T07:03:25Z,0,0,2026-09-19T06:33:44.893221+00:00
g4h29mJufpc,Ugw77gfyZw20NSH_PkF4AaABAg,"여기서마저 인구가 줄어들면 서울 집값도 떨어진다고 생각하는 머리가 안돌아가는 사람들이 많이 있네 ㅋㅋㅋㅋㅋㅋㅋㅋㅋㅋ 패배자마인드로 살면서 폭락만 바라지말고 주식을 하든 자본주의원리에 편승해서 어떻게든 재산 불리는 방법을 찾아야지
아님 지금에 만족하고 살든가
수도권 외곽이나 지방 아파트로 실거주 목적으로 눈을 낮추든가
오지도 않을 폭락만 몇십년동안 기다리면서 저주하고 남들 기회 잡을때 보란듯이 놓치고 남탓만 할거임? 집은 없을수도 있는데 제발 폭락선동좀 하지맙시다 ㄴㅁㅎ ㅁㅈㅇ 이번 정권 겪고도 또 폭락 외치는건 지능에 문제있는겁니다
폭락 선동하는 유튜버 버젓이 여의도에 집 가지고 있으면서 절대 안파는 분도 계시죠
그분들 논리대로라면 본인집 부터 팔아야하는거 아닐까요? 제발 이용당하지마세요 당신들 같은 사람들 이용해서 그분들은 서울에 등기치는겁니다",2026-09-12T07:00:20Z,0,0,2026-09-19T06:33:44.893221+00:00
g4h29mJufpc,UgwNBjSmn7e2LHtIaep4AaABAg,급에 맞는 가격대 신청을해야하는거아님?,2026-09-12T06:57:55Z,0,0,2026-09-19T06:33:44.893221+00:00
g4h29mJufpc,Ugx-2F2zR9dUNfDjg454AaABAg,"기존의 착실하게 내집마련하는
공식을 다 박살내버린 문재인 이재명",2026-09-12T06:55:04Z,2,0,2026-09-19T06:33:44.893221+00:00
g4h29mJufpc,UgwwYtnlVMJeSA2_FAd4AaABAg,"대한민국 5대 사기극 청약, 로또, 국민연금, 건강보험, 선거",2026-09-12T06:52:05Z,0,0,2026-09-19T06:33:44.893221+00:00
g4h29mJufpc,Ugzkk4Rp4hmKlHivN314AaABAg,1인 가구인데 이걸 굳이 해야됨? 1인 가구는 희망이 없어,2026-09-12T06:49:44Z,0,0,2026-09-19T06:33:44.893221+00:00
g4h29mJufpc,UgzaqhItymW6u0J7Q394AaABAg,어차피 1인가구는 점수도 안 되고 의미를 모르겠음,2026-09-12T06:49:28Z,0,0,2026-09-19T06:33:44.893221+00:00
g4h29mJufpc,Ugy3wQlnWpyqBeG3br94AaABAg,하긴.,2026-09-12T06:44:22Z,0,0,2026-09-19T06:33:44.893221+00:00
g4h29mJufpc,Ugwr12RL2RF6L8-aylF4AaABAg,"더듬어근저당 때문에 안됨 ㅅㄱ 
대출도 막아버림 ㅋ",2026-09-12T06:39:17Z,0,0,2026-09-19T06:33:44.893221+00:00
g4h29mJufpc,UgzrBaOwhK0-M8ZaZ6N4AaABAg,청약 당첨이 죄다 10억 이상인데 ㅋㅋ,2026-09-12T06:36:58Z,0,0,2026-09-19T06:33:44.893221+00:00
g4h29mJufpc,Ugxf32Ws9swUMwWH7Ph4AaABAg,수도권은 집이 비싸서 의미없고 지방은 미분양 많아서 의미없고 이런 촌극이 있나 ㅋㅋㅋㅋㅋ,2026-09-12T06:36:42Z,0,0,2026-09-19T06:33:44.893221+00:00
g4h29mJufpc,Ugw12ggtlsMEcbJcUhh4AaABAg,74점인데 어차피 돈없어서 못삼,2026-09-12T06:34:29Z,1,0,2026-09-19T06:33:44.893221+00:00
g4h29mJufpc,Ugzf0gwOohvqlddCmm14AaABAg,적당히 벌어서 적당히 사는것도 나쁘지않음 남들과 비교하면 끝도 없는거임 그냥 월세살아도 행복하면 되는것을 알려줘야하는데 이젠 불가능,2026-09-12T06:33:38Z,0,1,2026-09-19T06:33:44.893221+00:00
g4h29mJufpc,UgyIPQ60-filiyfyhNt4AaABAg,저도 저번주에 해지했습니다 청약당첨되더라도 계약금이 1억정도인데 대출도 막혀있어서 의미없는짓같더라구요,2026-09-12T06:21:19Z,0,0,2026-09-19T06:33:44.893221+00:00
g4h29mJufpc,UgyAeVS6gNWr7Dal5at4AaABAg,"결혼을 하려면 집이 있어야 된다고 말함 -> 근데 결혼 안한 사람은 당첨도 안됨 ㅋㅋ
근데 당첨되도 돈 없음 ㅋㅋ 대출도 안해줌

청약 -> 무쓸모",2026-09-12T06:15:46Z,350,3,2026-09-19T06:33:44.893221+00:00
g4h29mJufpc,UgyJMoOj9KHmP2o1lDp4AaABAg,댓글들 다 맞는말 하고있고 영상도 같은 얘기하는데 왜 다들 조롱하기 바쁜거임ㅠㅜ 왜 다들 점점 못돼지는거임 ㅜㅠㅠㅠ,2026-09-12T06:15:06Z,0,0,2026-09-19T06:33:44.893221+00:00
g4h29mJufpc,UgxTVdddyGAZw38hWf54AaABAg,희망조차 없앤 그들ㅋㅋㅋㅋ,2026-09-12T06:08:19Z,0,0,2026-09-19T06:33:44.893221+00:00
g4h29mJufpc,UgxWLTju2r8sxzltW3F4AaABAg,나 3년전에 통약청장 없앴는데 소름이넼ㅋㅋ,2026-09-12T06:07:07Z,0,0,2026-09-19T06:33:44.893221+00:00
g4h29mJufpc,Ugw7spL11CeMTDfmRZZ4AaABAg,20년후에 서울이나 지방이나 똥값 아파트 그냥 현금으로 살수있는데 뭐하러 지금 집을 사겠음,2026-09-12T06:04:20Z,0,4,2026-09-19T06:33:44.893221+00:00
g4h29mJufpc,Ugx0XK9SvSLkNLPNPPZ4AaABAg,55년생부터 74년생들 태어난 숫자를 보라. 앞으로 10년 정도 지나면 인구는 미친듯이 줄어들기 시작한다. 집을 산다고? ㅋㅋ,2026-09-12T05:58:48Z,0,0,2026-09-19T06:33:44.893221+00:00
g4h29mJufpc,UgxKX-UK9nJqd_I2JXp4AaABAg,"줄 서있는데
가게 회전률 고려해봐 내 생에 그 가게에 들어갈수가 없어, 그럼 그 줄에 왜 서있나? 애초에 의미없는데, 그와중에 음식 가격은 계속 올라가, 내가 가게에 운좋게 들어가도 시킬수 있는 음식이 없네?
그럼 돈 들고 옆 포장마차 가는거지뭐",2026-09-12T05:56:09Z,0,0,2026-09-19T06:33:44.893221+00:00
g4h29mJufpc,UgyeslqPXtJEqn_ovhR4AaABAg,해외 영구거주각이라 필요가 없음,2026-09-12T05:50:35Z,0,0,2026-09-19T06:33:44.893221+00:00
g4h29mJufpc,Ugy22YYC5ctW0p9k2hR4AaABAg,그냥 주식넣는게 맘편함,2026-09-12T05:39:03Z,0,0,2026-09-19T06:33:44.893221+00:00
g4h29mJufpc,UgxotcE_fvaVVF34JEN4AaABAg,"분양 안 받더라도 LH나 SH에서 하는 다른 주거유형도 청약횟수가 가점 되는 경우 많더라
이번에 나름 덕봤다",2026-09-12T05:37:58Z,24,0,2026-09-19T06:33:44.893221+00:00
g4h29mJufpc,UgycUlrT8EeuvMicF-l4AaABAg,"대출을 풀면 가계대출이 위험하다하고, 대출을 조이면 청년들이 주택을 살수가없고~",2026-09-12T05:35:58Z,3,0,2026-09-19T06:33:44.893221+00:00
g4h29mJufpc,Ugz3E19CwZrc9dTP9H54AaABAg,어차피 꼼수로 청약 당첨되는사람 천지더만ㅋㅋㅋ,2026-09-12T05:33:56Z,0,0,2026-09-19T06:33:44.893221+00:00
g4h29mJufpc,UgwDzXgt0hlZYUblSqZ4AaABAg,청약 당청되도 대출이 그만큼 나오냐고?,2026-09-12T05:27:53Z,0,0,2026-09-19T06:33:44.893221+00:00
g4h29mJufpc,UgxrQt90JKiQ6hBYGUV4AaABAg,수도를 세종으로 옮기면 해결될듯.,2026-09-12T05:26:04Z,0,0,2026-09-19T06:33:44.893221+00:00
g4h29mJufpc,UgxTKFyGa8jB6mglDGV4AaABAg,주담대 10% 시대에 집을 사?,2026-09-12T05:24:56Z,0,0,2026-09-19T06:33:44.893221+00:00
g4h29mJufpc,UgzAVq5c_SyPJysVG7V4AaABAg,"아파트 분양가, 잔금 보면 이미 서민은 위한 정책이 아님",2026-09-12T05:24:56Z,0,0,2026-09-19T06:33:44.893221+00:00
g4h29mJufpc,UgziM4X943untcoXCMN4AaABAg,존버 또 존버,2026-09-12T05:18:42Z,0,0,2026-09-19T06:33:44.893221+00:00
g4h29mJufpc,UgzNwP0CM2AsanpLqf14AaABAg,"서울은 청약있어도 쓸모가없고 나도 지방사는데 지방은 그냥 돈주고 집사면됨 ㅋㅋㅋ 경기권,대도시권만 아니면 
5억안쪽이면 떡을침",2026-09-12T05:18:25Z,0,0,2026-09-19T06:33:44.893221+00:00
g4h29mJufpc,Ugy_pU5vOf2mWcTgpUJ4AaABAg,경재 라고 하는게 참 어렵다 대출규제를 완하 하면 집갑이 오르고 그렇다고 규제를 걸면 집을 살 돈을 구하지 못하고 모든걸 만족하는 법은 없는듯.....,2026-09-12T04:56:24Z,0,0,2026-09-19T06:33:44.893221+00:00
g4h29mJufpc,UgzszmfZ9MDQ57KyHH94AaABAg,나도 관성으로 유지중인데 써먹을수 있을것같지도 않아서 해지할지 고민되네.. 박근혜때 까지만해도 서울에 집 사고도남았을텐데,2026-09-12T04:54:48Z,0,0,2026-09-19T06:33:44.893221+00:00
g4h29mJufpc,UgzuxVa4FjrDN_olBdp4AaABAg,지방은 집값저렴하다고요? 창원 진주 10억이 껌임 ㅋㅋㅋㅋㅋㅋㅋㅋㅋㅋㅋㅋ,2026-09-12T04:53:55Z,0,0,2026-09-19T06:33:44.893221+00:00
g4h29mJufpc,UgzWOR64CpzPrr4za_B4AaABAg,국민연금 사기에 이어 청약통장 사기인가,2026-09-12T04:51:01Z,0,0,2026-09-19T06:33:44.893221+00:00
g4h29mJufpc,Ugwz_yIFNF53tglmX_94AaABAg,집값이 안드로메다로 날라가버렸고 대령통이 부동산 잡으시겠다고 대출도 막았는데 사실상 부모찬스나 지방기준 구축들어가는거 아니면 당첨되도 의미가 없는데 할이유가없지 버스주택 만들면 들어갈수있으려나???,2026-09-12T04:48:25Z,0,0,2026-09-19T06:33:44.893221+00:00
g4h29mJufpc,UgwcdhECVMpgO0lxPwd4AaABAg,"청약 20년 3점 노부모 부양 5점 팔하나없으면 2점 기초생활수급자 8점 국가유공자 5점
요즘 청약 죄다 이런식임
절~대 가입하지말고 그거로 차라리 투자를 해라ㅋㅋㅋㅋ",2026-09-12T04:41:00Z,1,0,2026-09-19T06:33:44.893221+00:00
g4h29mJufpc,UgyPdJIUGpISDO-k0Ix4AaABAg,"전 그래도 청약은 두려고요 천만원 정도 넣어두고
월 20 etf 적립식투자",2026-09-12T04:33:27Z,0,1,2026-09-19T06:33:44.893221+00:00
g4h29mJufpc,Ugy3-KR7Wyh5c2oCDwN4AaABAg,이재명 때문에.,2026-09-12T04:30:41Z,0,0,2026-09-19T06:33:44.893221+00:00
g4h29mJufpc,UgxdHXgvfYcxFiZkfMx4AaABAg,제도가 바뀌면 뭐해 당첨되도 살 돈이 없음ㅋ,2026-09-12T04:29:08Z,0,0,2026-09-19T06:33:44.893221+00:00
g4h29mJufpc,UgxLOdb5itC4QP1NqrB4AaABAg,솔직히 청약을 왜 해야하는건지 모르겠음. 대출 어차피 받아야하고,2026-09-12T04:27:41Z,0,0,2026-09-19T06:33:44.893221+00:00
g4h29mJufpc,UgxXdjDDLklJ4UIWhtJ4AaABAg,나도 이미 문재인정권때 해지함ㅋㅋㅋ그때 같이 일하던 형이 용산에서 청약당첨 됐는데 알고보니까 혼자 사는게 아니라 모르는 사람이랑 사는 쉐어주택인가 그거였음ㅋㅋㅋ그거를 뭐 거절하면 담에 신청했을때 순서 밀린다나? 그래서 이런거 해도 집못산다 생각들어서 걍 해지하고 개인연금으로 바꿈ㅋㅋㅋ,2026-09-12T04:25:48Z,0,0,2026-09-19T06:33:44.893221+00:00
g4h29mJufpc,Ugwf3eKpdXk1k_Z_gBx4AaABAg,대재명,2026-09-12T04:18:35Z,0,0,2026-09-19T06:33:44.893221+00:00
g4h29mJufpc,UgyRwR_bOFeHanP-Os94AaABAg,100% 추첨제 / 원하는 만큼 대출만 풀어도 해결 쌉 가능,2026-09-12T04:18:01Z,0,0,2026-09-19T06:33:44.893221+00:00
g4h29mJufpc,Ugz4dIOovkmml8xPMJV4AaABAg,"월 50만 이상은 때려넣어야 되는데 당첨되잖아? 그럼 못해도 15년이상 노예계약 도장찍는거임. 거기다 몆년다니다 회사가 망하거나 회사에서 짤리든 정리해고를 당하던 회사를 내 의지와 상관없이 그만두게 되고 날백수 되었네? 감당이 안됨. 그대로 신불자 낙인 및 집 은행으로 넘어감.

그냥 신축말고 구축아파트 3억짜리 대출받고 원금이자로 3%로 20년 원금균등상환때리면 월 167만이 나가요. 직장인에서 날백수 되는 그 순간 그냥 나가리되는거임.

신축이요? 지방 광역시 신축이 대충 5억 부근인데 5억대출끼면 월급 그대로 은행에 제물로 받쳐야됨. 월 277만 나가거든.",2026-09-12T04:09:57Z,0,0,2026-09-19T06:33:44.893221+00:00
g4h29mJufpc,UgxK5WcQPR6-ZHsJLoV4AaABAg,청약 7년정도 꾸준히 10만원씩 했더니 플러스점수받아서 임대아파트 1인 실평수 20평 들어가서 나름 만족,2026-09-12T04:07:01Z,0,0,2026-09-19T06:33:44.893221+00:00
g4h29mJufpc,UgxpSMtL78sz9CcHsnh4AaABAg,"이미 많이 부어놨으면 해지는하지마라
나중에 신생아특례대출같은거 받을때 이자 감면받을수있음",2026-09-12T04:05:42Z,0,0,2026-09-19T06:33:44.893221+00:00
g4h29mJufpc,Ugz9_OBOsodzLpSdDsJ4AaABAg,"있어도 당첨도안되는거...
당첨되도 돈이 없는걸?",2026-09-12T03:57:06Z,0,0,2026-09-19T06:33:44.893221+00:00
g4h29mJufpc,Ugy1Wu8nMdw8SIyMzdh4AaABAg,나도 깬지 오래임 무용지물,2026-09-12T03:54:32Z,0,0,2026-09-19T06:33:44.893221+00:00
g4h29mJufpc,UgxASS_E848O9VaIZrx4AaABAg,직장부터 모든게 서울화 되있는거부터 뜯어 고쳐야 뭐가 되도 될듯,2026-09-12T03:54:14Z,0,0,2026-09-19T06:33:44.893221+00:00
g4h29mJufpc,Ugwax0TuR1PuCfSxAEd4AaABAg,쉽게 말하면 그냥 집값이 조오오오온나 비싸져서 나가는거야. 집값 내려.,2026-09-12T03:53:36Z,0,0,2026-09-19T06:33:44.893221+00:00
g4h29mJufpc,Ugx4t-DkvV9DsiYBj_d4AaABAg,40도잡아야지 2030만되나,2026-09-12T03:51:23Z,0,0,2026-09-19T06:33:44.893221+00:00
g4h29mJufpc,UgwQUAqmGSMsTwzHhGF4AaABAg,2:56 교수님 옆에 *교수님 개인의 의견입니다. 적힌거 보고 뿜었다 ㅋㅋㅋㅋㅋㅋㅋㅋㅋㅋㅋㅋㅋㅋㅋ,2026-09-12T03:50:17Z,0,0,2026-09-19T06:33:44.893221+00:00
g4h29mJufpc,UgxA0I29MzqHvu2kvsx4AaABAg,찢재명이 대출 다 막아놓음 서민은 아파트도 못삼 이제 ㅋㅋㅋㅋ,2026-09-12T03:46:44Z,0,0,2026-09-19T06:33:44.893221+00:00
g4h29mJufpc,UgyPB2KYcXyZOy7xQfp4AaABAg,"지세히
들여다보면 2인 이상에 알바로 생계 꾸려가는 가구만 됨 ㅋㅋㅋㅋ 존나 못살아야함",2026-09-12T03:44:15Z,3,0,2026-09-19T06:33:44.893221+00:00
g4h29mJufpc,Ugw29HRoxz7Hs_1F6DN4AaABAg,청약 분양가나 일반 매매나 가격 차가 크지 않고 청약은 층수.동을 선택 할 수 없어서 일반 매매가 나은것 같습니다. 지방광역시 19년형 29평 4억 중반짜리 아파트 갔는데 그럭저럭  살만 합니다. 청약이 예전만큼 메리트 크지 않은건 사실 그래도 혹시몰라서 해지 안했네요 돈 더 모으고 살다가 국평 가고 싶어요,2026-09-12T03:40:29Z,0,0,2026-09-19T06:33:44.893221+00:00
g4h29mJufpc,UgxxtOk91wcVMuTwjYx4AaABAg,민주당 당췌 왜 찍어주는지 이해가 안됨 ㅋ,2026-09-12T03:38:03Z,0,0,2026-09-19T06:33:44.893221+00:00
g4h29mJufpc,UgyA8EKHnLqFt82th5N4AaABAg,그냥 문재인이 집값 ㅈㄴ 올린게 크리티컬임 이건 색깔놀이를 떠나서 재인이가 책임지고 감옥 가서 평생 썩어야지,2026-09-12T03:37:42Z,0,0,2026-09-19T06:33:44.893221+00:00
g4h29mJufpc,Ugw3HNpVIgcP07W3iUR4AaABAg,저러고 또민주당뽑음ㅋㅋ,2026-09-12T03:33:38Z,0,0,2026-09-19T06:33:44.893221+00:00
g4h29mJufpc,UgyB4RLbe6Ra3H4gbWp4AaABAg,수도권 59따리 분양이 6억임 그런거 억지로 계약해도 앞으로 20년은 멀쩡히 살 민주기득권들 땅값 집값 설거지해주는건데 그럴바에 엄마집에서 꾸역꾸역 버티는게 낫지,2026-09-12T03:31:49Z,0,0,2026-09-19T06:33:44.893221+00:00
g4h29mJufpc,UgzgrNGu_SsxTIrbQOB4AaABAg,최신정보 감사합니다,2026-09-12T03:31:15Z,0,0,2026-09-19T06:33:44.893221+00:00
g4h29mJufpc,UgwrUijAFctj3Cn8ftt4AaABAg,"그가 만든 세상 그를 뽑은건 니네
감수해라",2026-09-12T03:30:00Z,2,1,2026-09-19T06:33:44.893221+00:00
g4h29mJufpc,UgwZJBFJW9OmA8HLQlx4AaABAg,분양가가 미쳤음,2026-09-12T03:28:16Z,0,0,2026-09-19T06:33:44.893221+00:00
g4h29mJufpc,Ugy47PrNwWTZu9zD3W14AaABAg,청약으로 집 가지면 그순간 마귀가 되고 투기꾼 되는 거야,2026-09-12T03:22:41Z,1,0,2026-09-19T06:33:44.893221+00:00
g4h29mJufpc,UgyOI1n-a1xGRh14FaF4AaABAg,최대ㅜ납입 유지하면 연말정산때 7만원 정도 돌려받음 ㅋㅋ 그냥 해지하고 구축 아파트 구매했음 이러다 평생 집 못사고 월세 계속 인상될거 같아서,2026-09-12T03:19:28Z,0,0,2026-09-19T06:33:44.893221+00:00
g4h29mJufpc,UgxavAoxeS8j9M7qgL94AaABAg,"청역 통장 있으면 집 살때 최대 0.3퍼센트까지 우대금리 적용되는데
그냥 매달 10만원씩만 넣는게 그리 어렵나?",2026-09-12T03:19:22Z,0,0,2026-09-19T06:33:44.893221+00:00
g4h29mJufpc,Ugw-6sEowR5EZ_oCbhR4AaABAg,내가 사는 지방은 이제 허허벌판의 아파트 분양가가 비싸져서 같은 평수에 상가들도 다 생긴 아파트들하고 비슷해짐… 오랫동안 꾸준히 청약통장 하면 뭐함 당첨되기도 애초에 힘들고 하….,2026-09-12T03:19:04Z,0,0,2026-09-19T06:33:44.893221+00:00
g4h29mJufpc,UgxitBJJMjRpMl2hKyR4AaABAg,큰정부가 만든세상이다,2026-09-12T03:15:14Z,0,0,2026-09-19T06:33:44.893221+00:00
g4h29mJufpc,Ugw_e3rAWloZ8bq4oSB4AaABAg,ㅋㅋㅋㅋㅋㅋㅋㅋ 30살 진짜 알뜰살뜰 모아둔 돈이 주식 현금 다 합쳐서 1억이다.. 이걸로 아파트는 꿈도 못꾼다는게 너무 슬퍼..😢,2026-09-12T03:13:34Z,0,0,2026-09-19T06:33:44.893221+00:00
g4h29mJufpc,UgxRwFU4sTpTxFS7z8p4AaABAg,"고등학교때 수학쌤이 대충 말씀해주심
20세 되자마자 어떻게든 대출 땡겨서 거주조건 만족 시키고
여자 하나 꼬셔서 애 3명 낳고
그 등등의 점수맞춰서 청약 당첨되는건 할 수는 있다고 함
현실적으로 어렵다 정도지
그렇게 당첨되고 몇억 모으기만 하면됨
이게 불가능한거",2026-09-12T03:12:24Z,0,0,2026-09-19T06:33:44.893221+00:00
g4h29mJufpc,UgwY6HBOZgNxGOWuREt4AaABAg,아.. 결국 내가 넣는 청약주택 적금으로 나라에서 돈놀이 하고 있었던거네???,2026-09-12T03:10:07Z,0,0,2026-09-19T06:33:44.893221+00:00
g4h29mJufpc,UgwdiqLLDR8zG2i7_oh4AaABAg,"당첨되어도 대출도 안 나오고 돈도 없음. 무주택자만 청약할 수 있지만 실질적으로는 청약으로 분양받을 수 있는 사람은 돈 많은 무주택자임. 빌라, 도생, 노후 소형 아파트에 사는 사람들도 신축 아파트 청약 신청해서 갈아타고 싶지만 자격요건을 충족하기가 어려움.",2026-09-12T03:06:22Z,0,0,2026-09-19T06:33:44.893221+00:00
g4h29mJufpc,UgwIbG-OGLoRcEytCNd4AaABAg,살 수 있는 사람만 신청할 수 있게 바꿔줘요... 돈도 없으면서 뭐 응모하듯이 다 같이 넣는 방식 너무 좋지 않습니다.,2026-09-12T03:04:14Z,96,1,2026-09-19T06:33:44.893221+00:00
g4h29mJufpc,UgyGa4AiRefjZfZCbXB4AaABAg,근데 영상에서 말하는 청약 가점제는 민간 분양의 경우고 공공분양 일반공급의 경우에는 납입인정금액과 횟수 높은 사람이 당첨되는 구조인데 왜 이건 설명을 패싱하지?,2026-09-12T03:03:25Z,1,0,2026-09-19T06:33:44.893221+00:00
g4h29mJufpc,UgyMxlo1q6WyPEvcZWx4AaABAg,"매수하면  무조건 돈 왕창 크게 버는 아파트는🟰한양수자인 성남마크뷰31평💥곧  19억  넘는다!!💥깨끗하고  귀한21년 신축+711세대
 -오직 하나의 부동산 부자의  선택-
■ 최고의 블루칩!!+잠실/강남/판교 출퇴근30분거리+학세권+숲세권+공세권+단지내 국공립 돌봄센터,어린이집 +■반도체 회사 셔세권🔥🔥+■신구대역 확정!!🔥초역세권!!🔥🔥 초강력 폭등

■한양수자인 성남마크뷰 31평■깨끗하고 귀한21년 신축 +711세대

💥한양수자인 성남마크뷰31평만  크게 먹을게  많음+ 무조건  곧 19억넘는다💥초강력  가격 상승🔝🔝🔝
■깨끗하고 귀한21년 신축 +711세대",2026-09-12T03:03:11Z,1,0,2026-09-19T06:33:44.893221+00:00
g4h29mJufpc,UgwEINZAqL1EC3RisC54AaABAg,"세금은 세금대로 내고
일은 일대로 계속하는데 인간이 살아갈 제일 기본적인 보금자리 하나 얻기 힘들다는게 이해가 안된다...
노숙자들이 집이 없는거랑 내가 살수 없는 집이 없는거랑 다를바가 무엇인가
돈에 쪼달려서 노숙자가 되는거나 대출 풀로 받고 다른곳에서 땡겨와서 빚쟁이 집가진거랑 뭐가 달라",2026-09-12T03:01:45Z,0,0,2026-09-19T06:33:44.893221+00:00
g4h29mJufpc,Ugx8gF-AGUcLE2grDS94AaABAg,일단 나는 가입해야 할 이유를 모르겠던데 청약할 돈으로 적금 더 드는게 훨씬 안정적이지 않나,2026-09-12T03:00:28Z,0,0,2026-09-19T06:33:44.893221+00:00
g4h29mJufpc,UgyfU2VhlRddh9rituF4AaABAg,"메이커 아파트 살아야 사람 대접 받는 풍조를 어떻게 없어지게 하나..  메이저 드라마 예능이  사람들 눈높이를 너무 높여 놓았지 밀가루 담합 으로 올라간
과자 값이 내려 가지 않는 것처럼  한20년 지나서 인구더 줄어들고 넓은 평수 고가 아파트 실수요가 줄면 1인 거주 아파트 많이 짓겟지 그때나 청약 할만 할지도 아니면 외국인 이민 적극적으로 받으면 홍콩 처럼 가겟네 닭장아파트",2026-09-12T02:58:23Z,0,0,2026-09-19T06:33:44.893221+00:00
g4h29mJufpc,UgyshiaxmnEFgVOVaSB4AaABAg,2년 2만원 넣고  국민임대  당첨 굿인디.ㅋㅋ,2026-09-12T02:56:47Z,0,0,2026-09-19T06:33:44.893221+00:00
g4h29mJufpc,UgzETma6rfNqu1vUW1N4AaABAg,결국 빈부격차가 심해져 가는 과정임.  나중에는 남미나 동남아처럼 부촌과 슬럼가가 딱 나뉘고 벽까지 둘러 칠거임.  이미 지금 천룡인 아파트라던가 옛날부터 유명한 부자동네는 동네 입구 공도에서부터 사설경비 나와서 못 들어가게 통제 하고 있음.  어설프게 부동산 정책 건드려서 가격만 처 올리는 정부 보면 이런 현상은 가속화 될거고 국민은 이미 노예 우민화 되서 아무것도 모르고 노예처럼 계속 살거임.  청약통장 있으면 뭐해?  누구 애새끼처럼 퇴직금 50억 받으면 되는데. ㅋㅋㅋㅋㅋㅋㅋ,2026-09-12T02:53:22Z,0,0,2026-09-19T06:33:44.893221+00:00
g4h29mJufpc,UgxOA2O5fwdnUHeWlrd4AaABAg,아직도 정부는 뭐가 문제인지 모르는거같은데? 당첨확률을 올려주는게 아니라 너무비싸서 못한다니깐?? ㅋㅋㅋㅋ,2026-09-12T02:52:08Z,0,0,2026-09-19T06:33:44.893221+00:00
g4h29mJufpc,UgzU0DcNVriMTHzwYdR4AaABAg,대출해도 못사구요 ㅋㅋ 대출 해주지도 않는데 무슨 청약이야,2026-09-12T02:50:46Z,1,0,2026-09-19T06:33:44.893221+00:00
g4h29mJufpc,UgwKPh3xZ-5FM7_mr194AaABAg,대 재 명~ (민주톤으로),2026-09-12T02:50:31Z,0,0,2026-09-19T06:33:44.893221+00:00
g4h29mJufpc,UgzjIHhNify8DAW_brR4AaABAg,"깨지마라. 청약통장 집살때만 쓰는거 아니다. 청년임대주택 신청할때도 쓰고, 정부대출 받을때도 청약통장 가입기간에따라 이자 혜택준다",2026-09-12T02:47:41Z,23,1,2026-09-19T06:33:44.893221+00:00
g4h29mJufpc,UgwMVNDqiWBrD31ek6h4AaABAg,ㄹㅇ청약가점 결혼안하면 청약 시도도안하는게낫다,2026-09-12T02:44:24Z,0,0,2026-09-19T06:33:44.893221+00:00
g4h29mJufpc,UgxrCi4CXTqtO0bfW8F4AaABAg,청약 통장은 왜 있는거죠 ? 부실공사가 기본 패시브인 나라에서 비리돈 아닌가 이자로 꽁으로 사기 로또 처럼 서민들 등골 빼먹는 세금정택,2026-09-12T02:44:06Z,0,0,2026-09-19T06:33:44.893221+00:00
g4h29mJufpc,UgyWdemrpHlZibL7H-B4AaABAg,웃기고들있네 청년들보고 수억짜리 아파트 청약하라고 우대해주라고? 진짜 아무나 하는구나,2026-09-12T02:41:31Z,0,0,2026-09-19T06:33:44.893221+00:00
g4h29mJufpc,UgwL4meXzAwhaesJcfN4AaABAg,"난 청약당첨 되면 엄청 저렴하게 살 수 있는건지 알았다, 당첨되고나서보니 아니더라. 바로 해지",2026-09-12T02:40:31Z,0,0,2026-09-19T06:33:44.893221+00:00
g4h29mJufpc,Ugzp94GULFbICgzEzx54AaABAg,금리는 중앙은행금리랑 똑같이 해라. 왜 못하니?,2026-09-12T02:39:25Z,0,0,2026-09-19T06:33:44.893221+00:00
g4h29mJufpc,Ugw6jKw4eHJPsNyOR7d4AaABAg,이제깨달았음?ㅋㅋㅋ 청약제도 시작할때부터 예상되던일ㅋㅋㅋ,2026-09-12T02:39:03Z,0,0,2026-09-19T06:33:44.893221+00:00
g4h29mJufpc,Ugw7E1UuZBAHChpWdH14AaABAg,청약 의미가 없는게 큼  수도권의 점수는 만점이고 만점이어도 돈 없어 구매가 불가능하고 미달지역의 가격은 그냥 정가 수준이라 청약과 일반 분양의 차이가 없음 그러니 주택 청약의 가치가 전혀 없음 그냥 기부채납을 청약용으로 저렴하게 받아서 공급하면 아마 청약 다시 살아날것 같음,2026-09-12T02:38:58Z,0,0,2026-09-19T06:33:44.893221+00:00
g4h29mJufpc,UgwP8isbx4JvDeiqggN4AaABAg,달러와 미국주식으로 ㄱㄱ,2026-09-12T02:37:32Z,1,0,2026-09-19T06:33:44.893221+00:00
g4h29mJufpc,UgzpH8aaiCOkzE5V0Al4AaABAg,나도 해지할까 말까 고민했는데 이거 보고 해지해야겠다고 마음먹음,2026-09-12T02:36:38Z,609,4,2026-09-19T06:33:44.893221+00:00
g4h29mJufpc,Ugynhl62_jNfprup9394AaABAg,왜  25년도  26년도  부동산 인상률은 표로 안올리고 24년까지만 표를 쓸까요?,2026-09-12T02:34:25Z,1,0,2026-09-19T06:33:44.893221+00:00
g4h29mJufpc,UgxEwHYCbCHeozhNkod4AaABAg,신 재 인,2026-09-12T02:33:26Z,0,0,2026-09-19T06:33:44.893221+00:00
g4h29mJufpc,Ugw4_nxthhttGeRH_ch4AaABAg,과연 그럴까? 반년사이면 삼닉에 박는다고 그냥 뺸거같은데,2026-09-12T02:30:57Z,0,0,2026-09-19T06:33:44.893221+00:00
g4h29mJufpc,Ugwmui2f4gzsbZpzlZd4AaABAg,아니 시부레 나라정책이 엉만 진창임...정권 바뀌어도 어느정도 대출이나 아파트 규제나 정책은 크게 안바뀌어야 되는데....뭐만하면 이지랄해놓으니 여지껏 청약 해놓은사람들은 어쩌라는거임....별 그지같은 나라 다 보겟네,2026-09-12T02:29:51Z,1,0,2026-09-19T06:33:44.893221+00:00
g4h29mJufpc,UgxPp2UYjVWOYP69Txh4AaABAg,부모님 감사합니다 덕분에 이런 힘든 세상에 편하게 살아갑니다,2026-09-12T02:29:34Z,0,0,2026-09-19T06:33:44.893221+00:00
g4h29mJufpc,Ugxoh0STT60PfT1WHnR4AaABAg,"청약통장, 국민연금이 진짜 쓰잘데기없음, 그냥 그돈으로 장투하면서 시드불리는게 훨씬도움됨",2026-09-12T02:29:06Z,10,0,2026-09-19T06:33:44.893221+00:00
g4h29mJufpc,Ugz1JErkzOy1-BrAiqh4AaABAg,정확함ㅋㅋㅋ 인천조차 이제 그냥 국평 8억은 우스운데 뭔돈을 어디서 마련해 일본처럼 대출 저금리로 땡겨줄것도 아니면서,2026-09-12T02:28:29Z,0,0,2026-09-19T06:33:44.893221+00:00
g4h29mJufpc,Ugz9fVmN5yhN419kUHl4AaABAg,"진짜 의미 없었던 청약통장.......
지금 신규 가입자가 저렇게 많은게 더 신기하네요 ㅋㅋㅋㅋ",2026-09-12T02:25:08Z,0,0,2026-09-19T06:33:44.893221+00:00
g4h29mJufpc,UgxwWQDWkvhVuKm4rQl4AaABAg,청약 되면 10년은 못팔게하고 대출을 해줘야된다,2026-09-12T02:25:05Z,0,0,2026-09-19T06:33:44.893221+00:00
g4h29mJufpc,UgwJSm-VuvnQ4Wgp-hh4AaABAg,"집 값 마저 일본,중국 따라가버림",2026-09-12T02:24:37Z,0,0,2026-09-19T06:33:44.893221+00:00
g4h29mJufpc,UgzEUCQ9B1QXLXZzmkR4AaABAg,결국엔 그냥 집을 직접 살아야해서 사는 환경을 만들어야함.,2026-09-12T02:24:04Z,0,0,2026-09-19T06:33:44.893221+00:00
g4h29mJufpc,UgxXyN9B_SwaMKbj5xJ4AaABAg,솔직히 다 필요없고 집값만 내리면 해결됨,2026-09-12T02:22:18Z,0,0,2026-09-19T06:33:44.893221+00:00
g4h29mJufpc,Ugz2lgM5GLzfGUQiD1t4AaABAg,닭이 먼저냐 달걀이 먼저냐,2026-09-12T02:20:44Z,0,0,2026-09-19T06:33:44.893221+00:00
g4h29mJufpc,Ugyd2XEBe6QdvGwnY8x4AaABAg,"1인가구는 통장 있어봤자 무의미하고 청년, 신혼부부는 조건 우대 받아 청약 받으니 필요없고 분양가까지 비싸니까 청약통장이 필요가 없지.",2026-09-12T02:19:57Z,0,0,2026-09-19T06:33:44.893221+00:00
g4h29mJufpc,UgztTa6o8uKdxwc7CY54AaABAg,니들이 알아서 해라 망하는건 순식간이다,2026-09-12T02:19:23Z,0,0,2026-09-19T06:33:44.893221+00:00
g4h29mJufpc,UgyhhcvKpDvj03eBdB14AaABAg,근데 당연히 결혼하고 아이가있을때 혜택을주는게맞지 ㅋㅋㅋㅋ,2026-09-12T02:17:25Z,0,0,2026-09-19T06:33:44.893221+00:00
g4h29mJufpc,UgzN-vGJ-W4G3nkzXXF4AaABAg,자국민 대출은 강화하면서 외국인 대출은 그렇게 잘 해준다며??,2026-09-12T02:16:13Z,0,0,2026-09-19T06:33:44.893221+00:00
g4h29mJufpc,Ugwgr4QaG9s-2215sXF4AaABAg,"결국 중요한건 돈임
청약 점수 됐다쳐도
경기도 외곽만 해도 이제
6억은 최소값이고
7,8억 분양가는 우스워서
30대엔
전문직,사업 하는 사람 아니면 못산다고 봐야함
최소 40대엔 6억,7억 가능할듯
근데 이미 서울은
노도강 빼고는
10억 평균값이라
소득만으론
무조건 전문직,사업가만
입성 가능..
강남3구는 청약이 20억,30억 시작인데 의사,고소득 변호사,사업가 아니면 못삼..
차라리 청약통장 넣느니
자산이라도 불려줄수있는
주식에 넣을듯",2026-09-12T02:14:59Z,1,0,2026-09-19T06:33:44.893221+00:00
g4h29mJufpc,UgzK96PiQqTJzOtAiKx4AaABAg,"애초에 신혼부부가 처음부터 부티나게 시작할려고 해서 그럼... 
그냥 자기수준에 맞게 시작해서 성실히 차근차근 모아서 나중에 안정적일때 한단계한단계 업그레이드해나가면 되는데 
맨 첨부터 현질로 시작할려고 하니까 벽이 높아보이는거야 
주변에서 다들 잘사는것처럼 보이니까 자기도 꿀리기 싫어서, 그게 평범 이라고 생각해서",2026-09-12T02:12:24Z,2,0,2026-09-19T06:33:44.893221+00:00
g4h29mJufpc,Ugw3KTP3tqEOYl8I_nF4AaABAg,시세차익을 노리기에 너무 부담 이란 말 자체가 너무 웃긴데 ㅋㅋ,2026-09-12T02:11:42Z,0,0,2026-09-19T06:33:44.893221+00:00
g4h29mJufpc,UgwJK89Sl_HOEU4fI0R4AaABAg,댓글보면 수준이. 이전 아이돌 청약 논란댓글보도 집단으로 미쳣나 싶더라. 20억이 있는 사람만 청약할수 있어  앉아서 10억을 번다? 불공평하다? 그지. 불공평하지.  그게 공평하려면  청약가점제에 특히 분양가 상한제 없애야지. 아니면 청약제도 자체를 없애고 30억을 30억에 사게 해야지. 그럼 그걸 5억에 분양해서 어떤 것들이 25억 이득보게 하랴.,2026-09-12T02:10:20Z,0,0,2026-09-19T06:33:44.893221+00:00
g4h29mJufpc,UgxIp9NgB1h1VkkinpN4AaABAg,결혼해서 다음 노예 생산하지 않을거면 집도 안주겠다는 기득권의 음흉한 속내가 들어가있는 정책ㅋㅋ 이제는 대출도 안해준대,2026-09-12T02:08:48Z,0,0,2026-09-19T06:33:44.893221+00:00
g4h29mJufpc,UgxbpwntyjqYlXHn2TN4AaABAg,결국 부모가 돈 많고 현금 많은 사람들만 다 쓸어가는제도,2026-09-12T02:08:39Z,2,0,2026-09-19T06:33:44.893221+00:00
g4h29mJufpc,UgyvH5DUzr5yE01a5414AaABAg,"1. 분양가 비싸다
2. 대출도 안된다
3. 경쟁도 빡세다",2026-09-12T02:07:39Z,0,0,2026-09-19T06:33:44.893221+00:00
g4h29mJufpc,UgyusEsKLbDSu-SuRCN4AaABAg,청약 20년 붓는거보다 isa s&p 500 적립식 매수 20년해서 아파트 사는게 더 빠름,2026-09-12T02:07:02Z,1,0,2026-09-19T06:33:44.893221+00:00
g4h29mJufpc,UgykzlrR158B5OmQun94AaABAg,그냥 세금공제 정도로 쓰고 있나?,2026-09-12T02:01:48Z,0,0,2026-09-19T06:33:44.893221+00:00
g4h29mJufpc,UgzdcNk97ehvhCGp-op4AaABAg,주식해서 다 뺀거다~~,2026-09-12T02:01:27Z,1,0,2026-09-19T06:33:44.893221+00:00
g4h29mJufpc,Ugx4y1EuyWH5qNF72Ud4AaABAg,걍 주담대 이율 낮추는 용도로 쓰는중,2026-09-12T02:01:04Z,0,0,2026-09-19T06:33:44.893221+00:00
g4h29mJufpc,UgzL8y2Tj2TlmyQtWJR4AaABAg,추첨제에서 연령대별로 한명씩 당첨 시키는 장난질 치고 가점제는 무주택으로 60살까지 살라고 하고 당첨되도 대출 안해주는데 할 이유가 있는거임?,2026-09-12T02:00:53Z,0,0,2026-09-19T06:33:44.893221+00:00
g4h29mJufpc,UgweaFNXcZcmngbvLw94AaABAg,셰셰! 셰셰!,2026-09-12T02:00:46Z,1,0,2026-09-19T06:33:44.893221+00:00
g4h29mJufpc,UgynLLGt6kye5EUq8WN4AaABAg,진짜 윗세대들이 나라 다 말아먹는구나,2026-09-12T01:56:15Z,1970,110,2026-09-19T06:33:44.893221+00:00
g4h29mJufpc,UgxB-yzo31-JzOWRbnR4AaABAg,기본 5억부터 시작인데 뭔ㅋㅋ그냥 일반분양이랑 똑같아짐,2026-09-12T01:55:37Z,0,0,2026-09-19T06:33:44.893221+00:00
g4h29mJufpc,Ugx7EBXLOwHTyVikZg14AaABAg,이러니 보수정권뽑고 나라 정상화 시켜야되는데 매번 나라 정상화 될랑말랑 할때 맨날 노무현 문재인 이재명 이딴애들뽑으니 다시 도르마무되지ㅉ,2026-09-12T01:54:00Z,2,0,2026-09-19T06:33:44.893221+00:00
g4h29mJufpc,UgzX9n1Qidh7dLyUONV4AaABAg,"그냥 청약통장 가점 없에고 그냥 청약통장에 넣은 돈만 부동산 구매에 사용 가능하도록 하면 되는거 아닌가? 
결국 부동산은 국가의 인증(등기)이 핵심인데 
그걸가지고 있으면 연금이랑 연동도 가능하고... 안그래도 연금 제도 세금에 대해서 말많이 나오느데...
즉 사회기여도 측정이라고 생각하고 그게 점수로 측정되고 기여도에 따라 부동산 구매하게 해주면 되는거 아닌가?
청약통장은 그중에 부동산 공급 측면에 기여한거고.",2026-09-12T01:52:49Z,1,0,2026-09-19T06:33:44.893221+00:00
g4h29mJufpc,Ugy9wu9bp8Fbs9YMRx94AaABAg,그래 결혼한 사람들 좀 더 챙겨줘서 출산율은 올랐나 몰라?,2026-09-12T01:50:07Z,0,0,2026-09-19T06:33:44.893221+00:00
g4h29mJufpc,UgybhqLwdmyRFHbpFAJ4AaABAg,왜 해지 하겄어 쓰레기 정책이니깐,2026-09-12T01:49:14Z,1,0,2026-09-19T06:33:44.893221+00:00
g4h29mJufpc,UgwH4f1-Qfuc9d-ifrx4AaABAg,그돈 삼성에 넣어두는게 더 이득일거 같은데,2026-09-12T01:48:35Z,0,0,2026-09-19T06:33:44.893221+00:00
g4h29mJufpc,UgxXquZQYWDX0YHtVfV4AaABAg,ㅅㅂ 59에서 애를 어떻게 키우겠냐고,2026-09-12T01:48:27Z,0,0,2026-09-19T06:33:44.893221+00:00
g4h29mJufpc,UgzgkKS1-f0PsHftRwZ4AaABAg,이재명이 이영상에 싫어요를 눌렀습니다 ㅋㅋㅋ,2026-09-12T01:48:04Z,3,0,2026-09-19T06:33:44.893221+00:00
g4h29mJufpc,UgwMhkoUcDSeTQpMOIt4AaABAg,난걍 세금감면받으려고  청년청약 안깨고 25씩넣는데..깨야되나요..?,2026-09-12T01:46:19Z,0,0,2026-09-19T06:33:44.893221+00:00
g4h29mJufpc,UgyTsmaFUCtQykEIuvd4AaABAg,1인 가구는 하지마세요 그돈으로 다른데 투자하세요,2026-09-12T01:45:58Z,0,0,2026-09-19T06:33:44.893221+00:00
g4h29mJufpc,UgyE46jkBzxKK2qltIB4AaABAg,당첨되도 절댜 못사는데 굳이,2026-09-12T01:45:57Z,0,0,2026-09-19T06:33:44.893221+00:00
g4h29mJufpc,UgyM9ZgzMl1EZuJTjTB4AaABAg,이미 4년전쯤 해지했음 ㅎㅎ층간소음도 싫어서  단독주택 살거야.,2026-09-12T01:45:08Z,0,0,2026-09-19T06:33:44.893221+00:00
g4h29mJufpc,Ugx-FicvyqqZbrH3aPt4AaABAg,"언제부터 2,30대가 내집마련을 했다고 ㅋㅋ 꿈도 크다. 그리고 청약 없으면 분양받은애한테 피주고 사야함. 그럴거면 해지하던지. 난 1500만원 줬었음. 소액으로 그럴 기회를 스스로 무너뜨린다? 그러면 그러던지. 매월 2만원으로 소액투자 더 하시던지",2026-09-12T01:44:42Z,0,0,2026-09-19T06:33:44.893221+00:00
g4h29mJufpc,Ugxg5rOlwo0etZPFtnp4AaABAg,“민주당은 니 미래를 찢어”,2026-09-12T01:43:54Z,2,0,2026-09-19T06:33:44.893221+00:00
g4h29mJufpc,Ugw0uS1zCLwINCn6R6t4AaABAg,염구 임대 아파트를 싼 가격 서울이랑 수도권에 풀어버리면 바로 잡히지 집이 비싼 이유가 서울이랑 수도권에 인구가 몰려서 집이 부족해서잖아? 구석탱이에 짓지 말고 정부가 갖고 있는 땅에 영구 임대 아파트 엄청 지으면 되지,2026-09-12T01:42:24Z,0,0,2026-09-19T06:33:44.893221+00:00
g4h29mJufpc,Ugw-yi2p-jDKGI8Zvvl4AaABAg,난 해지함,2026-09-12T01:39:28Z,0,0,2026-09-19T06:33:44.893221+00:00
g4h29mJufpc,Ugy6TVgXRG1pFDCHqBJ4AaABAg,"청약 애초에 여윳돈으로 하는거고 그거 빼서 차라리 주식투자 한다는 사람들 주식을 그렇게 몰빵하겠다는건지 이해가 안됨. 매달 소액인데 해지하면 어차피 돌려받는것이고 은행도 먹고 살아야지.. 그럼 예금을 왜함? 논리가 어이없네. 앞으로 부동산정책이 어떻게 될지 모르는데 청약을 해지한다? 그건 좀 에바인듯. 물론 급전 필요하다면 해지해야지. 청약 있음 담보대출도 있고 다른 이점도 있는데..  옥정은 4억대인데 무슨 수도권이 8억이냐 수도권도 서울근거리인가봄. 그리고 2,30대가 언제부터 자가아파트를 샀다고 이러는지.. 사회초년생이 꿈도 크다. 월세살이부터해야지",2026-09-12T01:38:04Z,2,3,2026-09-19T06:33:44.893221+00:00
g4h29mJufpc,Ugzlyb21mXWKGzBA0EZ4AaABAg,결론 : 부동산 을 조져서 1./1000수준으로 낮춰야된다,2026-09-12T01:37:59Z,0,0,2026-09-19T06:33:44.893221+00:00
g4h29mJufpc,UgzeHo1SiuKMTRIHHDV4AaABAg,모든 일의 시작은 문재인 전 대통령부터구나!,2026-09-12T01:36:57Z,0,0,2026-09-19T06:33:44.893221+00:00
g4h29mJufpc,UgxH1KMuzFkWk7NzxHp4AaABAg,애초에 근본적으로 정책이 너무 이상해,2026-09-12T01:36:38Z,0,0,2026-09-19T06:33:44.893221+00:00
g4h29mJufpc,Ugzu0rsBAx3K9dB356R4AaABAg,맨 처음에 분양가가 높아서 이탈한다고 진단해놓고 끝부분엔 해결 방안이랍시고 대출 모기지 이러고 있네..,2026-09-12T01:36:20Z,1,0,2026-09-19T06:33:44.893221+00:00
g4h29mJufpc,UgydDV2-kQbYVXJrmsZ4AaABAg,나도 5년 넣은거 깨버림,2026-09-12T01:35:42Z,0,0,2026-09-19T06:33:44.893221+00:00
g4h29mJufpc,UgykAlOYWl8_orNzvb54AaABAg,돈이 없어 대출도 안해줘,2026-09-12T01:35:24Z,0,0,2026-09-19T06:33:44.893221+00:00
g4h29mJufpc,UgwU5CVd1AWO6U_ykbF4AaABAg,대 찢 재 명,2026-09-12T01:30:47Z,2,0,2026-09-19T06:33:44.893221+00:00
g4h29mJufpc,Ugzf19pvwhc6DckGTF14AaABAg,솔직히 지금 사실상 의미가없어..수도권 기준 진짜 외곽아니면 신축은 거의 8~10억이 뉴노말인 상황임,2026-09-12T01:30:36Z,0,0,2026-09-19T06:33:44.893221+00:00
g4h29mJufpc,UgwRX6Zy_7j8pgmRX9R4AaABAg,나온지 너무 오래됨. 구식 정책,2026-09-12T01:29:30Z,0,0,2026-09-19T06:33:44.893221+00:00
g4h29mJufpc,UgzOTMQ7bq2nJwAcoAp4AaABAg,"지방은 분양가 상한제가 없어서 청약이 오히려 독임
서울은 있어도 당첨이 안됨
이재명 정부 들어서고 부동산 전문가들이 지방분양가 상한제 살리라는 말이 많아서 해지 안하고 있긴했는데... 당췌언제?",2026-09-12T01:27:02Z,0,0,2026-09-19T06:33:44.893221+00:00
g4h29mJufpc,Ugw-zbAjjAz7lZZgMTh4AaABAg,"무주택자들 집사라고 해놓고 대출 막음
ㅋㅋㅋㅋ
뭔 제도냐?",2026-09-12T01:26:06Z,78,1,2026-09-19T06:33:44.893221+00:00
g4h29mJufpc,UgxaKPk5h1PuFjJYIvZ4AaABAg,아직도 정책을 모르네,2026-09-12T01:21:42Z,0,0,2026-09-19T06:33:44.893221+00:00
g4h29mJufpc,UgwJ5SwUcHvBAOGUzH54AaABAg,저축느낌으로 넣는중,2026-09-12T01:21:33Z,0,0,2026-09-19T06:33:44.893221+00:00
g4h29mJufpc,Ugw_3DnU0uG12T1WYap4AaABAg,난 청약통장 계속 넣고 있는데 그 이유가 아파트보다는 세액공제용임ㅋㅋㅋ,2026-09-12T01:21:25Z,0,0,2026-09-19T06:33:44.893221+00:00
g4h29mJufpc,UgzmlRoH1KqfW4XyZVJ4AaABAg,이런 나라에 희망을 가지는 것만큼 무책임한 짓도 없다,2026-09-12T01:17:41Z,0,0,2026-09-19T06:33:44.893221+00:00
g4h29mJufpc,UgzdMDbeVYwMyg59Mb14AaABAg,잘 돌아가던 생태계 파괴한게 정부인데..뭘..다 공공임대로 한대잖아. 어짜피 집 소유해 봤자 자식에게 물려줄수도 없는데..ㅋㅋ,2026-09-12T01:16:36Z,1,0,2026-09-19T06:33:44.893221+00:00
g4h29mJufpc,UgxASIL6pEIMPJSKrAd4AaABAg,저는 그냥 세액공제용으로 겸사겸사 넣어요..,2026-09-12T01:16:09Z,0,0,2026-09-19T06:33:44.893221+00:00
g4h29mJufpc,UgzyIHh8vqpO8VK8se14AaABAg,그래도 해지하지마라 나중에 후회한다,2026-09-12T01:15:46Z,1,0,2026-09-19T06:33:44.893221+00:00
g4h29mJufpc,Ugx3pUhxOTTaFFTo0KV4AaABAg,우리나라  그지같은 부동산 정책은 아예 진짜 생활보호 대상자가 되던지  아니면 정말 부자라서  집사는 것이 좋은거다,2026-09-12T01:15:22Z,0,0,2026-09-19T06:33:44.893221+00:00
g4h29mJufpc,UgziRcdppdkRA_Gkmrt4AaABAg,"아니 청년들이 언제부터 집을 샀냐? 내가 나름 선호 대기업에서 일하면서 상위 연봉자인데도 15년만에 청약 당첨됐고 18년만에 입주했고. 
주택공사 부활하니 청약을 청년 임대주택이나 신혼부부, 다자녀 가구등의 장기 임대 주택 제공 용도로 사용하면 되고 초과 세수를 통해 용산에 임대주택 1만호 공급을 최대한 빨리 해야 효과가 나타난다. 
진짜 청년들이 살수 있는 집, 신혼부부가 결혼하고 아이를 낳은 수 있는 집, 다자녀 가구를 키우기에도 부족하지 않은 집. 강남의 호화 주택이 아니더라도 기존 성과주의식 임대주택이 아닌 제대로 된 임대주택을 보급해야한다. 
그래야 진짜 돈 많으면 초호화 주택가서 살고 돈이 많지 않아도 결혼도 하고 원하는 애도 낳을 수 있게 되는거다.",2026-09-12T01:15:01Z,1,0,2026-09-19T06:33:44.893221+00:00
g4h29mJufpc,UgxyM3fkm_TI8_mRk6x4AaABAg,다시 태어나라 그러면  집을 살수도 있다,2026-09-12T01:14:28Z,0,0,2026-09-19T06:33:44.893221+00:00
g4h29mJufpc,UgxzDb-2DFLhRfULVQR4AaABAg,서울집 평균 16억임  뭐 6억대출해도 10억현금에 6억에 이자 감당되나ㅋㅋㅋ,2026-09-12T01:12:27Z,0,0,2026-09-19T06:33:44.893221+00:00
g4h29mJufpc,UgycKGXnyS8tUOhzrWV4AaABAg,정부가 내집마련 불가능하게 만들고있으니까요 ㅋㅋ,2026-09-12T01:09:41Z,2,0,2026-09-19T06:33:44.893221+00:00
g4h29mJufpc,UgzjRm0pE16mfmDTTRR4AaABAg,"청약 10년을 넘게 부었는데...
필요점이 점점 사라진다.",2026-09-12T01:06:40Z,6,0,2026-09-19T06:33:44.893221+00:00
g4h29mJufpc,Ugxs8NdMCrZco_ZVNNh4AaABAg,분양가 너무 비싼데 소득조건은 낮아야되고 대출도 조이는건 걍 부모한테 돈 많고 본인은 소득 낮은 금수저 무능력한 애들 주겠다는 얘기로밖에 안보여서 힘빠져요… 증여받은거 하나없이 공부해서 연봉 올려놨더니 기회는 안주고.. 청약깨고 걍 자가 샀는데 훨씬 속편하네요,2026-09-12T01:06:17Z,0,0,2026-09-19T06:33:44.893221+00:00
g4h29mJufpc,Ugz1_bJleabyZ3oTJJh4AaABAg,그냥 은행 배불리기,2026-09-12T01:04:55Z,0,0,2026-09-19T06:33:44.893221+00:00
g4h29mJufpc,Ugx8D-DQQ2RHs0H1eiZ4AaABAg,집값은 올려놓고 대출은 안되니...,2026-09-12T01:04:38Z,0,0,2026-09-19T06:33:44.893221+00:00
g4h29mJufpc,UgwJ1qEkEncdasYyTN54AaABAg,"그래도 당첨 되려면 무주택자 15년 이상에 아이도 3명 이상 아님? 3명 이상 낳기도 넘사벽이고, 무주택자로 15년 살았다는 것 자체가 참 우울한 현실이다... 그리고 당첨 되도 밑에서 말했듯이 당장 돈이 문제",2026-09-12T01:03:26Z,0,0,2026-09-19T06:33:44.893221+00:00
g4h29mJufpc,UgwEsXYKrDmtyJqbLYB4AaABAg,"ㅅㅂ서울에 아파트 많이 지으면 뭐하냐고 결국 서민,청년들은 못들어가고 있는자만 들어가는데 인식만 안좋아지고 대중들에겐 별 의미없는거같음",2026-09-12T01:03:04Z,0,0,2026-09-19T06:33:44.893221+00:00
g4h29mJufpc,UgznCe1M_uJoNOtUNM54AaABAg,결혼이 우대받아야지. 여기서 또 1인 챙기면 ㅈ댄다.,2026-09-12T01:02:18Z,0,0,2026-09-19T06:33:44.893221+00:00
g4h29mJufpc,UgyXjFuwcHggn9ohnhd4AaABAg,"찢제명이 지명한 장관 후보들이 어떻게 집을 마련했는지, 어디에 아파트샀는지 분석해보면 답이 나옴.",2026-09-12T01:01:35Z,5,1,2026-09-19T06:33:44.893221+00:00
g4h29mJufpc,UgxYwLMcLiHRRcxLmP94AaABAg,소액이라도 하면서 절대 해약하지 말고 가지고 있으셈. 고가던 저가던 결국 언젠가는 대출 끼고 집을 사게 될텐데 가입기간 긴만큼 이자율 혜택이 큼.,2026-09-12T01:00:53Z,0,0,2026-09-19T06:33:44.893221+00:00
g4h29mJufpc,UgxGZv0Ga1fbiTHJ7qR4AaABAg,"연봉 5천 직장인이 ""단 한 푼도 안쓰고"" 20년 일하면 10억 모이네 ㅎㅎ 😊",2026-09-12T01:00:46Z,0,0,2026-09-19T06:33:44.893221+00:00
g4h29mJufpc,UgwBLGRdViph_NexLx54AaABAg,"장담한다
대한민국은 다음다음세대에 멸망한다
출산율, 기후, 서로를 증오하는 혐오의 시대등등
확신의 멸망트리로 가고있다
지금 결혼하는 20,30대 부부들에게 말하고싶다
출산은 내 자식을 지옥으로 끌고오는짓이라는것을
진정 내 아이를 위한다면 낳지않는게 정답이다",2026-09-12T01:00:41Z,0,0,2026-09-19T06:33:44.893221+00:00
g4h29mJufpc,Ugxivma7LGWDNotZUMB4AaABAg,ㅋㅋㅋ근데 나중에 대출받아서 아파트살때 청약잇어야 금리 인하해줌,2026-09-12T00:59:58Z,0,0,2026-09-19T06:33:44.893221+00:00
g4h29mJufpc,UgzoLLGtVArIbpkWEMd4AaABAg,난 연말정산 때문에 걍 적금 마냥 넣어두는 중.. 회사 그만두고 돈 필요해지면 깰거다,2026-09-12T00:59:06Z,0,0,2026-09-19T06:33:44.893221+00:00
g4h29mJufpc,Ugyx43pBN2fStoc1d7B4AaABAg,무주택 점수 받으려고 전세 찾고 전세 찾는 사람 많다보니 갭투자 늘고 갭투자 늘다보니 집값 오르고 집값 오르다보니 무주택 점수 받으려 하고...,2026-09-12T00:59:01Z,0,0,2026-09-19T06:33:44.893221+00:00
g4h29mJufpc,UgyCjhV30vmV1-k8-8B4AaABAg,"10억짜리 집 청약 당첨되고 
피받고 팔라 하는 애들이 수두룩 
막히면 하지 않겟지 ㅋㅋㅋ",2026-09-12T00:55:44Z,0,0,2026-09-19T06:33:44.893221+00:00
g4h29mJufpc,UgyMkIRozacpY5uebAh4AaABAg,근데 서울 아니고 경기권이면 청약 해서 집 장만하는 사람들 꽤 잇긴함,2026-09-12T00:54:45Z,0,0,2026-09-19T06:33:44.893221+00:00
g4h29mJufpc,UgyyOjYynscLlCcFFnl4AaABAg,10년전에 청약 많이들 한다고 다들 하던시기에 저걸 왜해…? 라는 생각으로 안했는데,2026-09-12T00:54:35Z,0,0,2026-09-19T06:33:44.893221+00:00
g4h29mJufpc,UgzELAmZeI5g06cLCMp4AaABAg,진짜…,2026-09-12T00:54:27Z,0,0,2026-09-19T06:33:44.893221+00:00
g4h29mJufpc,UgxtI5mj0WdzVnvcGFl4AaABAg,청약해야할 이유가 1도 없는데 왜하나ㅋㅋ,2026-09-12T00:54:11Z,0,0,2026-09-19T06:33:44.893221+00:00
g4h29mJufpc,UgwLLl2NC7K2zBBI4yh4AaABAg,찢짜이밍이 만든 세상이다 견뎌라 ㅋㅋㅋ,2026-09-12T00:53:26Z,0,0,2026-09-19T06:33:44.893221+00:00
g4h29mJufpc,UgwkQQRwUclnmIo67RR4AaABAg,분상제,2026-09-12T00:53:24Z,0,0,2026-09-19T06:33:44.893221+00:00
g4h29mJufpc,Ugw3ZgbB9Y8lW7QPUrx4AaABAg,나도 해지해야겠다 의미가없다,2026-09-12T00:51:43Z,0,0,2026-09-19T06:33:44.893221+00:00
g4h29mJufpc,UgwK_aQjilV3r6LU6K94AaABAg,"공공연연하게 실구매자랑 명의자 연결해주는 브로커까지 있는거 다 아는데 
내가 이 청약을 어디에 어떻게 쓰냐 ㅋㅋㅋ",2026-09-12T00:47:07Z,0,0,2026-09-19T06:33:44.893221+00:00
g4h29mJufpc,UgxVSMNj4sbft5CuWPN4AaABAg,15년째 20만원씩  넣고 있는데  금리도 괜춘해서  적금 처럼 넣고 있음,2026-09-12T00:46:18Z,0,0,2026-09-19T06:33:44.893221+00:00
g4h29mJufpc,UgzQbhjRuZEOpSjj3sh4AaABAg,"시세차익은 나중문제고, 당장 중도금 잔금 마련을 못합니다.",2026-09-12T00:46:11Z,0,0,2026-09-19T06:33:44.893221+00:00
g4h29mJufpc,Ugy4TNdLtOSBKW-KqsB4AaABAg,당천 되도 어차피 돈도 없음,2026-09-12T00:45:00Z,0,0,2026-09-19T06:33:44.893221+00:00
g4h29mJufpc,Ugyl4ipPV4Qm6lqLeMR4AaABAg,공무원들아 니들이 하는일중 10개중 9개는 망하고 1개는 니들 주머니에 들어가는데 어떻게 믿겠냐,2026-09-12T00:44:31Z,0,0,2026-09-19T06:33:44.893221+00:00
g4h29mJufpc,Ugw58AN9rMKWFMyhQz14AaABAg,아이러니하게 많은사람들이 이렇게 집을포기해야 집값이 떨어진다,2026-09-12T00:43:28Z,0,0,2026-09-19T06:33:44.893221+00:00
g4h29mJufpc,UgzDGNWYrUTmeccDBFB4AaABAg,나도 해지함,2026-09-12T00:43:14Z,1,0,2026-09-19T06:33:44.893221+00:00
g4h29mJufpc,UgyHFxJxdMvq1toYMMx4AaABAg,"간단하게 집값을 반토막 내버리면 다 해결될 문제긴함
대신 해외부동산 투자자들이 발을 빼버리는순간 부동산경제가 작살날수있다는 전망이 있을뿐
보통 경제는 하나가 작살나면 문어발식으로 다른곳도 같이 작살나는 경우가 많다는것뿐",2026-09-12T00:42:56Z,0,0,2026-09-19T06:33:44.893221+00:00
g4h29mJufpc,UgzvQWa6tUh2W8q_oQR4AaABAg,수준맞게 월세방들어가시고 주식투자하세요.,2026-09-12T00:41:37Z,0,0,2026-09-19T06:33:44.893221+00:00
g4h29mJufpc,UgwvnJsO4_KH6Z9J7hR4AaABAg,연말정산용 항목 하나 추가하려고 월 소액 넣는 통장 그이상 이하도 아님,2026-09-12T00:40:02Z,0,0,2026-09-19T06:33:44.893221+00:00
g4h29mJufpc,Ugyh7Yshgichk0fS9PV4AaABAg,돈 없어서 분양 포기하면 후순위로 밀리는것도 ㅈㄴ 이상함 1.2년이면 몰라도 10년....분양가 싼 아파트 신청하려고 해도 후순위로 밀려서 당첨 안됨,2026-09-12T00:38:48Z,0,0,2026-09-19T06:33:44.893221+00:00
g4h29mJufpc,UgzUgp3-tC8RluTnddd4AaABAg,"당첨 확률도 낮은데, 된다 해도 요즘 보면 너무 비싸긴 하더라. 대출도 된다쳐도 갚아야 할 금액이 너무 높고, 이제 주담대 8% 까지 가면...정말 갚을수없는 금액을 빚지고 시작해야되는데...청약이 월 최소 400~800만원씩 대출금 내가면서 10억단위 이상의 집에 들어가기 위한 수단으로는 맞지 않는거 같음.
신혼부부 최초 같은 혜택을 본다고 해도 부담되는 금액이 맞긴하다... 요즘 청약에 올라온 물건들 보면 너무 가격이 높음. 왠만한 고연봉자 아니면 못 갚을것 같더라.. 그렇다고 현금을 30대에 5억~10억씩 들고 있는것도 아니고, 그정도 들고있었으면 애초에 청약을 생각안하고 구매할꺼 같기도 함",2026-09-12T00:36:20Z,0,0,2026-09-19T06:33:44.893221+00:00
g4h29mJufpc,UgxqvbrgBptmXsKYust4AaABAg,"청약 가점제 도입한 것, 일단 길로틴 행 시켜야 함.",2026-09-12T00:36:04Z,0,0,2026-09-19T06:33:44.893221+00:00
g4h29mJufpc,UgyaIEMfKGOxGmgUa2x4AaABAg,공공주택에 당첨되도 참 어려운게 소득조건은 낮은데 분양금은 개비싼데 대출도 이자도 그 소득으로 힘들어,2026-09-12T00:34:51Z,3,0,2026-09-19T06:33:44.893221+00:00
g4h29mJufpc,UgxLlYM79LMkmHT73xt4AaABAg,부모님이 건물 1채 + 단독주택 3채 보유중이라 필요가 없음 ㅋㅋㅋ 자매라서 분쟁요소도 거의 없고,2026-09-12T00:33:24Z,0,0,2026-09-19T06:33:44.893221+00:00
g4h29mJufpc,UgwKJsFfVZJ_0Np41n94AaABAg,저도 요번에 깼습니다.ㅋㅋ,2026-09-12T00:32:23Z,0,0,2026-09-19T06:33:44.893221+00:00
g4h29mJufpc,UgzsvbfRudxRZf4I0pZ4AaABAg,제일 중요한건 당첨되도 일반 소시민들은 당장 입주할 돈도 없고 대출 영끌하면 오히려 이자만 내다가 숨도 못쉼,2026-09-12T00:31:52Z,0,0,2026-09-19T06:33:44.893221+00:00
g4h29mJufpc,Ugz1s_s-0dnIfmEWtUJ4AaABAg,연봉7천 안넘으면 해지하지말어,2026-09-12T00:31:00Z,0,0,2026-09-19T06:33:44.893221+00:00
g4h29mJufpc,UgzIWoPBWBIQiQisw_d4AaABAg,청약 정상화는 대 재 명,2026-09-12T00:28:19Z,0,0,2026-09-19T06:33:44.893221+00:00
g4h29mJufpc,UgzJrfxaIDbutufA6Fd4AaABAg,"정부기관 세종으로 빨리 다 내려가라
서울집중만 해소되도 다 자연스럽게 사그라질 문제들인데 이악물고 지들 이익만 눈에 멀어서 버티고 서울집중 시키고있는거 보면 쌍욕나온다",2026-09-12T00:28:03Z,0,0,2026-09-19T06:33:44.893221+00:00
g4h29mJufpc,UgzaJVPDg4mjVmtuMUZ4AaABAg,"2년 들고 있던 청약 깨버렸음
그냥 마피 붙은 아파트 울며 겨자먹기로 개인매수하거나
시중은행 주담대를 써야 한도가 더 나옴",2026-09-12T00:26:49Z,1,0,2026-09-19T06:33:44.893221+00:00
g4h29mJufpc,UgxUz-zu-I6WBVl3Yud4AaABAg,"음 매번 생각하는 거지만 정책이 좀 바뀌게되면 변화가 있지 않을까요?
 

는 개뿔이 일단 돈이 존나 필요하네 ㅋㅋㅋㅋ",2026-09-12T00:26:38Z,0,0,2026-09-19T06:33:44.893221+00:00
g4h29mJufpc,UgzEaXSJgG41LbmMYzZ4AaABAg,어차피 떼법의 나라라서 나중에 해지 안했으면 좋았는데 ㅠㅠㅠㅠ 이런 상황이 오면 어차피 나라에서 구제책 마련해서 열심히 해지 안하고 내 온 사람 ㅄ 만들 게 뻔해서 해지해도 됨,2026-09-12T00:26:05Z,0,0,2026-09-19T06:33:44.893221+00:00
g4h29mJufpc,UgykeaEQRWM2VI3L5ud4AaABAg,'민주' 청약,2026-09-12T00:24:10Z,0,0,2026-09-19T06:33:44.893221+00:00
g4h29mJufpc,UgymAVFlUudxozAF40J4AaABAg,"소득이 높으면 당첨이 안되는데, 소득이 낮으면 대출이 안됨ㅋㅋㅋ",2026-09-12T00:24:09Z,0,0,2026-09-19T06:33:44.893221+00:00
g4h29mJufpc,UgziGrV4aEb-9WeoW4x4AaABAg,당첨되도 집을 못사는데 왜해,2026-09-12T00:19:09Z,0,0,2026-09-19T06:33:44.893221+00:00
g4h29mJufpc,UgyQkRmLydIoz-KsKEV4AaABAg,그냥 돈이 없는 거 겠지 얼마 되지도 않는데,2026-09-12T00:18:44Z,0,0,2026-09-19T06:33:44.893221+00:00
g4h29mJufpc,UgwjVPp9WPsb0Kj-74F4AaABAg,당첨되도 살수 없자나 ㅋㅋㅋ가격봐라,2026-09-12T00:16:54Z,0,0,2026-09-19T06:33:44.893221+00:00
g4h29mJufpc,Ugz05P1WnWJGDQb0xMx4AaABAg,"지방은 청약통장쓰는데 바보아닌가? 그러니 맨날 뉴스에 사기분양이라고 나는 정가에 분양받고 할인받은 세대 욕하고 그러지
누가 청약하냐 ㅋㅋㅋ
그냥 기다리면 다 미분양에 할인분양 하는데
그거 사는게 똑똑한거임.
생각해보면 지방이라도 분양가는.올라가고 청년은 없고 중년이상이 대다수가 이미 본인집을 소유 중인데 무리해서 50대 60대에 신축갈려는 사람이 몇이나 있을까?

결국 남아있는 젊은세대는  돈없어 분양 못넣고 미분양은.더 늘어날꺼고 그럼 할인분양 할수 밖에 없음 지금도 광역시에 미분양 넘쳐나는데 참",2026-09-12T00:16:33Z,0,0,2026-09-19T06:33:44.893221+00:00
g4h29mJufpc,UgySMsVEW4oE6G604nx4AaABAg,"통장의미없어짐 계약할때 그냥 현금박치기.계약금분양비낼돈만있음 다 당첨 
있으나마나",2026-09-12T00:15:22Z,0,0,2026-09-19T06:33:44.893221+00:00
g4h29mJufpc,UgxALQSFAj-Bjcj-HAV4AaABAg,청년층은 당첨자들과 비교해서 무주택기간부터 비빌 수 없음 부양가족도 그렇고 청약가입기간도 그렇고 이번에 신생아대출 받으면서 0.2 우대금리 받을때 유용한거 외엔 어디다 쓸 엄두가 안나더라,2026-09-12T00:14:32Z,0,0,2026-09-19T06:33:44.893221+00:00
g4h29mJufpc,UgwtXFscle_cG0WhYRt4AaABAg,아직 주택청약 쓸만하던데; 일반 적금보다 이자가 쌔서;;,2026-09-12T00:14:19Z,1,0,2026-09-19T06:33:44.893221+00:00
g4h29mJufpc,UgwS_0SYz2RM5gaZ9214AaABAg,솔직히 이젠 귀족 수준인 연예인이나 태생부터 부모 만나서 잘태어난 애들이나 가능,2026-09-12T00:14:14Z,0,0,2026-09-19T06:33:44.893221+00:00
g4h29mJufpc,UgxkNoErWSWC4ZoWaQ94AaABAg,125회 납입 약 600만원 청약통장 잇는데 해지하고 파킹통장에 넣을까 생각중이다  파킹통장에 넣으면 달에 15000원은 이자 나오니까,2026-09-12T00:14:07Z,0,0,2026-09-19T06:33:44.893221+00:00
g4h29mJufpc,Ugz_3FVPDFbbt1INA6x4AaABAg,"집값 잡는게 계곡정리보다 쉽다했는데, 집값 잡는다고 하니까 진짜 잡는줄 알더라",2026-09-12T00:12:27Z,0,0,2026-09-19T06:33:44.893221+00:00
g4h29mJufpc,UgwhP1E5c60sw2xCl7F4AaABAg,청년드림청약통장 혜택도 ㅈㄴ 웃기더만 여기서 저금리로 대출해주는 조건이 서울 6억이하 아파트만 대출가능.  6억이하 아파트? 말장난하니??,2026-09-12T00:10:21Z,0,0,2026-09-19T06:33:44.893221+00:00
g4h29mJufpc,Ugwf8-J8BOFKDHiOwst4AaABAg,나도 걍 해지할까... 25마넌 넣으며 버텨왔는데 ...,2026-09-12T00:09:56Z,0,0,2026-09-19T06:33:44.893221+00:00
g4h29mJufpc,Ugypp-iPGztuW0j02zZ4AaABAg,일반인은 신혼가구 아니면 절대 불가능함,2026-09-12T00:09:32Z,1,0,2026-09-19T06:33:44.893221+00:00
g4h29mJufpc,UgzxQRbuJVfB_9qsaA14AaABAg,아직도 대출받아 집사자인기,2026-09-12T00:07:31Z,0,0,2026-09-19T06:33:44.893221+00:00
g4h29mJufpc,Ugyr3LHRkNCgY8Uf1Ch4AaABAg,"민주당은 국민이 재산을 가지는 걸 원하지 않으니까
이런 뉴스 보면 좋아하겠네",2026-09-12T00:04:59Z,0,0,2026-09-19T06:33:44.893221+00:00
g4h29mJufpc,UgyCwy96OdSn21-498J4AaABAg,지금 정권이 영원한것도 아닌데 급하게 해지할 필요가 있을까,2026-09-12T00:00:19Z,0,0,2026-09-19T06:33:44.893221+00:00
g4h29mJufpc,UgwHloYG58aM3y8Qvnd4AaABAg,"당첨이 어려운게 아니라 1인가족이 당첨을 원하는게 어불성설아닐까
집이 필요한게 1인가구인지 4인~6인가족인지 잘생각해보시길",2026-09-12T00:00:15Z,0,0,2026-09-19T06:33:44.893221+00:00
g4h29mJufpc,UgwQudNeRstwVLUrUGx4AaABAg,"청약통장 깨지는 마라... 냅둬... 돈넣지말고 냅둬 제발로다가
오늘만 사는거 아니잖아. 미래에 상황이 어찌바뀔지 모른다",2026-09-11T23:59:51Z,40,10,2026-09-19T06:33:44.893221+00:00
g4h29mJufpc,UgyQfawV57jcLgfHHyd4AaABAg,무쓸모라고 느껴서 해지한지 오래됨,2026-09-11T23:57:46Z,0,0,2026-09-19T06:33:44.893221+00:00
g4h29mJufpc,Ugx1xCj2UHdwWuqU04B4AaABAg,지들끼리 다 발라먹고 대출규제로 사다리 걷어차기 ㅋ,2026-09-11T23:57:20Z,0,0,2026-09-19T06:33:44.893221+00:00
g4h29mJufpc,UgxlqFm3Q9gdBERJCep4AaABAg,"양질의 직장 
양질의 교육을 분산하면되겠지

지방 거점신도시들 잘 지어놓고
굳이 분산 안하는것 보면
그냥 정부가 의지가없음

서울이 표밭이니까
악순환임

지방소멸이 당장은
서울에 영향없을것같지만
결과적으로는 공멸하는구조인데

다들알면서도 미래에게 떠넘기는꼴임",2026-09-11T23:56:32Z,0,0,2026-09-19T06:33:44.893221+00:00
g4h29mJufpc,UgxT6bBtOILEkiMtlRl4AaABAg,연봉7천도 당첨되도 못삼 그냥해지가맞다고봄,2026-09-11T23:55:09Z,0,0,2026-09-19T06:33:44.893221+00:00
g4h29mJufpc,UgxasQMRFzlkj2iVZmN4AaABAg,이야 한 10년 방치하던거 우연히 청약통장 알림 카톡 와서 생각난김에 해지했는데 이 영상이 뜨네,2026-09-11T23:54:21Z,0,0,2026-09-19T06:33:44.893221+00:00
g4h29mJufpc,Ugwww7QoPNORexBGqex4AaABAg,"정부가 청약 시장 마저도 
돈 있는 사람들만 가질 수 잇는 구조로 바꿈 ㅋㅋㅋㅋ 
본래 청약이라는 취지와 다르게 만들어버림 ㅋㅋ 참 대단하다는 말밖에",2026-09-11T23:53:10Z,0,0,2026-09-19T06:33:44.893221+00:00
g4h29mJufpc,UgxF-KGeVNNIsAzyv0t4AaABAg,재~명(민주톤으로),2026-09-11T23:53:00Z,0,0,2026-09-19T06:33:44.893221+00:00
g4h29mJufpc,UgwDyiMgoACBxnT-YoJ4AaABAg,집값 잡는다고 해놓고 역대급이고 대출 막아버리고 이상한 돈 뿌리고... 집 사지말라는 건데 유지할 이유가 딱히,2026-09-11T23:51:17Z,0,0,2026-09-19T06:33:44.893221+00:00
g4h29mJufpc,Ugy7WTKdWmpc1z5b90d4AaABAg,"애초에 부자 아니면 이제 서울에 집 살 수 있는 시대가 아닌데
내 집 마련 하고 싶으면 경기권으로 나가야지... 30대는 충분히 청약 넣고 대출 받아서 살만함",2026-09-11T23:49:54Z,0,0,2026-09-19T06:33:44.893221+00:00
g4h29mJufpc,UgzzolsXPHKA8ja10Dl4AaABAg,"이거있어도 불필요함
집값이 최소4억 5억이넘는데
청약된다해도 대출도안나옴
정부에서 집값못잡으니 필요가없지",2026-09-11T23:48:48Z,0,0,2026-09-19T06:33:44.893221+00:00
g4h29mJufpc,UgwPNCL5fXue8rh9nhd4AaABAg,중개사가 꿀팁이라고 알려주는게 특별권 사고 로비하면 된다는데 ㅋㅋㅋ 뭔 청약,2026-09-11T23:46:20Z,0,0,2026-09-19T06:33:44.893221+00:00
g4h29mJufpc,Ugyi9AWp0xhsyCa6Evl4AaABAg,이 뉴스 보니 저도 해지해야겠다는 생각이 듭니다. 청약통장이 이제 정말 쓸모없어졌다는 확신을 주네요,2026-09-11T23:45:17Z,0,0,2026-09-19T06:33:44.893221+00:00
g4h29mJufpc,UgwoT6ibdsP4X66KTnB4AaABAg,대출이 된다처도 그 이자감당을 못함,2026-09-11T23:45:13Z,0,0,2026-09-19T06:33:44.893221+00:00
g4h29mJufpc,Ugz84bkTFqbpyrCBOeF4AaABAg,하루빨리 핵전쟁나야함,2026-09-11T23:45:08Z,0,0,2026-09-19T06:33:44.893221+00:00
g4h29mJufpc,UgxAYmiEdl7_nBMgoxV4AaABAg,분양가가 ㅅㅂ 존나 비싼데 당첨은무슨 피 받고 팔고사고 이것도 존나 문제였음 ㅅㅂ,2026-09-11T23:44:36Z,0,0,2026-09-19T06:33:44.893221+00:00
g4h29mJufpc,Ugzn1CD9-Eb3XGkpr-Z4AaABAg,분양가가 지금 나와있는 신축보다 비쌈ㅋㅋ,2026-09-11T23:44:04Z,0,0,2026-09-19T06:33:44.893221+00:00
g4h29mJufpc,Ugzopp4eDlKtHawdXqB4AaABAg,청년들이 집을 살 생각을 하는게 대단하네 청년들이 돈이 있나? 집은 40~60대에 사는거지 무슨 청년들이 집을사 ㅋㅋㅋ 그때까지 청약 통장 들고 있어라 나중에 후회 하지 말고,2026-09-11T23:43:53Z,0,0,2026-09-19T06:33:44.893221+00:00
g4h29mJufpc,UgxeiJynlpPvDBgDjz14AaABAg,아 나도 해지해야겠다...,2026-09-11T23:43:51Z,0,0,2026-09-19T06:33:44.893221+00:00
g4h29mJufpc,Ugx-A2RWDUIVnZWtUwp4AaABAg,진짜 제일 열받는건 25만원으로 상한 월납입액 올리면 누가 매달 이걸 내냐고 1~2년 내는 것도 아닌데. 또 이런데서 세금 걷으려는 꼼수가 보이니까 너무 얄미움,2026-09-11T23:43:50Z,0,0,2026-09-19T06:33:44.893221+00:00
g4h29mJufpc,Ugwfqk1C-esRyt2UycJ4AaABAg,현실적으로 힘들다인데 욕심도 묻어있는게 유머네,2026-09-11T23:42:18Z,0,0,2026-09-19T06:33:44.893221+00:00
g4h29mJufpc,UgwC00ktE4rzc49fjgR4AaABAg,"당장 먹고 살 돈도 빠듯한데 집을 어케사누..
미치겠다",2026-09-11T23:40:07Z,1,0,2026-09-19T06:33:44.893221+00:00
g4h29mJufpc,UgzE5HM-sS7fFbmGjpB4AaABAg,해지하고 주식투자 ㅋㅋㅋㅋㅋㅋ미련한 놈들,2026-09-11T23:38:56Z,2,0,2026-09-19T06:33:44.893221+00:00
g4h29mJufpc,UgwOBF5EQdVZCK0k6oV4AaABAg,결혼하고 애셋에 양가 부모님 모시고 살면 청약 유지해라,2026-09-11T23:37:15Z,0,0,2026-09-19T06:33:44.893221+00:00
g4h29mJufpc,UgwdohYqqOQsnahadVN4AaABAg,100만원 1년동안 부어도 1200인데 집사는데 그걸로 되냐.. 초년생부터 월 100붇는것도 불가능하지만 10년동안 부어도 서울은 커녕 수도권도  집 하나 못사 그러니 붇는것 자체가 의미가 없잖아,2026-09-11T23:36:43Z,0,0,2026-09-19T06:33:44.893221+00:00
g4h29mJufpc,UgyOo1j3QSQHh5y12uJ4AaABAg,일단 신청을해도 된적이 없어요. 이 거지같은제도.. 없어도 그만입니다. 투잡으로 몇년 돈모아서 집살게요~ 개그지같은 제도~,2026-09-11T23:35:52Z,0,0,2026-09-19T06:33:44.893221+00:00
g4h29mJufpc,Ugw-MxUvrl0Hj9sARxx4AaABAg,"1인가구 20대는 1억조차 없다고!!!!
청약되려면 자산이랑 소득수준 낮고 이래야하는데 정작 계약금은 부자만 가능하고 대출은 안되니깐

금수저들만 살수 있는거잖아
돈있지만 혼자살고 일안하는...

우리같은 서민은 일안하면 먹고 살수가 없어서 꾸역꾸역 일하는데 소득잡힌다고 그러지ㅜ",2026-09-11T23:34:55Z,0,0,2026-09-19T06:33:44.893221+00:00
g4h29mJufpc,Ugzh7F2I8viXjfapyU54AaABAg,나도 걍 해지해야겠다 신혼부부도 될까 말깐데,2026-09-11T23:32:08Z,0,0,2026-09-19T06:33:44.893221+00:00
g4h29mJufpc,UgzpLmiYaCwSTayp7px4AaABAg,근데 분양가 높다고 하고 대출규제 한다해서 청약통장 깬다는데 정작 서울 인기지역은 분양가 높게 나와도 경쟁률은 박터짐,2026-09-11T23:30:19Z,0,0,2026-09-19T06:33:44.893221+00:00
g4h29mJufpc,Ugwxbjv83x3m9sjXhrd4AaABAg,"그냥 통장 유지는 하고 있는데 의미없다고 생각하긴 함. 당첨 안 됨, 되더라도 감당하기 힘든 보증금이라서.",2026-09-11T23:27:13Z,0,0,2026-09-19T06:33:44.893221+00:00
g4h29mJufpc,Ugx08dKX_BQVYyzuuth4AaABAg,시세 차익도 들어갈 수 있어야 시세 차익이지,2026-09-11T23:26:44Z,0,0,2026-09-19T06:33:44.893221+00:00
g4h29mJufpc,Ugy9pb_pIJlBo-nCSHF4AaABAg,킹 갓 정 부,2026-09-11T23:26:15Z,0,0,2026-09-19T06:33:44.893221+00:00
g4h29mJufpc,UgyL5Tp7yZUu8MPpA-14AaABAg,아이러니한게 신혼부부 정책이라고 돈 퍼주면 집값은 더 오름 개꿀,2026-09-11T23:24:38Z,0,0,2026-09-19T06:33:44.893221+00:00
g4h29mJufpc,Ugwd9lWD0t-JCpXUMj14AaABAg,"수도권 : 비싸서 당첨돼도 못 들어감
지방: 당첨안돼도 집 남아돌아서",2026-09-11T23:22:51Z,0,0,2026-09-19T06:33:44.893221+00:00
g4h29mJufpc,Ugw_4FGE1HgqTyKv8k14AaABAg,"점수는 저소득층 기준인데 가격은 고소득층 기준임ㅋㅋㅋ
결국 이거 당첨되서 살수 있는건 부모님 지원 나오는 금수저 뿐",2026-09-11T23:22:06Z,3014,8,2026-09-19T06:33:44.893221+00:00
g4h29mJufpc,UgzMFaoFgVEEwtqifct4AaABAg,10억 뉘집 개이름임?😂😂,2026-09-11T23:21:59Z,0,0,2026-09-19T06:33:44.893221+00:00
g4h29mJufpc,Ugx2QLAv81-NQ29ztHZ4AaABAg,"강남와서 느끼는거지만 집이 이렇게나 많은대 내가 살곳이 없구나 싶더라 
사람도 많지만 건물이 지이이이이이ㅣㄴ짜 많거든... 근데 다들 죽어도 안내림 ㅠ",2026-09-11T23:20:22Z,0,0,2026-09-19T06:33:44.893221+00:00
g4h29mJufpc,UgwoloJvZn3lgYM0SOl4AaABAg,"분양가 상한제 폐지해라
원래라면 분양가 40~50억에 나올 강남 아파트가 20억대에 분양된다는게 말이 되냐
대출 막아놔서 일반인은 당첨되도 절대 못 사고
부자들 부동산 수익률만 극한으로 끌어 올려주는 제도가 분양가 상한제다",2026-09-11T23:15:59Z,0,0,2026-09-19T06:33:44.893221+00:00
g4h29mJufpc,UgxO_W2Hy7MpOF6zv-R4AaABAg,서울은 쳐다도 못보고 안산 살다가 아기 생겨서 다음달에 인천 논현동으로 이사 가는데 이번에 대출 받는데 진짜 진땀 뺐다.특히 방공제 이건 진짜 최악의 제도임,2026-09-11T23:15:30Z,0,0,2026-09-19T06:33:44.893221+00:00
g4h29mJufpc,UgyKhHf76ixaI2geho54AaABAg,ㅅㅂ 먹고 살려고 돈버는데 부동산가격이 같이 올라버리면 어떻게 살라고,2026-09-11T23:13:47Z,0,0,2026-09-19T06:33:44.893221+00:00
g4h29mJufpc,UgwVMCYjca-4coPIKtN4AaABAg,집은 의식주인데 거기서 시세차익을 얻는 것 자체가 잘못된 거 아니야?,2026-09-11T23:13:06Z,0,0,2026-09-19T06:33:44.893221+00:00
g4h29mJufpc,UgzcrXPrxtSugJQmjTN4AaABAg,청약이라는게 ㅋㅋ 원래 복권 개념으로 주변시세보다 20~30% 쌋는데 지금은 주변시세보다 10~20% 비싸게 분양함  ㅋㅋㅋㅋㅋㅋㅋㅋㅋㅋㅋㅋㅋ 그래서 의미없어짐,2026-09-11T23:12:45Z,0,0,2026-09-19T06:33:44.893221+00:00
g4h29mJufpc,Ugwma7XjWeNdWNOcq9J4AaABAg,지방은 분양가 자체가 높아서. 오히려 나중에 마이너스피 나옴.,2026-09-11T23:10:57Z,0,0,2026-09-19T06:33:44.893221+00:00
g4h29mJufpc,UgzSGjQqN1ODKeBl7CB4AaABAg,부자를(국개의원) 더 부자 만들기 위한 법이 됨,2026-09-11T23:10:42Z,0,0,2026-09-19T06:33:44.893221+00:00
g4h29mJufpc,UgzFsfaBoHFpcTQ9TGZ4AaABAg,그래그래  모두 탈퇴해라 ㅋㅋ  내가 부자가 될수 없다면 다른이들이 가난해져야한다.   다 탈퇴해라.,2026-09-11T23:10:15Z,0,0,2026-09-19T06:33:44.893221+00:00
g4h29mJufpc,UgxsUUvhqvlFm60Kkyp4AaABAg,떡사먹은셈치고 계속 붓는게 나을텐데요.. 담뱃값 술값으로 치고 계속 모으세요.,2026-09-11T23:09:36Z,0,0,2026-09-19T06:33:44.893221+00:00
g4h29mJufpc,Ugx8g2TI6fw8GIXkNsZ4AaABAg,저거 유지 잘 하면 나중에 신혼부부대출같은거 할때 0.2퍼정도 이자가 저렴해집니다. 이거 생각보다 어마무시해요.,2026-09-11T23:00:23Z,0,0,2026-09-19T06:33:44.893221+00:00
g4h29mJufpc,Ugy7W7iytSj_T46G_Yd4AaABAg,청약점수 열심히 쌓았더니 어느순간 신혼 위한답시고 특공비율이 말도 안되게 늘어나서 만점 되지 않는 이상 당첨도 안되고 의미가 없음..,2026-09-11T22:58:45Z,53,0,2026-09-19T06:33:44.893221+00:00
g4h29mJufpc,UgwhWQno6yZn8f4HK3h4AaABAg,"청약으로 돈을 번다는개념이되야되는대
돈이안됨 
싼가? 오르는가? 대출은되는가? 
이게되는게 내가 당첨이되는가? 
당첨되면 돈이있는가?
다안됨",2026-09-11T22:55:55Z,0,0,2026-09-19T06:33:44.893221+00:00
g4h29mJufpc,UgydHi4ntaX5SbDTfMB4AaABAg,"임대주택도 떨어지는 마당에 계속붙들고있어봐야 또언제 나올지도 모르고
그럴봐에 해지하고 다른걸하지",2026-09-11T22:55:44Z,0,0,2026-09-19T06:33:44.893221+00:00
g4h29mJufpc,UgxVox3mBdyCAboNXh14AaABAg,"지랄이지 아파트를 다 만든다음에
분양을 해봐라 어떻게 되는지 ㅋㅋ
선분양은 얼어디질 ㅋ",2026-09-11T22:55:08Z,0,0,2026-09-19T06:33:44.893221+00:00
g4h29mJufpc,UgzaIHIjH-zI_b1PFph4AaABAg,왜깨겠냐 에휴..,2026-09-11T22:54:31Z,0,0,2026-09-19T06:33:44.893221+00:00
g4h29mJufpc,UgzyMgWzb06RkwV3aKx4AaABAg,"부럽다 아파트 사주는 부모도 있고 
난 2004년부터 지금까지 돈 모아서 겨우 강서구 달동네 2억짜리 빌라 한채 재작년에 자가 샀는데  
내 소원은 아파트 살아보는거 흑흑 ㅠㅠㅠㅠ  엘리베이터 타고 집 들어가보고 싶다",2026-09-11T22:54:09Z,0,0,2026-09-19T06:33:44.893221+00:00
g4h29mJufpc,Ugw1nEXC4h4BAreMCmZ4AaABAg,이거 담보로 니들 집짓는거임 ㅋㅋㅋㅋㅋ,2026-09-11T22:49:03Z,0,0,2026-09-19T06:33:44.893221+00:00
g4h29mJufpc,Ugx5BZop0egZzUi7tPF4AaABAg,청약통장은 40대 때 써먹는거다... 결혼하고 애 놓고 악착 같이 모은 돈으로 로또 당첨되는거지,2026-09-11T22:49:01Z,0,0,2026-09-19T06:33:44.893221+00:00
g4h29mJufpc,Ugyx1eq_MIO_-2zP_St4AaABAg,민주당 뽑은 결과 대출없이 집을 사지 못함,2026-09-11T22:47:49Z,0,0,2026-09-19T06:33:44.893221+00:00
g4h29mJufpc,Ugw5G8mg0G8DhUUry094AaABAg,"일반공급(납입금액)이 20%ㅋㅋㅋㅋ 80%특공 (가점제, 다자녀, 신혼부부 등) 돌리니 청약통장 유지할 이유가 없음.",2026-09-11T22:45:34Z,0,0,2026-09-19T06:33:44.893221+00:00
g4h29mJufpc,Ugxm71U-JcVJw3LRgid4AaABAg,지방도 분양가가 6억대임,2026-09-11T22:45:04Z,0,0,2026-09-19T06:33:44.893221+00:00
g4h29mJufpc,UgyniHOJ9IC3-QyVmtN4AaABAg,평생 월세 살아야할것같음...,2026-09-11T22:42:04Z,0,0,2026-09-19T06:33:44.893221+00:00
g4h29mJufpc,Ugy2UM4FI4J2K0KRGHd4AaABAg,애초에 청약을 넣어서 당첨된다 해도 돈이 없어서 분양을 못받아요..,2026-09-11T22:41:18Z,0,0,2026-09-19T06:33:44.893221+00:00
g4h29mJufpc,Ugxoi0oUq0WSO-kJgFZ4AaABAg,"분양가 낮추도록 강제하고,  시공이후 후분양하면 해결될일을...  
건설사 눈치보느라 법도 미비...🙂‍↔️",2026-09-11T22:38:18Z,0,0,2026-09-19T06:33:44.893221+00:00
g4h29mJufpc,UgzZfqHhMzPLhRmYKLZ4AaABAg,UI부터 설계 까지 얼마나 많은 고민을 하고 나왔는지 느껴져서 사람들이 환호하는거 같음,2026-09-11T22:36:46Z,0,0,2026-09-19T06:33:44.893221+00:00
g4h29mJufpc,Ugzuem7MTl1UsDzPy-J4AaABAg,만점부터 시작이라고 해라; 만점 중이서도 부모님이 돈 있는놈들이 당첨되는데 에휴,2026-09-11T22:36:31Z,0,0,2026-09-19T06:33:44.893221+00:00
g4h29mJufpc,Ugw_HlcsXqnsIR3h1ch4AaABAg,일반적인 청년이 감당 가능한 분양가는 2~3억 정도인데 요즘 경기권도 5억은 그냥 넘으니 필요가 없지 ㅋㅋㅋㅋ,2026-09-11T22:31:42Z,0,0,2026-09-19T06:33:44.893221+00:00
g4h29mJufpc,UgxQ3r6Txt9DHuGIFjx4AaABAg,청약 4년전 걸려서 작년에 입주했는데 내가 막바지인거같아,2026-09-11T22:31:05Z,0,0,2026-09-19T06:33:44.893221+00:00
g4h29mJufpc,Ugw_YCMQGk49zTji6nB4AaABAg,4인가구 청약 만점도 탈락인데ㅋㅋㅋ,2026-09-11T22:30:27Z,0,0,2026-09-19T06:33:44.893221+00:00
g4h29mJufpc,Ugybt79yXP-vt0TlwvJ4AaABAg,"난 내가 성인이 되면 30살에 돈 열심히 모으고 그러면 직장생활을 열심히하면 집을 살수 있겠다 생각했는데... 부모님 지원받지 않으면, 집을 구매할 수 없음 그리고 지금 물가가 너무많이 올라가 버려서 35살까지는 그냥 부모님댝에서 지낼까 고민중",2026-09-11T22:29:01Z,0,0,2026-09-19T06:33:44.893221+00:00
g4h29mJufpc,Ugz0sHtcm3N_mhf0ntF4AaABAg,이 모든게 LH가 만든 사달 ㅋㅋ. 땅장사 하고 자빠졌으니 ㅋㅋㅋㅋ,2026-09-11T22:28:56Z,0,0,2026-09-19T06:33:44.893221+00:00
g4h29mJufpc,Ugw59s4cG3GF5BPRJYl4AaABAg,직장을 제발 분산해라. 저게 수도공화국이지 뭐냐,2026-09-11T22:26:59Z,0,0,2026-09-19T06:33:44.893221+00:00
g4h29mJufpc,UgzJ4c0irUK4PYQ6gNN4AaABAg,청약은 ㅋㅋ 그냥 할배들용임 젊은사람 가점으로 받는건 기적임 그냥 ㅋㅋ,2026-09-11T22:21:34Z,0,0,2026-09-19T06:33:44.893221+00:00
g4h29mJufpc,UgxmwDaoHpdcds63aTR4AaABAg,소득기준을 세전으로 잡을 때 부터 직장인들한테는 기회 안주겠단 뜻임,2026-09-11T22:19:37Z,0,0,2026-09-19T06:33:44.893221+00:00
g4h29mJufpc,Ugw1cUJCpZA6CY8Ot954AaABAg,공급 다 쳐 막으니깐 그러지 ㅋㅋㅋㅋㅋㅋ,2026-09-11T22:14:00Z,1,0,2026-09-19T06:33:44.893221+00:00
g4h29mJufpc,UgzUNdFUGKqJMFyF3ON4AaABAg,예전엔 작은건 가점만 있고 추첨이 없었음. 큰건 추첨이 있어도 대출이 안나옴. 이제 청약제도 바껴서 작은것도 추첨물량 준다는데 괜찮은 지역은 공공만 있어서 자격이 까다로움,2026-09-11T22:06:48Z,0,0,2026-09-19T06:33:44.893221+00:00
g4h29mJufpc,Ugx71TLT94aUG6bpPYh4AaABAg,난 그냥 무지성 25만원하는디,2026-09-11T22:01:44Z,0,0,2026-09-19T06:33:44.893221+00:00
g4h29mJufpc,UgxVuiq8YRKM9CYxFzl4AaABAg,언제부턴가 나라가 비정상이되어가는거같다,2026-09-11T22:00:33Z,0,0,2026-09-19T06:33:44.893221+00:00
g4h29mJufpc,UgzbquJtqXitPa5G2gJ4AaABAg,미혼은 60세는 되어야 가점으로 당첨되겟더라 ㅋㅋ싯팔,2026-09-11T21:53:55Z,0,0,2026-09-19T06:33:44.893221+00:00
g4h29mJufpc,UgzwwQ9nWr2rWk6-Ogt4AaABAg,서울에 아파트 빡쎄긴해,2026-09-11T21:52:56Z,0,0,2026-09-19T06:33:44.893221+00:00
g4h29mJufpc,UgyIsMynpu5F0tm-04Z4AaABAg,"비싸서 못사는데 또 웃긴건 집값 내려가는건
반대하는 넌센스. 한마디로 대출 많이 받게
해달라면서 집값은 안떨어지길 바라는 욕심.
그런데 금리 올라가면 대출 못갚는다고 또 불만.",2026-09-11T21:48:37Z,0,0,2026-09-19T06:33:44.893221+00:00
g4h29mJufpc,UgzLWtPDbPQiHNlN25J4AaABAg,은행들 꿀통 ㅋㅋㅋ,2026-09-11T21:45:30Z,0,0,2026-09-19T06:33:44.893221+00:00
g4h29mJufpc,UgyASg3eFT-LmDvvQ894AaABAg,"진짜 요즘 4,50대 선생님들이랑 이야기해보면 하이닉스가 진짜 사람들 생각을 완전히 망처놓음, 무슨 성과금 1,2억 이러니까 모든 회사에서 똑같이 주는줄알고 2,30대가 자기들보다 돈 더버는줄 알고있음 당장 어제도 청약 뉴스보면서 무슨 10년이면 집 살수있는거 아니냐,  어린놈들이 숲을 볼줄모르고 나무만 보려고한다 이러는거보고 할말이 없어서 예...예...하다가 왔음",2026-09-11T21:43:31Z,0,0,2026-09-19T06:33:44.893221+00:00
g4h29mJufpc,UgzOwO1ItRspdsvaQgF4AaABAg,"구해줘 홈즈보니까 서울 평균집값이 16억이던데, 이젠 서울에 내 집 마련은 나랑  완전 다른 세계..",2026-09-11T21:39:03Z,0,0,2026-09-19T06:33:44.893221+00:00
g4h29mJufpc,UgyR7z-4hvLOSTZddLt4AaABAg,뉴스로 나올 정도면 이미 너무 늦은거임,2026-09-11T21:34:57Z,0,0,2026-09-19T06:33:44.893221+00:00
g4h29mJufpc,UgyMvaVkw_TJbdYW_nN4AaABAg,청약통장 그냥 3년인가 넣고 냅둠. 그리고 미분양이라 삼.청약통장 안씀,2026-09-11T21:28:29Z,0,0,2026-09-19T06:33:44.893221+00:00
g4h29mJufpc,Ugwr198HnpOAQFcO28J4AaABAg,무주택 세대주만 있을까. 무주택 세대원으로 집살라고 노력하는 사람도 있으니 공제좀 해줘라 쫌,2026-09-11T21:24:10Z,0,0,2026-09-19T06:33:44.893221+00:00
g4h29mJufpc,Ugy8vjLxadA9cV7VRGR4AaABAg,대한민국에서 가장 쓸때없는 통장,2026-09-11T21:22:44Z,0,0,2026-09-19T06:33:44.893221+00:00
g4h29mJufpc,Ugw2FglPYH82erxF7tx4AaABAg,ㅋㅋ  가짜대령통 역시,2026-09-11T21:09:07Z,0,0,2026-09-19T06:33:44.893221+00:00
g4h29mJufpc,Ugyb1kaBTD5-N4QXMGh4AaABAg,"청약 통장에 얼마나 들어 있다고...그만큼 힘드시겠지만
아직 까지 청약 관련 정책이 없어진건 아니니까 가지고 계세요
윤통때 집값 바로 하락세 보였고, 대출규제 풀고 정책 조금만 손보면
청약 통장 제도를 아에 없애지 않는 이상
다시 전략적으로 계획할 만한 껀덕지는 생길 거에요
다들 투표 잘 합시다",2026-09-11T21:07:55Z,1,0,2026-09-19T06:33:44.893221+00:00
g4h29mJufpc,UgyQhewQTEpkGJfa54N4AaABAg,이젠 집은 상관없음 그냥 세금혜택용,2026-09-11T21:02:49Z,0,0,2026-09-19T06:33:44.893221+00:00
g4h29mJufpc,UgwzPq4tnfqji-_Ff2p4AaABAg,안유진 정도의 재력은 있어야 의미있는 청약,2026-09-11T21:01:36Z,0,0,2026-09-19T06:33:44.893221+00:00
g4h29mJufpc,Ugx_RvYNXH67aTnq4_x4AaABAg,이대로 줄어들면 버팀목대출 못받는다는게 충격이넼ㅋㅋㅋㅋㅋㅋㅋ수발 월세에서 좀 벗어날랫더니,2026-09-11T20:59:29Z,0,0,2026-09-19T06:33:44.893221+00:00
g4h29mJufpc,UgxFPF1HR51zxVLJ-ch4AaABAg,나만 이 생각한 게 아니구나...,2026-09-11T20:50:00Z,0,0,2026-09-19T06:33:44.893221+00:00
g4h29mJufpc,UgzwUlVhgkvJp4tqSft4AaABAg,저 청약통장 넣을돈 s&p500이나 나스닥100 10~20년 묵히면 몃억될듯..,2026-09-11T20:46:22Z,0,0,2026-09-19T06:33:44.893221+00:00
g4h29mJufpc,Ugz5jeo2OzTSEb36ml14AaABAg,"당첨?
미달 될곳에 생애최초나 넣어보는거지~",2026-09-11T20:31:46Z,0,0,2026-09-19T06:33:44.893221+00:00
g4h29mJufpc,UgzcEcOzhsl_2BhZmbx4AaABAg,내로남불 엄청들 난다.,2026-09-11T20:27:24Z,0,0,2026-09-19T06:33:44.893221+00:00
g4h29mJufpc,Ugz9Gxq64cvxBqvXwfZ4AaABAg,조건도 ㅈ같은데 돈도 20억 30억 있는 사람 있음? ㅋㅋ 사지말란 소리지 뭐,2026-09-11T20:26:31Z,0,0,2026-09-19T06:33:44.893221+00:00
g4h29mJufpc,UgzHPdkBQqYM4Jhfz-54AaABAg,왜 그냥 아파트말고 역세권 투룸 쓰리룸 빌라도 청약 대상에 집어넣어 그쪽도 수요 많어,2026-09-11T20:25:19Z,0,0,2026-09-19T06:33:44.893221+00:00
g4h29mJufpc,UgyBig5RDB-09Qw5l2x4AaABAg,청약통장이요??  삼전 존나 많이 떨어져서 저거 좀 살래 할때 급히 쓰는  비상용 적금..  그 이상도 이하도 아닌..,2026-09-11T20:22:15Z,1,0,2026-09-19T06:33:44.893221+00:00
g4h29mJufpc,UgyIYUoCU8fw4tFtp_54AaABAg,"당첨 된다고 해도 
대출 받아도 문제지 ㅋㅋ
오히려 청약에 넣을돈으로 다른곳에 투자 하는게 좋음",2026-09-11T20:17:25Z,0,0,2026-09-19T06:33:44.893221+00:00
g4h29mJufpc,UgzqU1CvlQTLXgNl3714AaABAg,지역에는 일자리가 없는데?,2026-09-11T20:15:48Z,0,0,2026-09-19T06:33:44.893221+00:00
g4h29mJufpc,UgxoWOPqONgj0y7PA9N4AaABAg,20 30 쳐말하는순간 멍청하다는 느낌 바로오내  40 50 은 그럼 집이 다있냐?,2026-09-11T20:14:17Z,0,0,2026-09-19T06:33:44.893221+00:00
g4h29mJufpc,Ugw9903De6i7WckccV94AaABAg,안유진은 그럼 어떻게 당첨된거임? 소득고 갑중갑인데,2026-09-11T20:12:40Z,0,0,2026-09-19T06:33:44.893221+00:00
g4h29mJufpc,UgxLVj0qQP-wOgFAOFV4AaABAg,"나도 해지 해버렸음
 의미가..",2026-09-11T20:12:02Z,0,0,2026-09-19T06:33:44.893221+00:00
g4h29mJufpc,Ugw0Suw3WnlVNpwj9Ux4AaABAg,이제서야 깨달았구나~ ㅋㅋ,2026-09-11T20:02:49Z,0,0,2026-09-19T06:33:44.893221+00:00
g4h29mJufpc,UgxWLKJhnMPush_sjGF4AaABAg,세대마다 바꿔도 해택 지원 최대 34세까지 애매+ 1인가구가 답없다..,2026-09-11T19:55:41Z,0,0,2026-09-19T06:33:44.893221+00:00
g4h29mJufpc,Ugx3uyMex_LgAgnFpBp4AaABAg,‘내 집 마련’이 아니라 ‘내 아파트 마련’이라고 해야지요… 빌라는 청약 없어도 살 수 있는데 이건 집이 아닌가요? 아파트 못 사면 빌라나 주택 사면 되지…,2026-09-11T19:55:35Z,0,0,2026-09-19T06:33:44.893221+00:00
g4h29mJufpc,Ugx0o1FnMQggOLY5RXV4AaABAg,거대한 폰지사기,2026-09-11T19:50:58Z,0,0,2026-09-19T06:33:44.893221+00:00
g4h29mJufpc,UgyqCyW8yYRCeEeVBup4AaABAg,10억 대츨 되면 이자 감당 하실수 있겠습니까?? 20억 대출 되면 이자 감당 됩니까???,2026-09-11T19:36:40Z,0,0,2026-09-19T06:33:44.893221+00:00
g4h29mJufpc,Ugz4oev-twm1SGu6rcp4AaABAg,"1인 가구면 왜 힘듦?

집있는 1인 가구가 결혼을 이끌어 내는 거 아님?",2026-09-11T19:22:38Z,0,0,2026-09-19T06:33:44.893221+00:00
g4h29mJufpc,Ugwd5UIfQyvFiWTSaoV4AaABAg,1인가구인데 얼추30년 넣은거 깻다..청약변경된것도 모르고 그냥 두고 있었음..,2026-09-11T19:19:40Z,0,0,2026-09-19T06:33:44.893221+00:00
g4h29mJufpc,Ugwmj2hq2gFziINCgRV4AaABAg,집포기 술담배포기 외식포기 배달음식포기 결혼포기 연애포기 자동차포기 취미포기하면 살만하다 악으로 깡으로 버텨라,2026-09-11T19:16:19Z,0,0,2026-09-19T06:33:44.893221+00:00
g4h29mJufpc,Ugyz9rJb39VYLEJw6iV4AaABAg,한국인은 대출 막고 중국인은 대출한도가 없어서 부동산 대출로 자기돈 한 푼도 안들이고 집 삼.,2026-09-11T19:14:09Z,0,0,2026-09-19T06:33:44.893221+00:00
g4h29mJufpc,UgwBLXKPuc42Gl9-y1t4AaABAg,집이 있어야 결혼을 하든가 말든가 하지 어후,2026-09-11T19:10:39Z,0,0,2026-09-19T06:33:44.893221+00:00
g4h29mJufpc,UgxUMw2UeAgRfOeCO5F4AaABAg,ㄹㅇ 10년 이내에 전쟁 한번 터지는게 낫겠다는 생각이 들 정도로 버는 돈과 써야할 돈의 차이가 너무 극에 달리고 있음...,2026-09-11T19:10:29Z,0,0,2026-09-19T06:33:44.893221+00:00
g4h29mJufpc,Ugw-Ks2h0ad_n18iFIF4AaABAg,안유진은 어케 된거지.... 그것도 반포..,2026-09-11T19:08:09Z,0,0,2026-09-19T06:33:44.893221+00:00
g4h29mJufpc,UgzTF0WojIB1-JvNkl94AaABAg,진짜 민주당만 정권 잡으면 앞길이 막막해,2026-09-11T18:56:09Z,0,0,2026-09-19T06:33:44.893221+00:00
g4h29mJufpc,UgzBapd_sT_H-jhugKR4AaABAg,애초에 금융권 밀어죽기가 주목적이던 제도,2026-09-11T18:54:05Z,0,0,2026-09-19T06:33:44.893221+00:00
g4h29mJufpc,UgwfmucykuZxLQPtYjx4AaABAg,문재인 리재명의 업적이다,2026-09-11T18:42:37Z,1,0,2026-09-19T06:33:44.893221+00:00
g4h29mJufpc,UgwIMpLOxTtXiBEB_5V4AaABAg,"당첨되면 뭐하냐~
돈이 없으면 답이 없는데 ㅋㅋ",2026-09-11T18:36:43Z,0,0,2026-09-19T06:33:44.893221+00:00
g4h29mJufpc,Ugy6zMF3XO_-GecQ-QB4AaABAg,"애초에 대출 받아서 집을 산다는 것 자체가 말이 안될 정도로 올랐음
일부러 고분양 할려고 주변을 올린 건지.. 아니면 국가가 부동산을 대놓고 밀어서 그런 건지..
터무니 없는 집값에 젊은이들만 죽아 나가고 있음

완전 나라가 미쳐가고 있음",2026-09-11T18:28:02Z,0,0,2026-09-19T06:33:44.893221+00:00
g4h29mJufpc,UgyEGbhrb43DhelhuHN4AaABAg,ㅋㅋ 쓸일없어 질줄 알았다 진즉에 해지했지…,2026-09-11T18:26:25Z,0,0,2026-09-19T06:33:44.893221+00:00
g4h29mJufpc,UgymllEC4LEd8ZHaukV4AaABAg,미비혼 차별하는 정부를 규탄한다,2026-09-11T18:17:22Z,0,0,2026-09-19T06:33:44.893221+00:00
g4h29mJufpc,UgxU2mbbEUYCEauwvjp4AaABAg,당첨어렵고 되도 부모님 손벌려야해서 ㄴㄴ,2026-09-11T17:49:34Z,0,0,2026-09-19T06:33:44.893221+00:00
g4h29mJufpc,UgzaiWkDjGC7sbVzIWt4AaABAg,진짜 꾸준히 부은 통장 있는데 1인가구는 소용 없다고 해서 고민이네 여유가 있어서 계속 넣을 것 같긴 한데..,2026-09-11T17:49:10Z,0,0,2026-09-19T06:33:44.893221+00:00
g4h29mJufpc,Ugxs0JUSNYCGu_rbsG54AaABAg,"일단 부양가족수 가점이 저지랄로 높은게 이해가 안됨
가점비율을 좀 낮추거나 없애고 완전 추첨제로 해라",2026-09-11T17:44:01Z,0,0,2026-09-19T06:33:44.893221+00:00
g4h29mJufpc,UgzytSHaID50sgaPLvd4AaABAg,"올해 서울 국평 평균이 13억 찍었었는데 
16년도 10년전 문씨 정권 되기 직전세 반포자이 국평이 13억이었음 올해는 55억 찍었고 
당시 6억이었던 마래푸가 올해 25억 찍었더만 
그리고 지금 취임 1년차 상승률 문재인때보다 높음 ㅋ",2026-09-11T17:42:54Z,0,0,2026-09-19T06:33:44.893221+00:00
g4h29mJufpc,Ugz7-iGzo9A_SRgLXkF4AaABAg,혼자 사는 싱글 > 30평대 아파트 / 3~4인 가구 > 30평대 아파트  과연 누구에게 혜택을 줘야할 거 같음? 무슨 뭐 무쓸모니 사람아니니 이딴 개소리는 하지 말길. 애초에 청약이라는 제도 자체에 1인 가구 따위가 접근할 이유가 없는거니까 불평 불만을 하지 말어. 그럼 결혼을 하던가. 혼자 살면서 뭐 20평대 30평대 신축 갈라고? 내가 혜택을 보면 남이 헤택을 못보는 구조인데.  3~4인 가족도 비좁은 투룸 사는 사람 많다. 이들에게 우선적으로 청약 당첨이 되는게 당연한거니. 되도 않는 소리로 징징거리지마라,2026-09-11T17:40:16Z,0,0,2026-09-19T06:33:44.893221+00:00
g4h29mJufpc,UgyF2pp96woZ4LqTML14AaABAg,"보험도 마찬가지 지만
내가낸돈으로 그기업들도 투자하니
그냥 내가직접하겠다는....",2026-09-11T17:39:29Z,0,0,2026-09-19T06:33:44.893221+00:00
g4h29mJufpc,Ugw-CR-hLdWQstokr3R4AaABAg,4년전에 만든거 깨고.. 다시 만듬.;;; 만든 이유는 혹시라는 희망으로 ..,2026-09-11T17:38:04Z,0,0,2026-09-19T06:33:44.893221+00:00
g4h29mJufpc,UgyUmbt_QFmM1l9jbaN4AaABAg,"청약 안한다해도 청약 해지하면하수
걍 유지하고 돈필요하면 청약담보 대출받아라
그리고 주담대받을때 청약통장 제출하고 금리우대 받아라",2026-09-11T17:38:03Z,0,0,2026-09-19T06:33:44.893221+00:00
g4h29mJufpc,Ugxkhs7GD9Cd37pKT094AaABAg,정책도 필요없어 그냥 공급을 많이해,2026-09-11T17:25:57Z,1,0,2026-09-19T06:33:44.893221+00:00
g4h29mJufpc,Ugxdu3eFw6nyThwRfcV4AaABAg,"돈도있고 당첨도돼서 들어 가도 문제
겉보기엔 멀쩡할것 같지만 막상 들어가 살면 벽간소음 층간소음 개 쓰레기 매물",2026-09-11T17:16:37Z,0,0,2026-09-19T06:33:44.893221+00:00
g4h29mJufpc,Ugx9icUiw1HFvhaiXvN4AaABAg,1인가구는 그냥 들러리~~~ 걍 해지,2026-09-11T17:13:40Z,0,0,2026-09-19T06:33:44.893221+00:00
g4h29mJufpc,UgxvC3A2PLvlAnq1iqV4AaABAg,2023년 청약해지하고 비트코인사서 3배가되었네요,2026-09-11T17:13:01Z,0,0,2026-09-19T06:33:44.893221+00:00
g4h29mJufpc,UgwtqMQDkCLXuAPDgrV4AaABAg,"청약가점을 작정하고 설계해서 고점 받는 사람을 무슨수로 이기나?
저기도 꾼들이 설치는 판이다.

요즘은 정신병원 이력도 나중에 써먹는다면서 일부러 만드는놈들이 있는 시대다.",2026-09-11T17:11:18Z,0,0,2026-09-19T06:33:44.893221+00:00
g4h29mJufpc,Ugw8VNRkutoWwnv2_fF4AaABAg,"일단 주변의 아파트 시세를 보라. 제일 바닥으로 깔고가는거 아니면 왠만한게 6억이 넘는다..
이지랄인데 먼 청약이냐.",2026-09-11T16:58:39Z,0,0,2026-09-19T06:33:44.893221+00:00
g4h29mJufpc,UgzSaceKhy9VWFzDo154AaABAg,부양가족 덕지 덕지 안붙이면 컷 근처도 못가요. 1인이면 청약당첨 꿈도 꾸지 마세요.,2026-09-11T16:56:40Z,0,0,2026-09-19T06:33:44.893221+00:00
g4h29mJufpc,UgwEtb4ATR-zqZdfpR14AaABAg,"저도 청약을 넣고 있습니다.
넣는 이유는.. '언젠가 좋아지겠지' 라는 막연한 기대 하나 뿐입니다.

지금 상황에선 쓸모없다고 느끼고 있지만, 미래에 혹여나 후회할 일 만들지 않도록 억지로 유지하고 있는 상황 그 이상 그 이하도 아닙니다.

좋은 방법을 찾았으면 하네요..",2026-09-11T16:55:31Z,1,0,2026-09-19T06:33:44.893221+00:00
g4h29mJufpc,Ugwm4RL3NPQ7_h3u4B14AaABAg,삼성경제연구소에서 앞으로 70% 이상 집값 하락한다는데 굳이 들 필요가 없긴하지,2026-09-11T16:55:19Z,0,0,2026-09-19T06:33:44.893221+00:00
g4h29mJufpc,UgxoeNkfSV53h7ixTK14AaABAg,"대한민국은 부동산 때문에 망해간다
 민주당은 집들고 있다가 정권잡으면 온갖 규제 걸어서 폭등시켜서
시세차익 챙기고 더불어가 아님",2026-09-11T16:54:21Z,1,0,2026-09-19T06:33:44.893221+00:00
g4h29mJufpc,UgzhB0b5fgnL1awolW54AaABAg,계층 사다리란 모든 사다리를 문재인 정권때 다 무너트림 청약가점제를 건드니 청약이 당첨이 안됨,2026-09-11T16:54:02Z,0,0,2026-09-19T06:33:44.893221+00:00
g4h29mJufpc,UgwRgdYSDW3PXA_1Kzd4AaABAg,그래도 lh나 sh 임대 당첨되려면 청약필요하니 소액이라도 넣으세요 ㅠㅠ,2026-09-11T16:42:18Z,1,3,2026-09-19T06:33:44.893221+00:00
g4h29mJufpc,Ugzn9RfDSADIO2Z5jYh4AaABAg,소득조건 오버로 제대로 청약 되는곳도 없어서 걍 해지하고 매매함 ㅎㅎㅎㅎㅎㅎ 수도권 아파트 분양가 7억이상인데 청약 대상 보면 절대 그 소득수준으로 제대로 가계 유지가 불가능할 수준인데 참 어이가 없음ㅋㅋㅋㅋㅋㅋㅋㅋ,2026-09-11T16:38:14Z,0,0,2026-09-19T06:33:44.893221+00:00
g4h29mJufpc,Ugy0jBHEKaUCqUfLIal4AaABAg,그 목표도 보여야 희망이 생기지.. 너무나 먼 곳에 있으면 생각도 안남...,2026-09-11T16:36:20Z,0,0,2026-09-19T06:33:44.893221+00:00
g4h29mJufpc,Ugye5WzR2ofWtiNxSgx4AaABAg,정부에서 자꾸 돈 쳐뿌리니 물가 올라가는걸 생각해야됩니다 2030 여러분 !!!!! 누리는건 5060이 누리고 나중엔 우리가 갚아야 됩니다,2026-09-11T16:33:08Z,0,0,2026-09-19T06:33:44.893221+00:00
g4h29mJufpc,UgxNkNriEo4lo8-Tf4t4AaABAg,"애초에 집 살 생각도 없었고 살 돈도 없고
걍 최저 2만원씩 넣으면서 임대아파트 들어가는거지 뭐 ㅋㅋㅋㅋ
임대는 금액보단 횟수가점이니까 지금은 부모님이랑 살아도 결국 나 혼자 살아야 할 시간은 반드시 찾아오니 국민임대나 공공임대 노려야지",2026-09-11T16:33:02Z,1,0,2026-09-19T06:33:44.893221+00:00
g4h29mJufpc,Ugy-uaiPDYeHIuTWEa54AaABAg,"당첨되도 돈이없어서 못사는데 진짜 신청할려다가도 쓸모가 없음 

어짜피 안해주지만 민약 대출이 되어도 대출 10억하면 이자는? 돈벌어서 이자만 내라고? 의미가 없어진거지",2026-09-11T16:29:08Z,0,0,2026-09-19T06:33:44.893221+00:00
g4h29mJufpc,UgyJ9mWQLB-qf-8IkyV4AaABAg,10억짜리 분양가의 10% 계약금 낼 돈도 없자너.,2026-09-11T16:29:00Z,0,0,2026-09-19T06:33:44.893221+00:00
g4h29mJufpc,Ugy1xD3QCyGhtjXHDA54AaABAg,디딤돌 금리 낮출 수 있어서 좋더 했더니 해약도 못하고 중도 해약도 안 됨... 그거 집살라고 모아놓은 돈인건데 집 살때 못쓰게함.. 해약하면 금리 인하도 없어짐 ㅋㅋㅋㅋㅋ 걍 집 살때 청약통장은 금리 인하 없다고 생각하면 됨,2026-09-11T16:27:19Z,0,0,2026-09-19T06:33:44.893221+00:00
g4h29mJufpc,UgzYKqqhkEYFHtx-5d54AaABAg,"저런 가점제 방식에서 당첨되는 사람들은 대부분 나이 많은 사람들임. 모은 돈이 많은 노인들에게 더 많은 부를 몰아 주는 시스템인 거임.
지금 저출산의 원인 중 가장 큰 것이, 젊은 층이 집을 구할 기회가 없어서 결혼을 포기하는 상황인데, 그걸 더 가속화 시키는 구조인 거지.",2026-09-11T16:27:05Z,1,0,2026-09-19T06:33:44.893221+00:00
g4h29mJufpc,UgydVaTRr9XA3KCooOF4AaABAg,의미없다,2026-09-11T16:26:04Z,0,0,2026-09-19T06:33:44.893221+00:00
g4h29mJufpc,UgxOdMP2RhTzSjuVJyJ4AaABAg,"나도 깨고 주식 ETF에 묻어버렸음.
코스피랑 S&P500은 시간이 지나면 오르지만, 내가 내집 장만할 확률은 그만큼 안 오를 거 같아서.",2026-09-11T16:24:19Z,0,0,2026-09-19T06:33:44.893221+00:00
g4h29mJufpc,UgwUmPFFZpAqZ_ckVXN4AaABAg,"주택청약 따위 없어도 잘 살아가면 되죠.
그렇지 않습니까?",2026-09-11T16:22:27Z,0,0,2026-09-19T06:33:44.893221+00:00
g4h29mJufpc,UgwVU2dD11oLRSX4AYh4AaABAg,난 그냥 디딤돌 우대이율 용도,2026-09-11T16:15:21Z,0,0,2026-09-19T06:33:44.893221+00:00
g4h29mJufpc,UgzApCihiRfunqOtJlN4AaABAg,"공부해서 대학가서 취직해봤자 팔자 못핀다. 음지에서 일하던지, 개거품 물 생각하고 사업 악착같이 해서 성공하던지, 금수저로 태어나던지,  로또 1등 되던지  이거 아니면 그냥 서울,경기 아파트는 꿈도 꾸지 말자",2026-09-11T16:14:56Z,1,0,2026-09-19T06:33:44.893221+00:00
g4h29mJufpc,Ugy9DaynamGdIAGQI-p4AaABAg,영국은 연봉의 4.5배까지 대출해줘서 커플이면 나쁘지않은대 한국 대출한도 이상함,2026-09-11T16:12:18Z,0,0,2026-09-19T06:33:44.893221+00:00
g4h29mJufpc,UgxHlXEz-SL3Gts_EGl4AaABAg,ㅋ 예금이 줄어 기금이 줄어들고 디딤돌 대출이 줄기 전에 디딤돌 대출 상한액으로 살 수 있는 집이 몇 개나 있나요?,2026-09-11T16:12:16Z,0,0,2026-09-19T06:33:44.893221+00:00
g4h29mJufpc,UgxDF9R0Qu3HPJatOs54AaABAg,이미 사다리는 썩어서 무너졌다는거네,2026-09-11T16:12:14Z,0,0,2026-09-19T06:33:44.893221+00:00
g4h29mJufpc,UgxfX0n05I9DqYdGsyp4AaABAg,청약을 해도 비싸서 못사니 결국 다 탈락하고 돈 있는 사람만 받아가겠네..,2026-09-11T16:12:07Z,0,0,2026-09-19T06:33:44.893221+00:00
g4h29mJufpc,UgxX-eEeCVd5wInTIrB4AaABAg,"신혼부부 임대주택 같은거도 청약 만점이면 뭐함? 
한부모.수급자들 껴넣어서 이름은 신혼부부.신생아 임대주택이지만 좋은집들은 한부모.수급자들이 싹 쓸어가고 신혼부부는 제일 안좋은집 아니면 순위권 밖 광탈임 

그냥 필요가없음 결혼하면 혼인신고 하지마시고 애 낳으면 한부모로 사세요

그게 더 혜택이 좋습니다.",2026-09-11T16:12:00Z,0,0,2026-09-19T06:33:44.893221+00:00
g4h29mJufpc,Ugxjob3muSQvbltdUl14AaABAg,"지방은 아파트 분양 받으면 몇년 뒤에 가격 내려서 오히려 받는게 손해더라
수도권은 돈이 없어서 못사고 지방은 돈은 있는데 사는 순간 돈 잃음",2026-09-11T16:11:32Z,1,0,2026-09-19T06:33:44.893221+00:00
g4h29mJufpc,UgzVVzVdDydnBrR_Vcl4AaABAg,1인가구 쓸모없는 제도,2026-09-11T16:10:07Z,0,0,2026-09-19T06:33:44.893221+00:00
g4h29mJufpc,UgwKjyz_j6NWFPBf94V4AaABAg,새로 생긴 청년아파트만 봐도 1인 가구층은 방 개좁아터지고 부부 층도 딱히 좋아보이지도 않음 ㅠ 강아지 키우는 1인 가구는 청약통장 쓸모 하나도 없음...,2026-09-11T16:05:21Z,0,0,2026-09-19T06:33:44.893221+00:00
g4h29mJufpc,UgzJ7T85VYjLYKzEMZd4AaABAg,"집값 자체를 낮추면 투기성 집구매랑 갭투기랑 주택난이랑 싹다 잡을수 있는데~
절대로 안하쥬?",2026-09-11T16:02:16Z,0,0,2026-09-19T06:33:44.893221+00:00
g4h29mJufpc,UgzzPLH3l49dPkl4zDt4AaABAg,"15년 이상 넣은 30대 후반 미만 현재 10, 20대는 할 이유가 없긴함..
12억 짜리 사는데 6억 대출 나온다 치고 6억 모을수 있으면 하고..",2026-09-11T16:00:31Z,0,0,2026-09-19T06:33:44.893221+00:00
g4h29mJufpc,UgwgNJztAOD8l9_8EJd4AaABAg,층간소음아파트 순살아파트 30년이면 재건축해야 하는 아파트 너나 사라!,2026-09-11T15:59:43Z,0,0,2026-09-19T06:33:44.893221+00:00
g4h29mJufpc,UgwZnNpky2S__kMLCDN4AaABAg,그레이트 리셋 한번 가야한다,2026-09-11T15:55:33Z,0,0,2026-09-19T06:33:44.893221+00:00
g4h29mJufpc,Ugx6Oa7bUiWjV144wOh4AaABAg,"대한민국이 무엇을, 어떻게 해야 덜 힘든 세상이 될 수 있을까?",2026-09-11T15:54:52Z,0,0,2026-09-19T06:33:44.893221+00:00
g4h29mJufpc,UgwQXJum6WyLGWl-pmF4AaABAg,주담대 6억 정책은 진짜 잼통식 사다리 걷어차기 아니냐?,2026-09-11T15:53:08Z,2,0,2026-09-19T06:33:44.893221+00:00
g4h29mJufpc,UgxVRu5DDlE3-7oz-pd4AaABAg,"기득권들의 욕심때문이지 부동산으로 불로소득처럼 편하게 벌려고 하니 집살려는 수요는 폭증하고 실제 필요한사람들은 평생모아도 못살가격으로 만들어버림
현실적으로 10억짜리 아파트살려면 본인 돈 최소 4억은 있어야되고 사회초년생이 4억을 모으려면 20년은 걸리는데 그조차도 남은평생 6억대출+불어난이자 갚으며 살아야됨 지방도 이미 신축은 6억스타트이고 이미 재개발 재건축은 높은건축비때문에 오히려 마이너스고 점점더 사람들은 주거비에 더 몰빵해야되는 악순환임 부동산가격이 적정가여야 재개발 재건축도 활성화되고 건설산업도 살고 하는데 주거쪽으로는 전세계적으로 폭망한케이스임 현재 대만도 이문제로 난리도아님",2026-09-11T15:50:08Z,0,0,2026-09-19T06:33:44.893221+00:00
g4h29mJufpc,UgzPrWEAUd-ALMgbrqB4AaABAg,분양가가 몇년사이에 두배가까이올랐는데 그냥 코로나전에 집산사람돈벌었지,2026-09-11T15:48:38Z,0,0,2026-09-19T06:33:44.893221+00:00
g4h29mJufpc,Ugx-WyvvGuyR7ZOuu-R4AaABAg,당첨이 되야;;,2026-09-11T15:48:36Z,0,0,2026-09-19T06:33:44.893221+00:00
g4h29mJufpc,UgxnIH5viRlnBnQQ5Qt4AaABAg,많이 넣을 필요도 없음. 분양 자체도 별루 없는데 물량은 죄다 특공에 일반분양하려면 답도 없음.,2026-09-11T15:44:56Z,1,0,2026-09-19T06:33:44.893221+00:00
g4h29mJufpc,Ugy3cIpur9tx38dP3Z54AaABAg,오래전 20년간 유지하던 청약 저축을 연봉이 7천만 원으로 오른 해 바로 해지했음. 청약 저축을 유지하던 유일한 이유가 연말 정산인데 연봉 7천만 원을 오르면서 그 유일한 이유마저 사라져버림. 혼자 하는 부양가족 없는 솔로에겐 당첨 가능성 거의 제로였음. 특히 중간에 무슨 특별 가점을 주는 항목들이 계속 들어오냐 짜증나게...,2026-09-11T15:44:34Z,2,0,2026-09-19T06:33:44.893221+00:00
g4h29mJufpc,UgyppLaBqv1OwBCJAP94AaABAg,"걍 그놈의 땅값 타령만 안하면 됨.
공산주의가 왜 나오는지 알아? 지금처럼 극에 달한 자본주의가 일반인이 감당할 수 없는 범위까지 올라갔을때 공산주의가 나오는거야.

진짜 별거 없어. 그냥 정부에서 전국 땅값 다 통제하고 아파트 건축가격만 가격에 넣으면 바로 집값 잡힘.
근데 안하지? 왜 안할까? 
뭐긴 뭐야 그렇게 잡으면 이 나라가 빨갱이국가냐고 개거품무는 집주인들 때문이지.

그러니 집값이 20억이든 30억이든 50억이든 냅둬버려. 그리고 걍 혼자살아서 인구수 대폭락하면 50억짜리 대출 물고 있던 집주인이 구매자가 없어서 빚더미에 깔려 죽고
주인 없는 집이 미친듯이 쏟아져 나올테니 그때까지 걍 냅둬",2026-09-11T15:43:33Z,0,0,2026-09-19T06:33:44.893221+00:00
g4h29mJufpc,UgyFQkKEW_dR14Tkt0R4AaABAg,"굳이 붙잡을 필요가 있을까? 
그냥 각자 가고 싶은대로 가면 되지. 
그렇다고 가점제를 바꿔버리면 
오히려 기존 가입자가 이탈할껄?",2026-09-11T15:41:15Z,1,0,2026-09-19T06:33:44.893221+00:00
g4h29mJufpc,Ugy89-JClLBoPab0ru14AaABAg,비상금용으로 매달 조금씩 넣고 유지중 2000돌파,2026-09-11T15:39:38Z,0,0,2026-09-19T06:33:44.893221+00:00
g4h29mJufpc,UgwUHVX93HSEzbHoNj54AaABAg,서울에 집 사고 싶다는 1인가구 징징 레파토리는 이제 좀 빼자. 당연히 애 있는 사람이나 애 낳을 가능성 더 높은 기혼자부터 챙겨주는게 맞지 뭔.,2026-09-11T15:37:29Z,1,0,2026-09-19T06:33:44.893221+00:00
g4h29mJufpc,UgxbLjPhdGkKavga9Tp4AaABAg,소득조건은 연 3600미만인데 분양가는 수억단위 ㅋㅋ,2026-09-11T15:37:20Z,0,0,2026-09-19T06:33:44.893221+00:00
g4h29mJufpc,UgyUSGMgloaFE_bUWaR4AaABAg,"이런 상황에 빠지는 사람들은 빠질거고, 언젠가는 기회는 온다.
주택청약만큼 나라에서 집 사는데 도움주는 혜택 없다.
주식으로 더 벌어서 집 사겠다 ? 이것도 어불성설임.
결국 집 못살거같으니 그냥 푼돈 조금이라도 더 벌어보겠다는 발악임.

차라리 투잡 뛰어서라도 주택청약은 넣고 다른 수입원으로 투자해라.

장담한다. 이렇게 유행타서 빠지면 남은 사람들에게 혜택 존나 크게 온다
크게 대한민국이다 ㅋㅋ",2026-09-11T15:35:42Z,0,0,2026-09-19T06:33:44.893221+00:00
g4h29mJufpc,UgzitDCWCl7FdbbYPoV4AaABAg,"그 와중에 이번 대통령은 1주택자(신규청약당첨자) 까지도 적폐로 보고, 임대만 늘리고 있으니 ㅋㅋㅋㅋ 답이 없지 ㅋ",2026-09-11T15:33:42Z,0,0,2026-09-19T06:33:44.893221+00:00
g4h29mJufpc,Ugw8vVpekOV6cgdGhBt4AaABAg,정책이 바껴서 언제 어떻게 쓸수있을줄 알고 해지를 하나..차라리  월 넣는 금액 낮추는게 좋지 않나,2026-09-11T15:33:39Z,0,0,2026-09-19T06:33:44.893221+00:00
g4h29mJufpc,Ugynb6YC857QxBQX5TB4AaABAg,뭣같은 제도야,2026-09-11T15:32:17Z,0,0,2026-09-19T06:33:44.893221+00:00
g4h29mJufpc,UgzoavLM2u1gUi9rs2B4AaABAg,신축 7억짜리인데 물세고 하자가 몇십개임 후분양해라,2026-09-11T15:30:57Z,0,0,2026-09-19T06:33:44.893221+00:00
g4h29mJufpc,Ugx9yV70R4fn91lxil94AaABAg,"갈수록 신축 복불복 심해지는것도 한몫하지
최근 5년에 만들어진 아파트는...",2026-09-11T15:29:11Z,0,0,2026-09-19T06:33:44.893221+00:00
g4h29mJufpc,Ugy99zCYQjL_PaNwUUl4AaABAg,"최근 신축일수록 건출 개판에 순살 아파트니 뭐니 말도 나오고, 당첨이 안 될 뿐더러 당첨이 되어도 돈이 없고, 그 많은 금액을 대출을 받아도 문제야, 평생 대출 갚다가 숨지겠군",2026-09-11T15:29:00Z,3,0,2026-09-19T06:33:44.893221+00:00
g4h29mJufpc,UgzZBIpOrjdRIUwW5Hp4AaABAg,지들이 정책 ㅈ말아먹었으니 해지하지 연금도 해지하고싶어 죽겠구만,2026-09-11T15:27:33Z,0,0,2026-09-19T06:33:44.893221+00:00
g4h29mJufpc,Ugy8IFn-uOFX8Hspkf94AaABAg,걍 1차원적으로 3억대가 일반인기준 마지노선이니까 그렇지 뭐,2026-09-11T15:21:42Z,0,0,2026-09-19T06:33:44.893221+00:00
g4h29mJufpc,UgyPdYPritz85U_KVFd4AaABAg,괜찮은 조건은 나 신혼부부임,2026-09-11T15:21:34Z,0,0,2026-09-19T06:33:44.893221+00:00
g4h29mJufpc,Ugy99MjlHkiUk_tkzH54AaABAg,"청약통장 유지할 이유가 없는 이유는..
청약통장 인정금액으로 할당된 물량은 10%도 안됨.   70%가 특별공급이고,  15%가 신생아우선공급  6%가 추첨물량.   그리고 남은 9%가 청약통장의 인정금액으로 가는거..
문제는 그 9%도 계쏙 줄어들 가능성이 크다는거... 
사실상 청약통장 인정금액으로 가는물량은.  0에 수렴함.    청약통장 열심히 넣은사람 기만하고 바보만들고있는데 해지는 당연한거 아닌가..",2026-09-11T15:20:41Z,60,0,2026-09-19T06:33:44.893221+00:00
g4h29mJufpc,UgzvD1kGQJ-fzXrwTDB4AaABAg,"그냥 정부가 정치가 무능함
뭘 위하고 뭔 샹각인지 모르겠음",2026-09-11T15:16:47Z,0,0,2026-09-19T06:33:44.893221+00:00
g4h29mJufpc,UgxWBUShhi0vDCLkTcB4AaABAg,"서울에 당첨되도 신축 세대많은 아파트는 59 타입 20ㅡ25억 시장임 ㅋㅋ
대출 2억밖에 안나오는 지금 나머지 현금마련가능한 사람이 없지
심지어 중도금으로 전세놔주는것까지 현정부가 막아버렸으니까 ㅋㅋㅋㅋㅋㅋㅋㅋㅋㅋㅋ",2026-09-11T15:16:24Z,0,0,2026-09-19T06:33:44.893221+00:00
g4h29mJufpc,UgxD3beUeGcdADEN_rp4AaABAg,"무서운건 잠재적 이탈자도 많을 것이라는 것...
나도 내년 언젠가부터 계좌 유형이 바뀌면서 금리가 연 4.5에서 연 3.1로 바뀌는데. 이 바뀐 금리가 적용되기 전 나가겠다고 생각 중임.
지금이야 뭐... 1년에 4.5면 손해난 주식보단 낫지 하는 생각에 유지하는 중이지.
아마 이렇게 금리가 유리한 구간이 지나면 떠나겠다는 생각을 하는 사람도 많을 것...",2026-09-11T15:16:02Z,0,0,2026-09-19T06:33:44.893221+00:00
g4h29mJufpc,Ugwznex6Xi5SSZf_NiZ4AaABAg,싱글 안돼 보증금 없어 대출 안돼   뭐 어떡하라는,2026-09-11T15:12:58Z,0,0,2026-09-19T06:33:44.893221+00:00
g4h29mJufpc,UgyNMgrh0BLTTpXhEdJ4AaABAg,나는 20살때부터 무주택이였는데 서른까지 10년의 세월은 쳐주지도 않고 서른부터 카운트하더라. 유지할 이유가 있냐 ㅋㅋ,2026-09-11T15:12:36Z,530,13,2026-09-19T06:33:44.893221+00:00
g4h29mJufpc,Ugx8KoyNzalpUMjF97V4AaABAg,"대출받아서 산들 뭔 의미가있냐ㅋㅋ
자본금 없으면 그냥 못사는거야ㅋㅋ",2026-09-11T15:10:03Z,0,0,2026-09-19T06:33:44.893221+00:00
g4h29mJufpc,UgwO8N4FchhtcC6rgtF4AaABAg,공급확대? ㅋㅋㅋㅋ,2026-09-11T15:09:08Z,0,0,2026-09-19T06:33:44.893221+00:00
g4h29mJufpc,UgwPiZuhFTmr8fM54Rt4AaABAg,"대출규제는 원인이 아니라 결과임. 집값이 너무올라 살수없는 지경에 이르자, 정부는 금리를 올림과 동시에 대출총량규제를 실시하였음. 이후 잃어버린 30년을 맞음-by일본. 경착륙 안시키면 이나라에 미래는 없다.",2026-09-11T15:07:11Z,0,0,2026-09-19T06:33:44.893221+00:00
g4h29mJufpc,UgwAppKHkyXt1MyOXN94AaABAg,청약 코흘린 국민 돈 가지고 장난치는 기금장사 이제는 필요가 없어 해지했네요,2026-09-11T15:07:00Z,0,0,2026-09-19T06:33:44.893221+00:00
g4h29mJufpc,UgyCYwLVoYis8notOJV4AaABAg,대출 풀어줘도 난 감당이 안된다..,2026-09-11T15:04:19Z,0,0,2026-09-19T06:33:44.893221+00:00
g4h29mJufpc,UgzAUZQ6THm48JHKWAB4AaABAg,나라가 중국공산화 진행중인데 의미 있냐?,2026-09-11T15:03:49Z,0,0,2026-09-19T06:33:44.893221+00:00
g4h29mJufpc,UgyOh-Azelmjx1ModPt4AaABAg,7억만되도 이게 감당되나? 풀다출받으면 4억9천인데 요즘 보통 60%해주던데. 4억9천해준다고해도 2억1천은 잇어야되고 뭣보다 4억9천 30년 원리금균등 하면 한달에 꽤나 나가는데.. 이러면 진짜 아파트를 투기 투자용으로 생각안하면 지불하기힘든 돈이라...,2026-09-11T15:03:21Z,0,0,2026-09-19T06:33:44.893221+00:00
g4h29mJufpc,UgywN1E6aBYBZpDeUox4AaABAg,나도 지금 납입 중지 했는데 납입 계속 안하면 불이익 생긴다고 문자? 알림? 오더라..당첨돼도 돈이 없어서 문데..ㅎ,2026-09-11T15:02:29Z,0,0,2026-09-19T06:33:44.893221+00:00
g4h29mJufpc,UgxhGyMwfZ_S6mMNlrV4AaABAg,가점 10점대로 두번 당첨됐었는데..,2026-09-11T15:01:47Z,0,0,2026-09-19T06:33:44.893221+00:00
g4h29mJufpc,UgwGuQTehUKZzxg7o6B4AaABAg,🛢️:이게 왜 니 집이야,2026-09-11T15:01:31Z,0,0,2026-09-19T06:33:44.893221+00:00
g4h29mJufpc,Ugz9Y5kj7ooO0zkD7yB4AaABAg,아 그냥 분양값을 떨구라고,2026-09-11T14:55:58Z,0,0,2026-09-19T06:33:44.893221+00:00
g4h29mJufpc,UgzBGuTuxpGyz4ICWHB4AaABAg,나도 깰까말까 고민중인데...,2026-09-11T14:54:23Z,0,0,2026-09-19T06:33:44.893221+00:00
g4h29mJufpc,UgxdWnROJTZNpcmY3kl4AaABAg,분양가만이 문제가 아님. 분상제로 평당 백만원에 준다고 해도 뭔놈의 가점이 그렇게 많은지 일반적인 사람은 당첨이 될 수가 없음. 일반공급은 수요에 비해 물량이 너무 적고.,2026-09-11T14:53:25Z,0,0,2026-09-19T06:33:44.893221+00:00
g4h29mJufpc,UgwwtZa2WfBjaTbbvc94AaABAg,"그래도 혹시 모르니까 월 2만원씩은 넣어서 유지하는게 선택지가 하나 더 생김.
나머지 금액은 실제로 청약 넣을때 한꺼번에 몰아서 넣으면 됨.",2026-09-11T14:52:09Z,0,0,2026-09-19T06:33:44.893221+00:00
g4h29mJufpc,UgyFq0Bsp2MIdDmQNbN4AaABAg,청약통장 15년 이상 넣었는데 1인가구라 당첨될 가능성이 없어서 그냥 해지할까 생각 중...,2026-09-11T14:51:10Z,0,0,2026-09-19T06:33:44.893221+00:00
g4h29mJufpc,UgxE1r9PwIiBCZsg_dN4AaABAg,난 열심히 25씩 붙는중 ㅋㅋ 다들 취소해줘서 감사합니다,2026-09-11T14:48:42Z,6,1,2026-09-19T06:33:44.893221+00:00
g4h29mJufpc,UgwlBaqlQt70Kd3B8q94AaABAg,어차피 평생 대출빚 갚느라 허덕일 거 그돈 그냥 월세 살고 그런 가구도 많아짐..,2026-09-11T14:46:03Z,0,0,2026-09-19T06:33:44.893221+00:00
g4h29mJufpc,UgzkM_TV8t4Ql1Iua0l4AaABAg,"호오...청약통장들을 해지하고있다고?
나는 해지 안해야겠다
역배 ON",2026-09-11T14:46:00Z,0,0,2026-09-19T06:33:44.893221+00:00
g4h29mJufpc,UgzhQ6LNbA50LArUM2B4AaABAg,기금 고갈 모르겠고 신축 청약가격 경기도도 미쳐돌아서 걍 경기도 구축아파트 매수 계약서 쓰자마자 해지함,2026-09-11T14:45:53Z,0,1,2026-09-19T06:33:44.893221+00:00
g4h29mJufpc,Ugy9iN3lFhqNQlcCbvl4AaABAg,청약필요없음 청년 신혼만 주니까,2026-09-11T14:40:22Z,0,0,2026-09-19T06:33:44.893221+00:00
g4h29mJufpc,Ugx_n8PFGEfUPk7G7Hd4AaABAg,"아니 그래도 있는게 좋아...현실에 맞춰 집 구매할 마음이 생기면, 생애 최초 조건 받을때도 도움 된다고-",2026-09-11T14:39:58Z,0,0,2026-09-19T06:33:44.893221+00:00
g4h29mJufpc,UgwfLYiggPbtQu9otkB4AaABAg,이자 나오잖앙,2026-09-11T14:39:06Z,0,0,2026-09-19T06:33:44.893221+00:00
g4h29mJufpc,UgwenN33xpWKpAIYcAh4AaABAg,탁상정책으로 집값올리는데 사용되는 주택도시기금에 내청약통장 돈이 들어간다고? 당장 꺠야겠네,2026-09-11T14:37:36Z,0,0,2026-09-19T06:33:44.893221+00:00
g4h29mJufpc,Ugx071d1jFLweaslW-l4AaABAg,역시 개한민국 뭐 하나 제대로 굴러가는게 단 하나도 없는 국가ㅋㅋㅋㅋ정치인들이 손대면 모든게 조져지는ㅋㅋ,2026-09-11T14:37:01Z,1,0,2026-09-19T06:33:44.893221+00:00
g4h29mJufpc,Ugyr_yhsGD6dGrJamSB4AaABAg,전문가들은 맨날 20-30이래. 지금 임대주택 나오는거 제일 많은게 청년임. 청년 혜택 없았던 40-50대들 청약이 가장 많을텐데 가장 소외함.  그리고 무슨 닭장 어쩌고 하는데 같은 평수 신축 오피스텔은 그 가격에도 못산다 20-30대들아.  주택 아니더라도 자립하는걸 도와줘야지 나오는 정책이라고는 그냥 일하지말라고 가져다 퍼줘. 그래서 세금 타령 하는 20대들이 젤 열받음.,2026-09-11T14:35:23Z,1,0,2026-09-19T06:33:44.893221+00:00
g4h29mJufpc,Ugzw9n1VOXVm2I6OHK54AaABAg,청약이란 제도의 목적은 무엇일까,2026-09-11T14:33:28Z,0,0,2026-09-19T06:33:44.893221+00:00
g4h29mJufpc,UgxPNZu-gZimN27yCIR4AaABAg,탈서울 하면 되는거 아니냐?,2026-09-11T14:32:04Z,0,0,2026-09-19T06:33:44.893221+00:00
g4h29mJufpc,UgxS-IP4RzF60BpFvK14AaABAg,청약통장 30년넘게 부었습니다. 아무짝에 필요없습니다 차라리 s&p500에 넣었으면 집한채 샀을 것입니다 ㅜㅜ,2026-09-11T14:31:49Z,0,0,2026-09-19T06:33:44.893221+00:00
g4h29mJufpc,UgwtHKQkVjIf0OYh5jB4AaABAg,고등학교때부터 지금까지 다달이 10만원씩 넣어서 1600정도 모았는데 진심 깰까 말까 고민중임. 당첨이 되면 뭐하냐고 대출한도가 안되서 들어갈수가 없는데.....,2026-09-11T14:31:38Z,0,0,2026-09-19T06:33:44.893221+00:00
g4h29mJufpc,UgzThDhv2BSjaAePj2t4AaABAg,분양가가 일반매매가가 같으면 왜하냐,2026-09-11T14:31:16Z,0,0,2026-09-19T06:33:44.893221+00:00
g4h29mJufpc,UgxBxjg3Ap-yrdOIrjR4AaABAg,"본인은 지방소도시 거주에 소득도 애매하게 높아서 임대주택도 안되고 연말정산때 소득공제인가 세액공제인가 쪼금 받는거 말고는 아무 혜택이 없음 
그래도 존버해야하는건지?",2026-09-11T14:30:50Z,0,0,2026-09-19T06:33:44.893221+00:00
g4h29mJufpc,UgwkPONa74iOXNz9QtV4AaABAg,새로 지은 아파트 비싼것도 있지만 요즘 하자가 너무 많음 그돈이면 그냥 튼튼한 구형아파트가 더 좋을 듯 그리고 장기적으로 보면 고충아파트 지분율 낮아서 재건축도 힘듬,2026-09-11T14:29:19Z,0,0,2026-09-19T06:33:44.893221+00:00
g4h29mJufpc,Ugy-C0zFOvfmfDP-vvh4AaABAg,슬픈건 돈도 없고 가점도 낮아서 해지하는 사람도 많지만 아이러니하게 수도권은 경쟁률 빡세다는게 현실 ㅠ,2026-09-11T14:28:54Z,0,0,2026-09-19T06:33:44.893221+00:00
g4h29mJufpc,UgyB7VjbsWDAjIjUxep4AaABAg,건설업과 정치를 동반한 부동산 가격을 상승시키는 요인인건가 싶기도..,2026-09-11T14:28:36Z,0,0,2026-09-19T06:33:44.893221+00:00
g4h29mJufpc,UgxuoqgtR4L3UoTuY7x4AaABAg,"일단 당첨되기 너무 어려울 뿐만 아니라 신축 겁나 비싸고, 대출도 안되고..",2026-09-11T14:27:25Z,1,0,2026-09-19T06:33:44.893221+00:00
g4h29mJufpc,UgxfZqoy6Ahe5s3YT2V4AaABAg,금리 썩을 좀 내려라,2026-09-11T14:25:14Z,0,0,2026-09-19T06:33:44.893221+00:00
g4h29mJufpc,UgyGyj8X4DtZ6ZoohSR4AaABAg,"저도 청약 유지하다 그냥 대출 받아서 집 사고 해지함. 청약 당첨은 9년동안 꿈도 못꾸고 청약 유지로 인한 혜택은 잘... 모르겠음.

디딤돌 대출 같은 대출은 결국 20대 싱글은 안받아주고.

결국 그냥 집 먼저 사고 청약은 해지해서 대출금 조기상환에나 썻음.",2026-09-11T14:24:07Z,0,0,2026-09-19T06:33:44.893221+00:00
g4h29mJufpc,Ugz4s8KLAV42x8KJgqt4AaABAg,"제발 다 깨라
나만 가지고 가야지",2026-09-11T14:23:22Z,0,0,2026-09-19T06:33:44.893221+00:00
g4h29mJufpc,UgxdndVgXpf0zOYmG8l4AaABAg,대출 풀로 받아도 아파트 못삼 근데 대출도 안돼는데 당연히 쓸모없지,2026-09-11T14:21:17Z,0,0,2026-09-19T06:33:44.893221+00:00
g4h29mJufpc,Ugz8pQQ17Dcqq4t2jdF4AaABAg,혼자 사는 독거 중년은 걍 나라에서 해주는게 없음 집사면서 뼈저리게 느낌..,2026-09-11T14:17:24Z,0,0,2026-09-19T06:33:44.893221+00:00
g4h29mJufpc,Ugw2ATseFKjS380pJ554AaABAg,"이미 안전마진이 좋은아파트
4050이쓸어갔다 ㅅㅂ
19년도 20대부터 경기도권이라도 
아파트어떻게해볼라고 ㅈㄹ싸도 점수낮아서되지도못함 40개를 넘게넣었다",2026-09-11T14:16:39Z,0,0,2026-09-19T06:33:44.893221+00:00
g4h29mJufpc,UgwDvuCRoTHYTHjqv9B4AaABAg,당첨되면 뭘하나 대출도 안되고 금액이 몇배로 올랐는데 ㅋㅋ 들고있으면 ㅄ 소리듣는거지,2026-09-11T14:15:00Z,0,0,2026-09-19T06:33:44.893221+00:00
g4h29mJufpc,Ugz0w82l8TlSWoRt2H54AaABAg,돈이 없다는데 대책이 어디있어요 나라에서 지원해주던가 돈이없는데 무슨대책…..,2026-09-11T14:12:16Z,0,0,2026-09-19T06:33:44.893221+00:00
g4h29mJufpc,UgzyKfSBXZ1vunVbaWV4AaABAg,경기도권 신축이 기본 10억으로 시작하는데..ㅋㅋㅋ 풀대출 받아도 갚을수도 없고 이자는 어떻게 할거고 영끌해서 산다고 해도 이게 오를지도 지금은 미지수고 ㅋㅋㅋ 나도 서울 살다가 쫒겨남 ㅋㅋ,2026-09-11T14:11:37Z,0,0,2026-09-19T06:33:44.893221+00:00
g4h29mJufpc,Ugw_Bw1T4FgPY6-8hGJ4AaABAg,"주택청약 백날천날 부어도, 집 값 오르는 속도가 빛의 속도라 의미가 없어짐",2026-09-11T14:09:37Z,0,0,2026-09-19T06:33:44.893221+00:00
g4h29mJufpc,UgwlGYlOj0BFy_U4MOZ4AaABAg,찡찡 좀 그만해라 청약하고  결혼하면 집이 생긴다는 생각은 그만해라,2026-09-11T14:06:51Z,0,0,2026-09-19T06:33:44.893221+00:00
g4h29mJufpc,UgyvHi1a_2K-dbyf5654AaABAg,"해지자 절반은 투기꾼
절반은 풀대출 복권당첨식 청약 노리기지 뭐
실질적으로 내 집마련인 애들은 아직도 넣고 있음",2026-09-11T14:03:13Z,0,0,2026-09-19T06:33:44.893221+00:00
g4h29mJufpc,Ugye10iTaPpn8xHa3z54AaABAg,그러니까 폐버스에서 살라고,2026-09-11T13:58:59Z,0,0,2026-09-19T06:33:44.893221+00:00
g4h29mJufpc,UgyOIWN7Go-PZujVItZ4AaABAg,신혼부부 대출도 얼마 안나온다던데.. 계약금 중도금 잔금 전부 답이 안나온다...,2026-09-11T13:58:22Z,1,0,2026-09-19T06:33:44.893221+00:00
g4h29mJufpc,UgycVopRhFi5Zt71c-R4AaABAg,아니 다들 세금 해택 안받나??,2026-09-11T13:58:21Z,0,0,2026-09-19T06:33:44.893221+00:00
g4h29mJufpc,Ugypr9cpL2IWFCaZZNF4AaABAg,청약 그래도 오래 유지해두면 해지할 때 나름 목돈 되어 있어 좋습니다.,2026-09-11T13:58:06Z,0,2,2026-09-19T06:33:44.893221+00:00
g4h29mJufpc,UgwBoSuWDG3-78mXct14AaABAg,청약통장 저점이다...ㅁ,2026-09-11T13:56:26Z,0,0,2026-09-19T06:33:44.893221+00:00
g4h29mJufpc,UgxFK1uN3Z6bUmBQzW94AaABAg,"분양가는 엄청 오르는데, 대출은 막히니 청약이 된들 현금부자만 살 수 있는거. 돈 많은 사람, 돈 많은 부모 둔 자녀 이들을 위한게 청약이다 이제.",2026-09-11T13:55:46Z,0,0,2026-09-19T06:33:44.893221+00:00
g4h29mJufpc,Ugw30r9lO3s8bdw_U4l4AaABAg,그들 만의 잔치 인데  유지 할 필요가 ?ㅋㅋㅋ정리 하자면 공공 경기역세권 예치금 2100 미만 가능성 제로에. 거기다 대출도 막히고  이 모든걸 뚫고 운좋게 당첨되도 로또 청약 아니면 . 마진율 남는것도 미비함.ㅋ,2026-09-11T13:54:35Z,0,0,2026-09-19T06:33:44.893221+00:00
g4h29mJufpc,UgxBipRQgQiE3r9HyD14AaABAg,"물고 물다 보면 결국 또 정당법 제3조. ""정당은 *수도에 소재하는* 중앙당과 (하략)""",2026-09-11T13:54:30Z,0,0,2026-09-19T06:33:44.893221+00:00
g4h29mJufpc,UgzUG_r2tjut24xdaSJ4AaABAg,"이거보면서 나도해지해야하나??  하는 바보들 잘들으시게
통장잔고좀봐라  얼마나 넣었길래 해지해지 이지랄이고?
금리 제일높게줘 뭐 아파트는 물건넜다 치자
기회에 기회가없어지는데 ㅋ
잘됀건가?
30만의 경쟁자가사라졌으니?",2026-09-11T13:53:51Z,0,0,2026-09-19T06:33:44.893221+00:00
g4h29mJufpc,UgzCL27PHqoQrjP1ugR4AaABAg,한달에 2만원씩만 내도 되는데 그리고 2년 이상은 금리도 3.1%이고 ㅎㅎ 아직 수도권 괜찮은 곳에는 청약의 기회가 있습니다. 깨지 말고 유지하세요. 그리고 2030 누가 내집 마련을 바로 서울에다 하나요. 전세살다가 결혼해서 4~6년살다가 아기 태어나면 그 떄 수준에 맞게 집을 사지 ㅎㅎ청약가입자 줄어든 것은  주식투자로 수급이 몰려 청약 가입자가 줄어든거지...,2026-09-11T13:53:50Z,1,0,2026-09-19T06:33:44.893221+00:00
g4h29mJufpc,UgzhZV0kGl6tT-fBsLR4AaABAg,해지할지 말지 고민도 필요가 없는 시기구나,2026-09-11T13:52:13Z,0,0,2026-09-19T06:33:44.893221+00:00
g4h29mJufpc,UgypZj7wzP5GgHvGvm54AaABAg,요새 수도권도 분양가가 5억이 넘더만. 월급 2백~3백으로 풀대출받아도 현금 2억 이상 있어야 하는데. 정부는 이상한데 돈 쓰지 말고 신혼부부한테 원가로 분양하고 1% 미만이자로 대출해줘,2026-09-11T13:51:49Z,0,0,2026-09-19T06:33:44.893221+00:00
g4h29mJufpc,UgzqHws8FevM_ReZO_d4AaABAg,청약깨서 주식삿다,2026-09-11T13:51:44Z,0,0,2026-09-19T06:33:44.893221+00:00
g4h29mJufpc,Ugz9DzR0X6haPLVekHh4AaABAg,해지하면 안됩니다... 만약 신생아 특례대출 받는다면 납입횟수에 따라 금리 0.3 정도인가 내려줌,2026-09-11T13:50:07Z,0,0,2026-09-19T06:33:44.893221+00:00
g4h29mJufpc,Ugz7_cdt784VnpM0vSR4AaABAg,"청약되도 빚갚느라 평생을 보내야함
부모지원없인 꿈도못꿈
차라리 그돈으로 여행다니고말지..",2026-09-11T13:50:04Z,0,0,2026-09-19T06:33:44.893221+00:00
g4h29mJufpc,UgwB9PAISkA2q_BiDSt4AaABAg,베이비붐 세대 죽어나가는 시기되면 빈집 남아돌거임,2026-09-11T13:49:16Z,0,1,2026-09-19T06:33:44.893221+00:00
g4h29mJufpc,UgwPYMQ2Y5DhuQdAt6t4AaABAg,그러니까 LH가 적당한 가격대에 지어야 하는데 이놈들이 한패여,2026-09-11T13:48:49Z,1,0,2026-09-19T06:33:44.893221+00:00
g4h29mJufpc,UgzOPLPdttxRdPTmqON4AaABAg,아 근데 집이란게 아파트 빌라 이런거는 층간소음이 심해서... 들어가도 스트레스 많이 받던데.. 아랫집이 아 저희는 새벽에 나가서 밤에 일찍자니깐 좀만 조용히 해주세요~ 이렇게 이야기 하던데..,2026-09-11T13:46:33Z,0,0,2026-09-19T06:33:44.893221+00:00
g4h29mJufpc,UgyKi6lowglYVwEc_NZ4AaABAg,대재인과 대재명의 연속 콜라보레이션,2026-09-11T13:46:25Z,0,0,2026-09-19T06:33:44.893221+00:00
g4h29mJufpc,UgzwmZ-w23sBa0ujHzl4AaABAg,국토부나 위정자들이 청약통장문제 오래전부터 알면서도 손놓고 있다.,2026-09-11T13:44:52Z,0,0,2026-09-19T06:33:44.893221+00:00
g4h29mJufpc,Ugypc7NEighOSwPp3fx4AaABAg,해약이 답이네요.  가입 기간 만을 중심으로 분양해야 차분하게 기다리면서 주거안전의 희망을  꿈 꿀수있다. 그리고 이자율을  초기 때처럼10%로 원상 복구 시켜야한다. 국민은행 1%가 뭐냐?,2026-09-11T13:42:05Z,1,1,2026-09-19T06:33:44.893221+00:00
g4h29mJufpc,UgyvadQ5anwMrYsvkg54AaABAg,"입주 분양가 허들을 낮추고 납입기간을 늘리는게
나을쑤도",2026-09-11T13:42:04Z,0,0,2026-09-19T06:33:44.893221+00:00
g4h29mJufpc,UgxS1pEgStSa6W6cIZF4AaABAg,월급은 쥐똥만큼 주는데 청약 해봤자 분양가 기본이 억 단위니 무슨 의미가 있나 싶지.,2026-09-11T13:39:05Z,0,0,2026-09-19T06:33:44.893221+00:00
g4h29mJufpc,Ugz2DeCOfjhHBpeU11d4AaABAg,분양가 내리지 않는 이상 청약통장은 의미없다,2026-09-11T13:38:43Z,1,0,2026-09-19T06:33:44.893221+00:00
g4h29mJufpc,UgzGlBRQTP7D8oXVb4Z4AaABAg,이자 받고 정리함 ㅡㅡ,2026-09-11T13:37:34Z,0,0,2026-09-19T06:33:44.893221+00:00
g4h29mJufpc,Ugwgkh7xau_MNqxdeIV4AaABAg,청약 통장 납입기간 가점 없애버리고 거의 추첨으로만하면 더 나가지 ㅋㅋㅋㅋㅋ 어차피 가산점없이 추첨 랜덤으로 돌리는데 그럼 유지하고있을 필요가더없지,2026-09-11T13:37:34Z,0,0,2026-09-19T06:33:44.893221+00:00
g4h29mJufpc,Ugyoa2toh3n8vzxgEqR4AaABAg,"추첨제도 아니고, 주공아파트 저렴하게 공급되는것도 아니고, 대출은 어차피 안나오고. 더 말할 필요가 있나?",2026-09-11T13:35:53Z,0,0,2026-09-19T06:33:44.893221+00:00
g4h29mJufpc,UgyLmhD4n9vWdbzOiTl4AaABAg,맞아 1인가구는 그돈가지고 주식사서 배당이라도 받는게 나을지경임....,2026-09-11T13:34:58Z,0,0,2026-09-19T06:33:44.893221+00:00
g4h29mJufpc,UgxWxaNJ7OiRdFDm-EF4AaABAg,"청약해서 랜덤 구매할 바에 내가 원하는 곳, 층을 직접 매매하는게 낫지",2026-09-11T13:33:26Z,88,3,2026-09-19T06:33:44.893221+00:00
g4h29mJufpc,UgzWr1MpZtwSMyZJUFV4AaABAg,분양가  너무  높아서  이득이  없음....이자도 높고..대출도  안돼....건물 부실하자 생겨봐....감당  못함.........거기에  부동산  폭락해봐.....인생이  망함...지방은   아파트가  남아돈다..분양가 이하로  얼마든지  살수 있다,2026-09-11T13:32:39Z,3,0,2026-09-19T06:33:44.893221+00:00
g4h29mJufpc,UgyOn8ySyJXUvm7dVZt4AaABAg,1인가구임.  이거 보니까 당장 해지하고 싶네 어짜피 아파트 살것도 아닌데 내돈 주택도시기금 에 도움된다니까 남만 좋은일 시키고  혜택이라고는 딸랑 연말 정산용으로 하는것 뿐인데 .. 것도 당장 해지 해야할듯 구축 빌라 샀는데 공제도 못받으면 어쩌라고,2026-09-11T13:31:50Z,0,0,2026-09-19T06:33:44.893221+00:00
g4h29mJufpc,UgyN21xoy7jrLm13OrR4AaABAg,우린 이런걸 버블이라고 부르죠 다만 요즘 정부들이 대처를 꾸준히 하니까 일본처럼 난리나지 않을뿐,2026-09-11T13:31:26Z,0,0,2026-09-19T06:33:44.893221+00:00
g4h29mJufpc,UgxBp7e-8pSKu3V2yj94AaABAg,"지역은 또 어디서 나타난 개뼉따구 같은 말도 안 되는 순화냐. 지방은 지방이지 먼 놈의 지역이요.
비수도권이라하든지, 지역이란 단여에 대체 어디에 지방이란 뜻이 있는데.",2026-09-11T13:31:25Z,0,0,2026-09-19T06:33:44.893221+00:00
g4h29mJufpc,UgxpoMTg8w2AG00pwO54AaABAg,"전1인가구인데..미칠거같아요..정말 1인시대인데 밀리니 슬퍼요..부모님 모시다가다돌아가시고. 시기를놓쳤는데..꼭이래야하나요..
정말 슬퍼요..다간병하고 놓쳤는데..법이뭐이런지",2026-09-11T13:31:24Z,0,0,2026-09-19T06:33:44.893221+00:00
g4h29mJufpc,UgwkLUmQ1HODInqCo3p4AaABAg,"어차피 청약 가점 비리가 많은데 (같이 안살면서 서류상)
차라리 100% 추첨이 공평함",2026-09-11T13:27:42Z,6,0,2026-09-19T06:33:44.893221+00:00
g4h29mJufpc,Ugz6vh0gh-jMgwBIf2t4AaABAg,"나도 깸
어차피 1인가구는 청약 될 수가 없음
청약되도 살 수 없는 가격
청약 필요없는 줍줍 아파트가 오히려 현실적으로 살 수 있는 가격대임",2026-09-11T13:26:31Z,0,0,2026-09-19T06:33:44.893221+00:00
g4h29mJufpc,UgzRrMrcAVKy_gxsXQ54AaABAg,20년간 시중은행만 배불린 대국민사기극,2026-09-11T13:26:13Z,88,2,2026-09-19T06:33:44.893221+00:00
g4h29mJufpc,UgzY6DT8DDHMXDlMpkh4AaABAg,신규주택을 짓는다 1. 옆에 아파트 거래가를 가짜로 올린다 2. 우리아파트 저거보다 더 싸다라고 시가보다 2배 높게 판다 이게 지금 일어나고 있는 현실,2026-09-11T13:24:43Z,21,0,2026-09-19T06:33:44.893221+00:00
g4h29mJufpc,UgzPOngJjDflcOS68EN4AaABAg,청약 넣을 아파트가 없는데 뭐하러 유지함. 공급이 사실상 0인데 ㅋ,2026-09-11T13:22:11Z,1,0,2026-09-19T06:33:44.893221+00:00
g4h29mJufpc,Ugz7YLO4EYJljlMqi8Z4AaABAg,"내집 마련 X 투기 O
수도권은 이제 인구 과다야.
정부는 대기업이나 중견기업 본사 지방으로 내려보내라
지방으로 옮기면 파격적으로 세금 감면해주고 하는식으로해라",2026-09-11T13:21:39Z,0,0,2026-09-19T06:33:44.893221+00:00
g4h29mJufpc,Ugy0e-9NJV-_-FuGV2d4AaABAg,"1인가구 서울,수도권 청약 당첨 되긴하는데 돈 모으는게 개빡세서 그렇지...",2026-09-11T13:20:11Z,0,0,2026-09-19T06:33:44.893221+00:00
g4h29mJufpc,UgwcDefZBEYk64DF59h4AaABAg,지방 미분양은 할인분양 사면 됨.. 먼저 사면 호갱님임..  늦게 살수록 혜택이 더 많음..,2026-09-11T13:18:33Z,0,0,2026-09-19T06:33:44.893221+00:00
g4h29mJufpc,UgzkH8Q0IMzo5e0h-5Z4AaABAg,"댓글들을 종합해보면. 결국 집값이 비싸다!
 대출을 받아도. 비싸다!",2026-09-11T13:18:17Z,0,0,2026-09-19T06:33:44.893221+00:00
g4h29mJufpc,UgxaGsViQtOM3ZjTr114AaABAg,청약 20년 넣고 3일전 청약해지 했습니다 속상하면서 후련하네요,2026-09-11T13:16:28Z,0,0,2026-09-19T06:33:44.893221+00:00
g4h29mJufpc,UgxR-U2Z5lXTZVsEKcJ4AaABAg,디딤돌 버팀목 좀 없애자,2026-09-11T13:14:14Z,0,0,2026-09-19T06:33:44.893221+00:00
g4h29mJufpc,UgyESIB1jbVTAB-yVAx4AaABAg,일단 당첨이 돼도 돈이 없네요. 대출도 대출 나름이지요😅,2026-09-11T13:13:35Z,0,0,2026-09-19T06:33:44.893221+00:00
g4h29mJufpc,UgyUezKGKEBY1-_e33x4AaABAg,그래프는 2022년부터 보여주는데... 난 이런걸 2016년부터 예상하고 있었음...,2026-09-11T13:13:28Z,0,0,2026-09-19T06:33:44.893221+00:00
g4h29mJufpc,UgwXCfiwnz-VbAZhOnh4AaABAg,"나라는 이게 진짜 큰 어폐가 뭔줄알긴아냐?
주택 당첨의 기준을 저소득일수록 확률이 높게 만든 기형적 구조라는거다
저 소득기준에 의하면 버는돈 없는 부유한집의 자제만의 기회인거다
열심히 공부하고 노력해서 얻은 평균 및 고소득의 흑수저는 추첨의 추첨제로까지 밀려나서 어림택도없는 제도라는거지
저소득이 상환 확률이 높겠냐 고소득이 높겠냐
애당초 어떤 빡대가리새끼가 이런 기준을 수립했는지 진심 뇌가 궁금하다",2026-09-11T13:13:27Z,1,0,2026-09-19T06:33:44.893221+00:00
g4h29mJufpc,UgwjdTGV_TZf9T0zAcx4AaABAg,나도 해지할가,2026-09-11T13:08:03Z,0,0,2026-09-19T06:33:44.893221+00:00
g4h29mJufpc,UgxC0z5mBThVLB593cJ4AaABAg,방금 가입,2026-09-11T13:06:56Z,0,0,2026-09-19T06:33:44.893221+00:00
g4h29mJufpc,UgwI_iCBWkkPmjHNuH14AaABAg,그래 해지해라,2026-09-11T13:06:54Z,0,0,2026-09-19T06:33:44.893221+00:00
g4h29mJufpc,UgxPIb_6Nu44nEJI1oB4AaABAg,"여기있는사람들 말로만 하지말고 다 해지해라~
 나중에 분양가 떨어지면 내가 신청하고 당첨돼서 들어갈게!",2026-09-11T13:06:36Z,0,0,2026-09-19T06:33:44.893221+00:00
g4h29mJufpc,UgwkHwm6QEs79qETm2h4AaABAg,저거 넣을 돈으로 나스닥 지수 한 주라도 더 사세요 서초강남 아파트도 살 수 있으니까,2026-09-11T13:06:04Z,0,0,2026-09-19T06:33:44.893221+00:00
g4h29mJufpc,UgzlZb-2BrQ06xjHTVx4AaABAg,괜찮은곳은 당첨도 안됨. 1인가구는 그냥 안된다고보면되고 1인되려면 60이하는 안됨. 된다해도 대출둘째치고 40대에 메이저중견이상 연봉아니면 분양값자체가 감당안됨.,2026-09-11T13:05:32Z,0,0,2026-09-19T06:33:44.893221+00:00
g4h29mJufpc,UgwyVyXWNOufjwSxN-V4AaABAg,하우스푸어들 생기겠네,2026-09-11T13:03:35Z,0,0,2026-09-19T06:33:44.893221+00:00
g4h29mJufpc,UgwDZlm9kUHxNj6o_v94AaABAg,대재인 대재명이 만든 세상,2026-09-11T13:02:58Z,0,0,2026-09-19T06:33:44.893221+00:00
g4h29mJufpc,Ugw37gd1PFV4HSE4JFh4AaABAg,집에 거품이 너무 껴서 사기가 싫타,2026-09-11T13:02:03Z,0,0,2026-09-19T06:33:44.893221+00:00
g4h29mJufpc,Ugxs__OfSofFAFoA3Ld4AaABAg,1번 찍으신분들은 다들 알고 찍으신거죠? 몰랐으면 능지검사 다시 받으시길... 민주당 정권때 항상 이렇게 폭등했음. 그 스노우볼이 이지경까지 온거다.,2026-09-11T13:00:19Z,1,1,2026-09-19T06:33:44.893221+00:00
g4h29mJufpc,UgytyoZZWbHZHsFSvnF4AaABAg,아무리 공사비가 올라도 이렇게 분양가가 오른게 말이 안됨. 건설사가 주변 시세에 맞춰서 팔아서 사람들이 청약 당첨되어 벌 돈을 인터셉트하는거같음,2026-09-11T12:59:23Z,0,0,2026-09-19T06:33:44.893221+00:00
g4h29mJufpc,UgxUuvCAeyMIS56xn7x4AaABAg,"서울 74점인데 분양가 20억이면
연봉 1억 넘어도 할 수가 없습니다",2026-09-11T12:53:48Z,124,2,2026-09-19T06:33:44.893221+00:00
g4h29mJufpc,UgwpiE2hizGX56vSoix4AaABAg,서울 1주택자 애 둘 부부인데 둘다 청약통장있는데 없애는데 나을까요? 앞으로 1주택 갈아타기만 할거라면요 가입기간은 15년 됐어요,2026-09-11T12:52:12Z,0,0,2026-09-19T06:33:44.893221+00:00
g4h29mJufpc,UgySs_v8otlrk1R9DE14AaABAg,나도... 오늘 해지했다 ㅜㅜ,2026-09-11T12:50:41Z,0,0,2026-09-19T06:33:44.893221+00:00
g4h29mJufpc,UgzvHGCWQZmkNd42Hux4AaABAg,40대도 살려줘요...,2026-09-11T12:50:20Z,0,0,2026-09-19T06:33:44.893221+00:00
g4h29mJufpc,UgzS2YXPHCNNElXUI-J4AaABAg,"많이 많이 해지해라 , 당첨되어도 주거가 목적이 아니고 가격이 별로 오르지 않아서 해지 한다고? 
그리고 추첨제도 왜 2030한테만 기회를 주나?
전 연령 공평하게 해야지
그리고 도시근로자 월평균 임금도 없애라
어릴때는 돈이 없어서 못가고 , 나이먹고는 월급많아서 못가고
어쩌라는거냐?",2026-09-11T12:49:36Z,0,0,2026-09-19T06:33:44.893221+00:00
g4h29mJufpc,UgxITzGAVF0Lu2jwO_V4AaABAg,시세차익 얻기를 어려워졌다는게 아니라 ㅋㅋ 돈이 없어서 분양가 못 맞춰요,2026-09-11T12:46:40Z,0,0,2026-09-19T06:33:44.893221+00:00
g4h29mJufpc,UgzLo4Butqyu5kzR5C94AaABAg,"멍청한 소리임..
청약정도는 들어놓는게 맞음..
나도 유주택자지만 청약은 가지고 있음..",2026-09-11T12:45:50Z,0,0,2026-09-19T06:33:44.893221+00:00
g4h29mJufpc,Ugyi5X8Lygszg3g9ABB4AaABAg,그냥 세제 혜택 때문에 넣고 있을뿐....,2026-09-11T12:45:12Z,0,0,2026-09-19T06:33:44.893221+00:00
g4h29mJufpc,Ugwnequ_W46p5zgGWvp4AaABAg,마피가 쏟아지는데 청약통장 유지할 이유가 없음 당첨되면 인생 나락 시작 됨 ㅋㅋㅋ,2026-09-11T12:44:47Z,0,0,2026-09-19T06:33:44.893221+00:00
g4h29mJufpc,Ugya5qat1WwBMUmYJRp4AaABAg,작년 10월에 해지하고 주식으로 옮김,2026-09-11T12:44:26Z,0,0,2026-09-19T06:33:44.893221+00:00
g4h29mJufpc,UgxwMjLqIVSjImX2DXN4AaABAg,시대에 맞게 이제 사라질듯 주택청약,2026-09-11T12:44:25Z,0,0,2026-09-19T06:33:44.893221+00:00
g4h29mJufpc,UgyKanOSXM_z6A9P_Bp4AaABAg,"뭐하러 해지함
2만원만 내서 유지하고 이미 많이 넣었으면 담보대출로 쓰지",2026-09-11T12:43:41Z,0,0,2026-09-19T06:33:44.893221+00:00
g4h29mJufpc,UgyUiBEN3UV3JsOQToV4AaABAg,"딜레마네… 혜택 많아져 수요 몰리면서 가점 인플레이션 되고 혜택 없으면 가입 할 필요가 없고
이런 시스템에서는 가진자가 승리할수 밖에 없다
없는 돈이라 생각하고 남들 해지할때 존버하면 결국 기회를 가져갈테니",2026-09-11T12:43:09Z,1,0,2026-09-19T06:33:44.893221+00:00
g4h29mJufpc,Ugx9-Ut-gp2yZyVqzMV4AaABAg,아니 당첨됐다한들 마련할 돈이 있어야 뭘 하지. 분양가 아무리 싸봤자6억 이따군데 ㅋㅋㅋㅋㅋ,2026-09-11T12:42:19Z,0,0,2026-09-19T06:33:44.893221+00:00
g4h29mJufpc,Ugx12LG9CX0fYseygYR4AaABAg,"청약에 당첨된 적 있음 대출끼고 뭘 하려해도 방법이 없을 것 같아 문의 해봤음 근데 상담원이 한 말이 더 가관임
??? :  그만한 돈이 없으세요? 
ㅋㅋㅋㅋㅋㅋㅋㅋㅋㅋㅋㅋㅋㅋㅋㅋㅋㅋㅋ",2026-09-11T12:41:57Z,0,0,2026-09-19T06:33:44.893221+00:00
g4h29mJufpc,UgwDPry5joMOWJJc8WF4AaABAg,아무의미가 없음 버블이 넘 심해서,2026-09-11T12:41:32Z,0,0,2026-09-19T06:33:44.893221+00:00
g4h29mJufpc,UgxAVNsZs232J8D5MKh4AaABAg,월급쟁이가 서울에 집을 산다? 청약이 되면 입주가 가능하다? 쌉소리 부모 도움없이 순수 자기돈으로 가능하다? 개소리,2026-09-11T12:41:29Z,0,0,2026-09-19T06:33:44.893221+00:00
g4h29mJufpc,UgzCq2hcEWaHaPVfIsx4AaABAg,"가점제를 없애야 됨
두번 죽었다 깨나도 60점 근처에 못감",2026-09-11T12:39:25Z,0,0,2026-09-19T06:33:44.893221+00:00
g4h29mJufpc,Ugz0Xqe4_wLIUAhbS9p4AaABAg,인구가 곧  줄ㅇㅓ들거다. 사려는사람보다 집이 넘쳐남,2026-09-11T12:38:35Z,0,0,2026-09-19T06:33:44.893221+00:00
g4h29mJufpc,Ugw90ZPGIej0EXSsDPJ4AaABAg,신혼부부인데 청약을 몇 개를 넣어도 절대 안됨 그래서 그냥 샀음 대출 심사 받고 깨버릴 거임,2026-09-11T12:36:36Z,0,0,2026-09-19T06:33:44.893221+00:00
g4h29mJufpc,Ugz_QWmFewU64tXeCqR4AaABAg,1년만에 나라를 찢어버린 찢두로 ㄷㄷ,2026-09-11T12:34:52Z,0,0,2026-09-19T06:33:44.893221+00:00
g4h29mJufpc,Ugx0CzcbjVzhpMO6LU14AaABAg,건축비 기준이 아니고 주변 시세에 맞춰서 파는데 뭐하러 삼? 싸야 사지,2026-09-11T12:34:47Z,0,0,2026-09-19T06:33:44.893221+00:00
g4h29mJufpc,Ugz4iZ6R5pyb83eafuV4AaABAg,국가가 투기를 부추기는데 젊은이들은 도데체 어떻게 살라는거냐 각자도생도 적당히 지 적어도 어느정도 삶에대한 가이드를 줘야지 ㅅㅂ 20억아파트가 무슨말이야,2026-09-11T12:34:00Z,0,0,2026-09-19T06:33:44.893221+00:00
g4h29mJufpc,Ugyibc03x1xYxfzlI7R4AaABAg,"나도 취직하고 유지는하고있는데... 결혼할생각도 없어서 가산점은 거의 최저점일꺼고  우리나라 중위소득이 270? 정도가 수두룩할텐데   혼자벌어 대출이 얼마나나오겠어요... 목돈 모으는 시간보다 부동산가격이 더 오를꺼고.. / 광주사는 동갑사촌이랑 1억 모아도 독립하기 싶지 않다고 하소연하는데 이해못하더라 그정도면 아파트 전세 가능하다고,.  수도권은 사기가판치는 빌라전세나 가능하려나",2026-09-11T12:33:57Z,0,0,2026-09-19T06:33:44.893221+00:00
g4h29mJufpc,UgxKz6ufU-fmpushf0l4AaABAg,사다리 전부 걷어 차버리고 철조망까지 쳐놨는데 다른 방법 찾아야지,2026-09-11T12:32:33Z,0,0,2026-09-19T06:33:44.893221+00:00
g4h29mJufpc,Ugw0F0lAOW2mIUhqZF54AaABAg,청약통장으로 청약하려고 무주택 유지하다가 당첨은 안되고 다른 집값은 올라서 무주택 거지를 만든 제도아님?,2026-09-11T12:32:15Z,0,0,2026-09-19T06:33:44.893221+00:00
g4h29mJufpc,Ugyh34h-Q0_GavgdXwt4AaABAg,나도 해지했는데 지금 당장 애 낳아서 가산점 받아도 점수가 비빌 수 가 없음ㅋㅋ,2026-09-11T12:31:01Z,0,0,2026-09-19T06:33:44.893221+00:00
g4h29mJufpc,UgzmayLr2MxvcfdRicJ4AaABAg,"이거 나라에서 쓰는 마통임 ㅡㅡ
걍 해지가 답",2026-09-11T12:30:42Z,0,0,2026-09-19T06:33:44.893221+00:00
g4h29mJufpc,Ugzc75B-QMnDz1slX3p4AaABAg,깬다고하면 돈필요하냐고 청약담보로 대출받으라고 한다 ㅋㅋ 어이가없음,2026-09-11T12:28:34Z,0,0,2026-09-19T06:33:44.893221+00:00
g4h29mJufpc,UgwIY0D4Vr0hlxr4w4p4AaABAg,이제 집 사려고 갖고 있는다기보다는 행복주택 신청 조건에 청약 통장 보유가 있어서 그거 때문에 그냥 2만원씩만 넣고 있어요 근데 행복주택 당첨도 안 되고 있음~~~,2026-09-11T12:27:30Z,0,0,2026-09-19T06:33:44.893221+00:00
g4h29mJufpc,UgzA-6vLp2xnRSboc454AaABAg,엥 난 4년 전에 해지했는데 다들 아직도 들고 있었음..?,2026-09-11T12:26:47Z,0,0,2026-09-19T06:33:44.893221+00:00
g4h29mJufpc,UgwMi5qs-AZmVMM1-C54AaABAg,"그나마 유지시킬려면 이자율이라도좀 높이면 가능할까도싶은데 어차피 빼서 투자하니까 이자율을 좀 많이 높여주면 음,,아닌가 ㅋㅋㅋㅋ",2026-09-11T12:26:23Z,0,0,2026-09-19T06:33:44.893221+00:00
g4h29mJufpc,UgxxTz0gH0o8CboGfCl4AaABAg,찢하는 꼬라지봐라 이건 청약통장을 의미없게 만드는거지,2026-09-11T12:26:17Z,0,0,2026-09-19T06:33:44.893221+00:00
g4h29mJufpc,UgwqzARUoMFvqBbHbnh4AaABAg,난 집 살 생각 진작에 포기해서 청약깨고 걍 차샀음 ㅋㅋ,2026-09-11T12:26:06Z,0,0,2026-09-19T06:33:44.893221+00:00
g4h29mJufpc,UgwOQL94L4t5j7x56Ah4AaABAg,"사다리 걷어차기는 역시 대 재....

(청년행복주택에 입주된 댓글입니다 🛢️)",2026-09-11T12:25:57Z,0,0,2026-09-19T06:33:44.893221+00:00
g4h29mJufpc,UgxaNWhizliUI6BPHHZ4AaABAg,"50대 이상은 그동안 로또청약 다 해
받아먹고~ ^^",2026-09-11T12:24:56Z,0,0,2026-09-19T06:33:44.893221+00:00
g4h29mJufpc,UgyDt_66WkHAsnECMg94AaABAg,민주당 해체해라,2026-09-11T12:24:44Z,0,0,2026-09-19T06:33:44.893221+00:00
g4h29mJufpc,UgyovCGAKe-jG53q1lV4AaABAg,그냥 점수 그런거 상관없이 랜덤으로 돌려라,2026-09-11T12:23:38Z,0,0,2026-09-19T06:33:44.893221+00:00
g4h29mJufpc,UgziO1gQT_QzwrF_BBl4AaABAg,이미 수도권쏠림으로 인한 각종 문제들을 해결할 골든타임은 지나간듯함. 땅덩이도 좁은 나라에서 왜 이렇게 까지 된건지.,2026-09-11T12:22:46Z,5,0,2026-09-19T06:33:44.893221+00:00
g4h29mJufpc,Ugw2DvtUACeXJqCsLSB4AaABAg,경쟁을 뚫고 얼리억세스를 했는데 하자가 존나 많고 ㅋㅋㅋ,2026-09-11T12:22:30Z,0,0,2026-09-19T06:33:44.893221+00:00
g4h29mJufpc,Ugxc9thRxE8GgIJdfHF4AaABAg,"빌라 주택을 좀 그럴 듯한 평수로 지어서 추첨제로 뿌려보는 게 좋을 것 같은데...

물론 이건 좀 근교에 위치한 부지를 확보해서 하는 게 좋을 거라고 생각하고,

일종의 장기전세 추첨으로 사용하도록 하는 방식도 좋을 거라고 생각함.

꼭 매매가 아니라 정부에서 안전한 전세를 제공한다면 매매와 같은 셈이니까 그 보증금 차원에서 돈을 돌고 돌리면 되지 않을까.",2026-09-11T12:21:03Z,3,1,2026-09-19T06:33:44.893221+00:00
g4h29mJufpc,UgxBFMAMrVn8STJdF654AaABAg,청약이 안되더라도 해지하면 원금이라도 받지 불분명한 로또는 주식이지ㅋㅋ,2026-09-11T12:19:30Z,0,0,2026-09-19T06:33:44.893221+00:00
g4h29mJufpc,Ugzr58j37Fv8GVgNNZh4AaABAg,방법: 일단 가입하고 불입하지 말 것! 몇십 년 후 필요할 시 한 번에 몰아서 넣을 것.,2026-09-11T12:17:16Z,0,0,2026-09-19T06:33:44.893221+00:00
g4h29mJufpc,Ugy_Hred7SSnJFzKU-p4AaABAg,"애초에 로또청약이라는말이 나오는것부터가 뭔가가 잘못된거 아닌가? 정부가 청약통장을 관리하는만큼 기금을 모아서 사람들이 살고싶어할만한 주택을 공급 하고, 청약통장에 일정금액이상 납입하면 입주가 가능하도록 해줘야지 
무슨 사람마다 점수를 메기고 어떤사람은 로또로 대박집 당첨되고 어떤사람은 소득이 높거나 작은 원룸 한칸을 소유한적이 있다거나 또는 싱글이라는 이유로 점수도 낮게 책정되고 돈을 넣어도 불이익을 받는 구조인데 돈을 넣고싶지가 않지.
뭔가 현실에서 뽑기게임하는 느낌인데 청약통장에 돈넣는것보다 그냥 성실하게 스스로 돈을 모아서 집사는게 더 안정적인 느낌이 드는듯.",2026-09-11T12:17:13Z,0,0,2026-09-19T06:33:44.893221+00:00
g4h29mJufpc,Ugxx91gNVr-3V09BPP14AaABAg,청약은 이제 분양받으려고 드는게아니라 공공임대 요건 채우는용도로만 가지고 있으면 됨. 함부로 깨지 마세요,2026-09-11T12:14:17Z,0,0,2026-09-19T06:33:44.893221+00:00
g4h29mJufpc,UgzCTiNCT9DO6Qne_Ax4AaABAg,청약점수 매기는거부터가 부양가족 애기몇명있는지가 들어가는게 경쟁이안되니 해약하는거지 대출금리도 비싸니 빚내는것도 매리트가없고 청년은 원룸이나 빌라에 살아라 하는거지,2026-09-11T12:12:46Z,0,0,2026-09-19T06:33:44.893221+00:00
g4h29mJufpc,Ugw_TQ9wpFiCOnJMmzp4AaABAg,나도 해지할가.. 서울은 아닌데,2026-09-11T12:11:08Z,0,0,2026-09-19T06:33:44.893221+00:00
g4h29mJufpc,Ugxdlc0c_ADXt0eFiUt4AaABAg,"아이고 ~ 의미없다.
바뀌지 않는 이상.",2026-09-11T12:10:46Z,0,0,2026-09-19T06:33:44.893221+00:00
g4h29mJufpc,Ugw_r2tG_mAcoJfJpS54AaABAg,2030만 사람이냐ㅋㅋ,2026-09-11T12:10:12Z,0,0,2026-09-19T06:33:44.893221+00:00
g4h29mJufpc,Ugz3ifai21-0NeLidJB4AaABAg,"청약은 개인에게 부담을 지우는 방식
이제까지 부동산 개발업자가 아닌 갸인에게 부담을 지워서 공급을 했으니 바뀔때가 됬죠",2026-09-11T12:07:51Z,0,0,2026-09-19T06:33:44.893221+00:00
g4h29mJufpc,UgwQWoZJvRm-pOyXe4R4AaABAg,"애초에 청약이 의미가 없습니다.
그냥 별 생각없이 과거부터 넣어온, 진짜 평탄하게 중산층 이상 잘 살던 사람들이나 유지 가능하지.
말도 안되는 소리에요. 그리고 정작 청약 당첨 된다고 해도 대출을 다 처 틀어막고, 설사 대출 이래저래해 돈 끌어모아서 집을 샀더니? 지금 정부는 집값 낮춘다고 염병 떠네?
근데 거기에 하자는 장난 아님. 이게 말이 안되는 정책임. 아니 청약 넣는 다고 해서 장기간 넣은 금액에 따라 많은 이자를 주는 것도 아니고 세재 혜택을 챙겨주는 것도 아님. 그냥 ㅅ발 돈 내놔라 새기야~ 이런 수준임.",2026-09-11T12:06:17Z,0,0,2026-09-19T06:33:44.893221+00:00
g4h29mJufpc,UgyZabKIryDfo2sJWox4AaABAg,전세대출 푸는 순간부터 이미 예견된 수순임. 예전처럼 돈모아서 살 수 있을 정도까지 떨어지지 않으면 어차피 계속 같은짓 반복임.,2026-09-11T12:05:57Z,0,0,2026-09-19T06:33:44.893221+00:00
g4h29mJufpc,UgwZmJxRkG9POl8m4pV4AaABAg,"부모로부터 약간의 지원을 받고 열심히 일하는 것 정도로는 자가, 특히 누구나 원하는 상급 지역을 자가로 마련할 수는 없습니다. 그런 유토피아는 어떤 나라, 어떤 시기에도 존재하지 않습니다.

그러니 상급지일 수록 분양주택이 아니라 기간부 임대주택 공급을 늘려야 합니다. 청년이 현실의 벽에 막혀 좌절하는 것이 아니라 열심히 노력하면 시간은 걸려도 누구나 자가를 마련할 수 있는 사다리를 만들어야 합니다.

지금 임대주택은 대부분 거주기간, 나이 등을 보는데 청약통장으로 당첨될 수 있는 주거 사다리가 될 수 있는 임대주택 공급 비중을 늘리면 됩니다. 그래야 시간을 크레딧으로 쌓는 청약통장의 쓸모도 유지됩니다.",2026-09-11T12:05:53Z,1,0,2026-09-19T06:33:44.893221+00:00
g4h29mJufpc,UgzV0zIypJAfcr7cUxl4AaABAg,충격받은게 해지하는 것보다 아직 가입하는 사람이 있다는게 더 충격이네,2026-09-11T12:04:17Z,3,0,2026-09-19T06:33:44.893221+00:00
g4h29mJufpc,Ugwf9ny6Va_TmGPi-hN4AaABAg,그냥 한탕주의 근시안 인간들이나 해지하는거지 ㅋㅋㅋㅋ 세상이 어떻게 바뀔지 모르는데 청약 해지하는게 제일 멍청한짓인데 그정도 목돈도 아까워서 해지 할 정도면 애초에 뭘해도 돈 없을 인생임 걍 인정금액 10년 넣어도  3천만원 수준인데 ㅋㅋㅋㅋ,2026-09-11T12:03:24Z,0,0,2026-09-19T06:33:44.893221+00:00
g4h29mJufpc,UgwK33xErsisEAPtKwh4AaABAg,돈을 품~ 대출이 커짐! 나라에 빚이 너무 늘어 대출이자를 올림! 대출이 줄어듦! 이게 당연한거아냐? 근데 무슨 사다리를 치웠다는둥~ 20억을 빌려서 청약하게 해달라는둥ㅋㅋㅋㅋ미쳐돌아가는 소리를 하고 있으니ㅋㅋㅋ,2026-09-11T12:01:33Z,0,0,2026-09-19T06:33:44.893221+00:00
g4h29mJufpc,UgwDVAVaXg6L0-P_uIZ4AaABAg,남들 많이 해지하고 있으니 역으로 기회가 있을 것 같아 보유 중. 무슨 수천만 원도 아니고,2026-09-11T12:01:22Z,0,0,2026-09-19T06:33:44.893221+00:00
g4h29mJufpc,Ugz9GuFGMwvOWQZ8wrd4AaABAg,"다들 해지할수록 가치가 올라감(웃음)

규제도 시장도 늘 항상 같을 수 없음
지역마다 아파트마다 조건이 달라질 수 있는데 청약통장 자체가 없다면 시도조차 못하는 수도 있고 새로운 제도가 생기면서 청약통장를 새 제도로 전환해주는 경우도 발생할 수 있음. 

사람 일 진짜 모름. 기회가 생겼을 때 최소한의 여건을 마련해 두는것을 권장함

그리고 월 2만원 청약 유지하는것도 버거울정도면 애초부터 청약통장은 의미가 없었음..",2026-09-11T12:01:08Z,0,0,2026-09-19T06:33:44.893221+00:00
g4h29mJufpc,UgxYdtS3_64TMt_C8qt4AaABAg,추첨제고 나발이고 분양가가 높아서 당첨되도 못 넣는다고~~,2026-09-11T12:01:05Z,0,0,2026-09-19T06:33:44.893221+00:00
g4h29mJufpc,UgwD6LzKq-_nBiJjIQJ4AaABAg,눈만 높아서;; 돈도 없는 2030이 신축이 왜 필요한데 구축 빌라 들어가도 충분히 먹고 사는데;;,2026-09-11T12:00:30Z,0,0,2026-09-19T06:33:44.893221+00:00
g4h29mJufpc,UgyIGLgt0zsLwW4A34p4AaABAg,나중에 급전 필요할때 깨서 쓸라고 그냥 냅두는중,2026-09-11T12:00:23Z,0,0,2026-09-19T06:33:44.893221+00:00
g4h29mJufpc,UgzU8BsKNBObzgmxj754AaABAg,전 집값내리는 방법을 알고 있습니다 대출규제 풀어버리고 아파트 신규공급 무제한 ㄱ 그러면 집값내려갑니다,2026-09-11T11:59:35Z,0,0,2026-09-19T06:33:44.893221+00:00
g4h29mJufpc,Ugy_jQXUKY6576q8e1x4AaABAg,"당장 집값 반토막 이하로 안만들면 아무짝에도 소용 없는데 뭔놈에 삽질을 자꾸 하는거냐???
거기에 대출규제로 돈 없으면 집도 못사요~
수도권과 지방 규제도 다르고 점점 고가 부동산 지역 넓어지니 규제 지역도 넓어지는 악순환만 반복되는데 해결 안할거냐?
수도권 변두리를 떠나 좀 몰리는 지역은 강남이랑 어깨 나란히 하는 지역 태반이다 ㅡ.ㅡ",2026-09-11T11:59:30Z,0,0,2026-09-19T06:33:44.893221+00:00
g4h29mJufpc,Ugxc2rXG9MMy_F75x9B4AaABAg,내가 살 집 없다며 ㅋㅋㅋㅋ,2026-09-11T11:59:06Z,0,0,2026-09-19T06:33:44.893221+00:00
g4h29mJufpc,UgxGnoHuo52i3XxRHBl4AaABAg,1인 가구 해지하삼,2026-09-11T11:59:06Z,0,0,2026-09-19T06:33:44.893221+00:00
g4h29mJufpc,Ugxg2G8L8qx-YuwWt-94AaABAg,근데 상식적으로 청약 아파트에 대한 대출은 허용해주는게 정상 아니냐?,2026-09-11T11:58:53Z,0,0,2026-09-19T06:33:44.893221+00:00
g4h29mJufpc,UgyKoypH1hmwHu8CLGF4AaABAg,빈말이 아니고 진짜 쓸데가 없음,2026-09-11T11:58:25Z,0,0,2026-09-19T06:33:44.893221+00:00
g4h29mJufpc,Ugz9L5weFFOXAZav_LV4AaABAg,청약통장에서도 등급을 나누니 문제아닌가? 공정하게 누구나 추첨제로 해야지 각자 사정으로 점수차이 나누면 그게 공정한겨?,2026-09-11T11:57:42Z,1,0,2026-09-19T06:33:44.893221+00:00
g4h29mJufpc,UgzJAPYhp18lgZNO43p4AaABAg,너무 비싸..... 어린나이에 4억6000만원 어케범?,2026-09-11T11:56:55Z,0,0,2026-09-19T06:33:44.893221+00:00
g4h29mJufpc,UgzYUiBpfEgr1dsHXnF4AaABAg,"이자도 없다고 봐야하는 청약통장...
솔직히 유지하고는 있지만...
볼 때마다 이걸 갖고 가는게 맞는건가...싶다.",2026-09-11T11:55:24Z,0,0,2026-09-19T06:33:44.893221+00:00
g4h29mJufpc,UgyIVzOyKFjobGclLvJ4AaABAg,"청년, 신혼 등 의 명칭을 가진 사람들에게 주는 것도 혜택이다. 그냥 조건 없이 뺑뺑이 돌리면 된다.",2026-09-11T11:54:44Z,0,0,2026-09-19T06:33:44.893221+00:00
g4h29mJufpc,UgxWrU4VRIufPqnyqcl4AaABAg,쓸모가없어요ㅋㅋ 당첨되고 로또됫다고들하죠? 근데 빛이 3억이상이에요 ㅎㅎ 내돈있으면 그냥 내고 들어가면되지 청약 무슨이유로 하나요? 이시국에 아무런 메리트가 없는데 그리고 내아파트아님  석열이가 규제를 많이풀어서 그만큼 아파트가 이곳저곳 엄청생겨서  그 가치가 떨어짐 로또도 아닙니다. 10년전 이면 모를까,2026-09-11T11:52:40Z,0,0,2026-09-19T06:33:44.893221+00:00
g4h29mJufpc,UgxdpsRvNCpMa6N6Lxl4AaABAg,"청약열심히했는데
시바 대출도받아야되잔아
안하는게낫지. 깨서 목돈으로썻다",2026-09-11T11:51:47Z,0,0,2026-09-19T06:33:44.893221+00:00
g4h29mJufpc,UgyUi8OaxtaAIfowsX94AaABAg,"요즘은 청년, 신혼부부....................................................................................................... 그냥 해지",2026-09-11T11:51:42Z,0,0,2026-09-19T06:33:44.893221+00:00
g4h29mJufpc,UgxASk5gP6m_JpUp11p4AaABAg,"청년의 미래가 아기가 부동산 청약 담보물도 아니고 진짜 천박한 생각 아닌가요?!

청년의 미래가 아파트 청약이어서는 안 되고, 아이가 부동산 청약을 위한 담보물이어서는 더더욱 안 됩니다. 아이를 낳아야 주거 기회가 생기는 사회가 아니라, 아이를 낳든 낳지 않든 누구나 안정적으로 살아갈 수 있는 사회를 만드는 것이 주거정책의 역할입니다",2026-09-11T11:51:08Z,0,0,2026-09-19T06:33:44.893221+00:00
g4h29mJufpc,UgyC4QZUaT_qYEMvnn54AaABAg,"20,30만의 연령의 문제가 아니라 1인가구 자체가 불리한 구조라는거지",2026-09-11T11:50:15Z,1,0,2026-09-19T06:33:44.893221+00:00
g4h29mJufpc,UgxQVPTm7swBmvL3QgB4AaABAg,계속 말도 안됨이 일어나는데 계속 묵묵히 맞고 있는 대한민국 국민 여러분 정말로 감사합니다 -국회 권려자들 일동 이왕 호구이신거 계란값 5천원 파는 소상공인 담합 하는데 눈치 없어서 잡아갈게 계속 계란 한 판 만원으로 먹어줘!,2026-09-11T11:50:06Z,0,0,2026-09-19T06:33:44.893221+00:00
g4h29mJufpc,Ugx8W9N5OLCJpPPYwZl4AaABAg,난 그냥 적금이라 생각하고 넣는중... 그래도 청년 우대면 금리도 높으니깐...,2026-09-11T11:47:55Z,0,0,2026-09-19T06:33:44.893221+00:00
g4h29mJufpc,UgxBHIlkItaAG9n4CL14AaABAg,아직도 하는 흑우읎제?,2026-09-11T11:47:32Z,0,0,2026-09-19T06:33:44.893221+00:00
g4h29mJufpc,UgxgxgtwzB0zRTlVrzh4AaABAg,"들으면 들을수록 유지할 필요가 없어보이는데?
나는 혜택 볼 기회가 없고, 모인 예금액으로 나랑 상관없는 사람들에게 혜택주며너, 대출장사까지 하는거잖아.
정기적금보다 이자 많이 주면 청약은 모르겠고 이자 받으려고 가입은 좀 할듯",2026-09-11T11:46:58Z,0,0,2026-09-19T06:33:44.893221+00:00
g4h29mJufpc,UgypbWZ4FhQcS4IwGY94AaABAg,"분양가가 너무 올라서 분양메리트가 없음..
몇년전만해도 분양가가 감당은 됫는데 지방도 기본 7-8억이니..",2026-09-11T11:46:50Z,0,2,2026-09-19T06:33:44.893221+00:00
g4h29mJufpc,UgycVa4feCq3UY5D8l14AaABAg,"이거보고 해지하는 사람 절대 없기를 바람.
일단 있어야지 참가권을 얻게됨. 
그리고 다음에 보수정권이 정권잡으면 부동산 거래 활성화 시킬 수도 있음.
그때 되면 분양권 거래 제약이 사라질 수도 있음. 
그리고 지방같은 경우, 충분히 살만한 가격대임. 
예를들어 청주 천안 아산만 하더라도 아파트가격이 6억을 안넘고 있기 때문에 충분히 살 수 있음.
청약통장 있으나 마나한 지역은 서울, 수도권, 시골촌구석 얘기임.",2026-09-11T11:46:43Z,0,0,2026-09-19T06:33:44.893221+00:00
g4h29mJufpc,Ugw34CUbPx6c8RkMzON4AaABAg,청약 당첨되도 85제곱미터가 24억5천5백만원인데 이걸 무슨수로 들어가,2026-09-11T11:45:24Z,0,0,2026-09-19T06:33:44.893221+00:00
g4h29mJufpc,Ugw2iP-KBL9sXo7Mk6V4AaABAg,조만간 전월세  청약 등장 하겟네,2026-09-11T11:44:53Z,0,0,2026-09-19T06:33:44.893221+00:00
g4h29mJufpc,UgwcTuVBI5gSHObbj214AaABAg,ㅅㅂ 망할 공공임대 신청넣어야해서 유지중이다.. 그런데 ㅅㅂ 이것도 당첨될 가망이 안보임 ㅋㅋㅋㅋ,2026-09-11T11:44:43Z,0,0,2026-09-19T06:33:44.893221+00:00
g4h29mJufpc,UgyJwY_LEI3Z1AUbtRl4AaABAg,당첨도 로똔데 분양가는 높고 대출도 안됨 지방은 청약안해도 물량넘치고   청약을 왜함,2026-09-11T11:43:43Z,1,0,2026-09-19T06:33:44.893221+00:00
g4h29mJufpc,Ugzk7li0aMYPYCyQkoF4AaABAg,"소득조건 알바생정도여야 합격인데
계약금은 연봉 7~8천은 돼야 준비할 수 있는 수준",2026-09-11T11:42:29Z,8027,93,2026-09-19T06:33:44.893221+00:00
g4h29mJufpc,Ugz0x-a35wFkc04iJ014AaABAg,"이게 제일 ㅈ같은 것 중 하나가 또 뭐냐면, 진짜 기적이 일어나서 혜택이 엄청나졌어.
그런데 지금 상황에서도 계속 유지했던 사람들이랑 나중에 부랴부랴 재가입했던 사람들이랑 똑같은 기준이 적용될 가능성이 매우매우매우 큼",2026-09-11T11:41:51Z,0,0,2026-09-19T06:33:44.893221+00:00
g4h29mJufpc,UgyGiFcipJIIlZu6BJl4AaABAg,빨리 깨고 도망가라는거지요?,2026-09-11T11:41:48Z,0,0,2026-09-19T06:33:44.893221+00:00
g4h29mJufpc,UgzReHxWcT_ifBQ4YYd4AaABAg,전  세계  10위권  국가에서  20.30 대가  집을  가지지?,2026-09-11T11:41:06Z,0,0,2026-09-19T06:33:44.893221+00:00
g4h29mJufpc,UgzuQ17JAYz0ceN40Lp4AaABAg,준비하시고 쏘세요 부활시켜라 공공임대 쳐 넣는거 보다 훨씬 낫다,2026-09-11T11:40:56Z,0,0,2026-09-19T06:33:44.893221+00:00
g4h29mJufpc,UgwHGBif2XJZ4Oq-_ol4AaABAg,사는것도사는거지만 월세전세 다비쌈 ㅋㅋㅋ,2026-09-11T11:40:05Z,0,0,2026-09-19T06:33:44.893221+00:00
g4h29mJufpc,Ugx_Uhq06F-bHyzrDOB4AaABAg,규제 아파트 최대가 6억밖에 안된다던데 ㅋㅋㅋ 비싼덴 꿈도 못꾸게하네,2026-09-11T11:39:38Z,0,0,2026-09-19T06:33:44.893221+00:00
g4h29mJufpc,Ugy2t1kLe5k59QVZwWN4AaABAg,1인가구는 59까지만 가능한데 쓸모가 있나,2026-09-11T11:39:20Z,0,0,2026-09-19T06:33:44.893221+00:00
g4h29mJufpc,Ugyn7q5-C6O5u-IcR-14AaABAg,부동산 측면에서 문재인이 최악이고 이를 뛰어넘을 사람이 없다 생각했는데..그냥 민주당은 전설이 맞다,2026-09-11T11:37:24Z,1,0,2026-09-19T06:33:44.893221+00:00
g4h29mJufpc,UgyfL69QjDFDVI7yaCx4AaABAg,10년 넣었는데 당첨되도 돈이 없어서 걍 적금으로 생각하고 넣고있음,2026-09-11T11:36:15Z,0,0,2026-09-19T06:33:44.893221+00:00
g4h29mJufpc,UgwgHMq9xvA1Lb34Hsx4AaABAg,분수파악 못하고 돈없는데 신축 청약 들이밀 생각을 하는 얘들이 아직도 있네... 단계별로 갈아타서 올라와야지 돈도없는데 뭔 청약이냐 ㅋ,2026-09-11T11:35:38Z,0,0,2026-09-19T06:33:44.893221+00:00
g4h29mJufpc,Ugxkey0XRmehz0x0OxF4AaABAg,동산민국... 오래 해먹었지.. 이제 거품 빠질때야 ㅋㅋㅋㅋㅋㅋ 나도 집이 있지만 ㅆ부레... 이건 좀 아닌거 같아 ㅎㅎㅎㅎㅎㅎㅎ 강제 섭종 머지 않았다니까??? ㅋㅋㅋㅋㅋㅋㅋ,2026-09-11T11:35:09Z,0,0,2026-09-19T06:33:44.893221+00:00
g4h29mJufpc,UgwPDRlyF7GexsKzbqV4AaABAg,"그냥 빚쟁이들 나랏돈으로 탕감해주는것부터 그만두고 얘기하라고. 나라에 돈이 없다면서 빚쟁이들 돈을 성실하게 갚아나가는 사람들이나 빚 없던 사람들이 내는 세금으로 탕감해주면 누가 성실하게 근로해서 세금낼 생각이 들겠으며, 국가부채는 어떻게 해결할건데?",2026-09-11T11:34:32Z,0,0,2026-09-19T06:33:44.893221+00:00
g4h29mJufpc,Ugxgc0RbhBwWfnwnHO94AaABAg,"혹시 모르시면 2만원씩만 꾸준히 넣으세요
청년들 lh 임대아파트 들어갈 때 도움 될 수도 있어요",2026-09-11T11:34:05Z,0,0,2026-09-19T06:33:44.893221+00:00
g4h29mJufpc,UgwvjwUBxTir99Ssyvl4AaABAg,나라에서 집 준다고 했잖앙 ㅇㅅㅇ,2026-09-11T11:32:13Z,0,0,2026-09-19T06:33:44.893221+00:00
g4h29mJufpc,UgxsXqmFVulwDxohQeh4AaABAg,대출도 못받게 했으니 서민은 어떻게 사냐,2026-09-11T11:31:05Z,2,0,2026-09-19T06:33:44.893221+00:00
g4h29mJufpc,Ugy9v6rJF2o6jGA1Tj94AaABAg,"분양,부동산 정책은 정말 손바닥 뒤집듯 바뀔수가 있어서 정작 분위기가 좋아지면 중요한 때에 아쉬울 수가 있습니다.
정말 먹고 죽을돈도 없다거나, 병원비나 등등의 사유로 목돈이 필요한게 아니라면 들고있는게 낫습니다.",2026-09-11T11:30:23Z,9,0,2026-09-19T06:33:44.893221+00:00
g4h29mJufpc,UgxRx7XL6c4B_iCBbFx4AaABAg,"일평생 돈을 모아도 살수가 없는 가격인데 어떻게 집은 사나.
대출? 누가 나한테 10억을 빌려줌?
주택 못삼 적금인데.",2026-09-11T11:30:12Z,0,0,2026-09-19T06:33:44.893221+00:00
g4h29mJufpc,UgyZsUcjBqFS1_ghEU54AaABAg,대출을 6억이나 받는다능게 더 웃기는거 아냐? 20년은 벌어도 어려운돈 아냐?,2026-09-11T11:29:35Z,0,0,2026-09-19T06:33:44.893221+00:00
g4h29mJufpc,UgzQLfC6tPPf38kQD954AaABAg,분양가부터 잡아야지 제일 집 필요한 청년들이 지금 분양가를 어떻게 감당하라는거냐,2026-09-11T11:29:16Z,0,0,2026-09-19T06:33:44.893221+00:00
g4h29mJufpc,UgyH09TvXrBdZro2Mmx4AaABAg,그건 맞음,2026-09-11T11:28:07Z,0,0,2026-09-19T06:33:44.893221+00:00
g4h29mJufpc,UgwKnwzLXWO2tR2jTJx4AaABAg,"1.신축아파트 개 비쌈, 2. 유지비 ㅈㄴ 비쌈, 3. 대출금리 ㅈㄴ 오름, 4. 신축아파트 하자보수 엄청 많음, 부실공사의 끝판왕, 5. 시공사는 하자보수 해결 안 해줌, 6. 불친절한 관리사무소, 7.  1인가구의 급증, 8. 집이 굳이 필요해? 라고 생각하는 사람들 많아짐, 9. 결혼 안 함, 10. 애 안 낳음",2026-09-11T11:27:04Z,0,0,2026-09-19T06:33:44.893221+00:00
g4h29mJufpc,UgwfW9fB2yqUzRKNO8p4AaABAg,미스터리가 돈 없으면 월세 살고 그마져도 없으면 지방 가라자나,2026-09-11T11:25:50Z,0,0,2026-09-19T06:33:44.893221+00:00
g4h29mJufpc,UgydBQvB1q_xINriegF4AaABAg,옛날에는 분양가가 집 시세보다 싸서 청약들 많이 했는데 이제는 분양가가 창렬해버려서 통장이 필요가 없음.,2026-09-11T11:25:23Z,0,0,2026-09-19T06:33:44.893221+00:00
g4h29mJufpc,UgzKqT6EfCtR9cKdshx4AaABAg,*0:42** 신규가입 그래프의 높이와 숫자가 하나도 안맞아요 수정좀*,2026-09-11T11:24:16Z,1,0,2026-09-19T06:33:44.893221+00:00
g4h29mJufpc,UgwKp0Xsx8FpxiouZwR4AaABAg,서울 수도권만 좀 벗어나도 살만한 환경이 되어야할텐데,2026-09-11T11:24:14Z,0,0,2026-09-19T06:33:44.893221+00:00
g4h29mJufpc,Ugz-7ZBxp_KnuUf2lCV4AaABAg,결혼할 환경을 만들어주는게 아니라 결혼안하면 불이익줘서 결혼할꺼란 생각이 참...,2026-09-11T11:23:27Z,1,0,2026-09-19T06:33:44.893221+00:00
g4h29mJufpc,UgwbX_-OIV9qzP-zmed4AaABAg,"유명무실해진 제도, 그냥 폐지하자.
불법, 꼼수 없이는 당첨이 불가능해진 상황이다.
당첨된 사람들 조사하면 90% 이상 당첨 취소될걸?",2026-09-11T11:23:19Z,0,0,2026-09-19T06:33:44.893221+00:00
g4h29mJufpc,UgxXJMGSOAUiGE8y4zZ4AaABAg,정부가 정책이 개판인데 싱글은 당첨되도 꿈도 꾸지 말라는 정책을 대놓고 펼치는데 왜해야함?,2026-09-11T11:23:01Z,0,0,2026-09-19T06:33:44.893221+00:00
g4h29mJufpc,UgzG7w4vRw8DK2hTE0l4AaABAg,역사는 돌고돌고 기회는 지나가면 또다시오는법인데 지금 필요없다고 해지하는 사람들이 그래서 기회를 잃지 집이 있지만 부부모두 가지고있고 없앨 생각없음,2026-09-11T11:22:45Z,0,0,2026-09-19T06:33:44.893221+00:00
g4h29mJufpc,UgwWKIMpRsqLpkfBkLd4AaABAg,감사합니다 여러분. 많이 포기해주세요.,2026-09-11T11:22:30Z,0,0,2026-09-19T06:33:44.893221+00:00
g4h29mJufpc,UgwuqALbyC_t4u4ToVZ4AaABAg,서울 아니면 청약 통장 필요 없음. 점점 1인가구 많아지는데 1인 가구는 집 살 필요가 없거든. 죽고 나서 국가에 헌납할 일 있냐.,2026-09-11T11:21:29Z,0,0,2026-09-19T06:33:44.893221+00:00
g4h29mJufpc,UgynufLjC0qlQi1iCON4AaABAg,있어도 갈수가없음대출하면 허덕이다 죽음 한번사는 인생 넘 불쌍함 내인생이 너무너무 아이들 키울수가 없음,2026-09-11T11:21:29Z,0,0,2026-09-19T06:33:44.893221+00:00
g4h29mJufpc,UgybNvHkh6rI9guCPI54AaABAg,"대출이 문제가 아님 뻥튀기된 집값이 문제임
국민평형 건축비는 2-3억 인데  아파트 가격은 10억을 넘어 버림 ㅋㅋㅋㅋ  부동산 거품이 가장 큰 문제임",2026-09-11T11:18:20Z,0,0,2026-09-19T06:33:44.893221+00:00
g4h29mJufpc,Ugy_YvmB7fNJMTSh3Qp4AaABAg,"ㅋㅋㅋㅋㅋㅋ문재앙이 해놓은 1주택마져도
거주니 비거주니로 갈라치는 지금 정부에서
무슨 희망을 보겠냐 ㅋㅋㅋㅋㅋㅋㅋ",2026-09-11T11:18:07Z,1,0,2026-09-19T06:33:44.893221+00:00
g4h29mJufpc,UgxMJ-L7nubCeM3usxp4AaABAg,청약 안할건데 근데 생애첫때 대출금리 낮출려고 이만원만 넣고잇음. 60회 넣으면 0.3p인가 0.5p 금리 낮아짐.,2026-09-11T11:17:26Z,0,0,2026-09-19T06:33:44.893221+00:00
g4h29mJufpc,UgwCIPXj-dWoqGrXDTB4AaABAg,어차피 대출도 안되고 당첨되서 대출못받아서 당첨취소하면 10년인가? 그정도당첨 절대안되니 차라리 정권 바뀐후부터 넣을듯,2026-09-11T11:16:24Z,0,0,2026-09-19T06:33:44.893221+00:00
g4h29mJufpc,Ugxx_FTK88_ZBO5JBVd4AaABAg,청약통장 열심히 부어두면 뭐하냐 특별공급으로 80~90% 일반공급에 10%인데 또 여기서 4%는 신생아 우선공급 2%는 추첨 결국 4% 물량에서 청약통장 납입금 경쟁하는데 ㅋㅋㅋ,2026-09-11T11:16:01Z,0,0,2026-09-19T06:33:44.893221+00:00
g4h29mJufpc,UgwDQziXN3ZH5M6fqSh4AaABAg,"청약이 당첨되도 집 값이 ㅈㄹ났으니 있으나 마나
그냥 월세 저렴한데 설다가 나중에 은퇴하고 지방 내려가야지",2026-09-11T11:16:00Z,0,0,2026-09-19T06:33:44.893221+00:00
g4h29mJufpc,UgwKHTFTHCvrzziZdp94AaABAg,"집값 잡겠다고 해놓고 오히려 공급줄이고 대출막고 온갖 규제로 집값 뻥튀기 하는중
당첨되면 뭐해 풀대출받아도 못사는데",2026-09-11T11:14:38Z,0,0,2026-09-19T06:33:44.893221+00:00
g4h29mJufpc,UgxKFQg2io8P1KPil3x4AaABAg,"청약 유지하면 좋은 점
1. 예금담보대출
2. 임대주택 입주 시 가점
3. 디딤돌대출 가산 금리",2026-09-11T11:14:06Z,1,0,2026-09-19T06:33:44.893221+00:00
g4h29mJufpc,UgwN3kFX4XaG23NdO0t4AaABAg,한평생 = 집?  이걸 해내는 사람 있음 ?,2026-09-11T11:13:55Z,2,0,2026-09-19T06:33:44.893221+00:00
g4h29mJufpc,UgyerpuhTy5HTNzaFnp4AaABAg,"한국 출산율 정책이 가장 쓰래기 같은 정책임.
저출산은 자유연애로 인해서 발생함.
현재 전세계에서 출산율 정상인 국가들은 다 자유연애가 불가능해서 바로바로 결혼해야하는 지역/국가들임.
한국반등은 그냥 인구구조 때문임 ""대한민국의 인구"" 검색해보면 바로 알 수 있음.
돈 없어서 결혼 못하는게 아니라 ㅋㅋㅋ
결혼 못 하는데 돈도 없는거고 ㅋㅋㅋㅋ
결혼 하는 애들이 돈내놔 하는건데 ㅋㅋㅋ
애초에 할 애들은 하기 때문에 출산율에 역효과를 주는 K 그래프 정책임 ㅋㅋㅋ",2026-09-11T11:13:46Z,5,0,2026-09-19T06:33:44.893221+00:00
g4h29mJufpc,UgxAPMHS1h1XBk0kY6l4AaABAg,"바보들, 19년에 60대가 청약 당첨됐어 ㅋ",2026-09-11T11:12:48Z,0,0,2026-09-19T06:33:44.893221+00:00
g4h29mJufpc,UgxIdBZ0letIy1GOsWN4AaABAg,청약때문에 디딤돌대출 1%때 만들었는데??ㅋ,2026-09-11T11:12:02Z,0,0,2026-09-19T06:33:44.893221+00:00
g4h29mJufpc,UgxEMOnPdQBuOnes1kJ4AaABAg,"당첨되면 뭐해? 대출 안나와. 가격 비싸. 세금 늘어나.
정부도 집갖고있으면 투기꾼이라는 프레임.",2026-09-11T11:09:44Z,0,0,2026-09-19T06:33:44.893221+00:00
g4h29mJufpc,UgwKpe36lUyM5yHbT5B4AaABAg,청약 들고있음.. 점수 확보한 사람들 대출금... 도와주는거네.. 이야..이런데 청약들까?,2026-09-11T11:09:31Z,0,0,2026-09-19T06:33:44.893221+00:00
g4h29mJufpc,UgwMXAq2J1Qfq3OCl1N4AaABAg,집을 사려고 하지말고 국민임대같은 임대아파트인 경우는 청약통장 필요한데...,2026-09-11T11:08:27Z,0,0,2026-09-19T06:33:44.893221+00:00
g4h29mJufpc,Ugxe-sCVlvE2H68Cn3F4AaABAg,"아니 우리도 4050 기성세대처럼 기회를 좀 줘라... 취업도 그렇고 진짜 말만 청년, 청년 우대 청년청년 청년을 위한 뭐 지원금 어쩌고하지 난 청년으로써 혜택 받은것도 없는데 웬 돈도 없는 기성세대들이 청년들한테만 혜택주지말란 소리 들어먹어야하는지 이해가 안감 청년이 아니고 저소득층한테만 기회주면서.. 집도 못사 진짜 어쩌라는건지 혜택받은 기성세대들이 싹다 자리 잡고있어서 그런지 청년들만 피해보는 구조같음 진짜",2026-09-11T11:07:48Z,6,0,2026-09-19T06:33:44.893221+00:00
g4h29mJufpc,UgxNDYdgFs0YXdNFj0l4AaABAg,1인가구한텐 영원히 의미 없는 제도긴 해....,2026-09-11T11:07:34Z,1317,15,2026-09-19T06:33:44.893221+00:00
g4h29mJufpc,UgyeB2RTjf81wdDxbKZ4AaABAg,지들이봐도 ㅈㄴ 메리트가 없는데 설계를 뜯어고칠생각을 ㅈ또안함ㅋㅋ,2026-09-11T11:07:34Z,0,0,2026-09-19T06:33:44.893221+00:00
g4h29mJufpc,Ugziutmopt63stDY3cJ4AaABAg,"당첨되도 = 6억 대출 받아도
6억 대출하면 1년 이자만 3000만원임.",2026-09-11T11:06:37Z,0,0,2026-09-19T06:33:44.893221+00:00
g4h29mJufpc,UgzanXCpWn-et48b9cl4AaABAg,의미가 없어졌지 ...,2026-09-11T11:06:12Z,0,0,2026-09-19T06:33:44.893221+00:00
g4h29mJufpc,UgzxLqq5WR7_omCHnU54AaABAg,나라에서 하라는 건 일단 하고 봐라 는 말도 슬슬 옛날 메타인듯,2026-09-11T11:05:08Z,0,0,2026-09-19T06:33:44.893221+00:00
g4h29mJufpc,Ugy430S7MkKdvcOlUmt4AaABAg,경매가 오히려 더 쌈…근데 회생제도 악용이 늘어남,2026-09-11T11:04:36Z,0,0,2026-09-19T06:33:44.893221+00:00
g4h29mJufpc,UgxRqse-tr-l1XX9SYJ4AaABAg,이제 나라에서 소득의 일정 비율로 강제 내게 만들듯ㅋㅋㅋㅋㅋㅋㅋ,2026-09-11T11:04:35Z,0,0,2026-09-19T06:33:44.893221+00:00
g4h29mJufpc,UgwhsJXdSjAVTvL1HFd4AaABAg,혜택을 대폭 늘려야한다 장기 저축으로 기다린사람에게 대출도 많이 해주고,2026-09-11T11:03:11Z,0,0,2026-09-19T06:33:44.893221+00:00
g4h29mJufpc,UgxwP-xOwl85nZbl4WZ4AaABAg,1인가구많아질테니 1인가구위주의정책이 필요하지 않을까요…,2026-09-11T11:00:56Z,0,0,2026-09-19T06:33:44.893221+00:00
g4h29mJufpc,UgwtPZkES1JDJ4H8diV4AaABAg,이런 뉴스나 주변에 저 소리에 속지마세요 저도 해약할까 하다가 마지막에 한번 더 해보자 했던 청약당첨되었습니다.일단 들고있으면 나중에 다양한 조건의 청약 분양에 대응할 수 있습니다. 있냐 없냐는 하늘과땅차이 꼭 보유하고 계세요.,2026-09-11T11:00:06Z,0,0,2026-09-19T06:33:44.893221+00:00
g4h29mJufpc,UgzaG2E_ZTXCd7e4QOh4AaABAg,"난 16년 부어서 2천만원이 넘는데 
청약신청해도 후순위더라 ㅅㅂ 
오랜기간 청약넣나 1~2년 넣은 사람하고 점수가 똑같던데 이게 맞음? ㅋㅋ",2026-09-11T10:57:15Z,0,0,2026-09-19T06:33:44.893221+00:00
g4h29mJufpc,UgzkB1pwcvBCed-XsK94AaABAg,"나도 결혼 생각도 없고, 당첨 가능성도 낮지. 돈도 없고.",2026-09-11T10:57:05Z,0,0,2026-09-19T06:33:44.893221+00:00
g4h29mJufpc,UgzvnWR6MErJ6K6lEbR4AaABAg,해지하길 잘햇다,2026-09-11T10:56:41Z,0,0,2026-09-19T06:33:44.893221+00:00
g4h29mJufpc,UgxV7ucNUi380VogrQZ4AaABAg,말은 청약이라 해두고 신축 아파트 값은 2자리가 기본이고 대부분 5년~ 지난 아파트 들어가야 그나마 비빌만 한데 그럴거면 멀라고 청약통장을 하냐,2026-09-11T10:55:46Z,0,0,2026-09-19T06:33:44.893221+00:00
g4h29mJufpc,UgxRLJYuiWUCxmA5EQV4AaABAg,1인 가구는 뭐 되지도 않겠더만.,2026-09-11T10:54:23Z,0,0,2026-09-19T06:33:44.893221+00:00
g4h29mJufpc,UgxgFYbJ7Gw3T3rk3HV4AaABAg,"그냥 부동산가격, 분양가가 내려가는게 제일 효과적",2026-09-11T10:54:10Z,3,0,2026-09-19T06:33:44.893221+00:00
g4h29mJufpc,Ugx9-m8-DdNSp4bUQgd4AaABAg,"분양가도 분양가고 전체인구에 절반이 혼자사는데 죄다 신혼에 부양가족있는사람만 해주는데 뭔다고 가입하냐
4400? 5~6000이 대부분이지 뭔소리야",2026-09-11T10:53:04Z,0,0,2026-09-19T06:33:44.893221+00:00
g4h29mJufpc,UgzCl46A7_m0yzLYGq54AaABAg,"청약통장 당첨되면 세금 100만원 넘게 은행에서 떼더라구요~
깜놀했다는...

1인 가구가 더 많이 느는 현실에서, 1인가구에게 당첨 조건은 아예 당첨기회 가망없는 제도. 

당첨 조건들을 수정해야하는 제도개선이필요함.

탈출자가 이렇게 많은데~
분양만 있고
공공임대를 지을 자금이 거둬들여지지 않는다면,
중하층 1인 가구들에게 청약은  아무 의미가 없다",2026-09-11T10:52:58Z,0,0,2026-09-19T06:33:44.893221+00:00
g4h29mJufpc,Ugz-ZWxhb95ESzGPIzh4AaABAg,아무리 싸도 분양가 기본 7~8억 이라 당첨되도 힘듬 😢,2026-09-11T10:51:48Z,0,0,2026-09-19T06:33:44.893221+00:00
g4h29mJufpc,UgxKSpds6M_d8D22gYh4AaABAg,"집 값을 '쳐' 낮추시라고요
언제까지 서로 탄핵 당하고 싶어서 염병 떠실거냐고요
제발 현실을 좀 봐달란 말입니다
사실상 직무 유기지 이게 뭐하자는거야",2026-09-11T10:51:19Z,0,0,2026-09-19T06:33:44.893221+00:00
g4h29mJufpc,Ugzvc5S7nDlPIh8KOeF4AaABAg,분양가가 시가랑 똑같은데 무슨소용,2026-09-11T10:50:11Z,0,0,2026-09-19T06:33:44.893221+00:00
g4h29mJufpc,Ugy8-9q1PtAuGwQRWSZ4AaABAg,진짜 저축 깨고 우량주 투자하는게 더 좋은 시대임 20년전부터 애플만 100만원식이라도 샀어봐ㅇㅇ,2026-09-11T10:49:52Z,0,0,2026-09-19T06:33:44.893221+00:00
g4h29mJufpc,Ugyjd92x449YMCQGy-t4AaABAg,ㅋㅋ 청약통장 넣을 돈으로 꾸준히 삼전을 삿더라면? 20년동안 뭐했냐 이거야~,2026-09-11T10:49:38Z,0,0,2026-09-19T06:33:44.893221+00:00
g4h29mJufpc,UgwKDJBXLbGrqEziEV54AaABAg,"사회주의자가 부동산(재산)을 가지면 자본주의자가 된다. 그러니 어떤식으로던 사람들을 가난하게 만들어라.
-칼 마르크스 공산주의 이론-",2026-09-11T10:49:37Z,0,0,2026-09-19T06:33:44.893221+00:00
g4h29mJufpc,UgwHo71QrvOu6hV0nyF4AaABAg,대출도 안되고 매매가가 너무 높음 청약통장 하나믿고 있다가는 뭣도 못함! 지식산업센터 지금 리모델링해서 언제 신혼부부 이사하긋노~~ ㅉㅉ 이번 부동산 정책도 망했다~~~,2026-09-11T10:47:41Z,0,0,2026-09-19T06:33:44.893221+00:00
g4h29mJufpc,UgypKRk8N-GS-Jz1FVN4AaABAg,제일 중요한 이야기가 없네.... 분양금이 6~9억인데 돈이 어디있어.......,2026-09-11T10:47:37Z,0,0,2026-09-19T06:33:44.893221+00:00
g4h29mJufpc,UgyewhD_Gi30HAuZPP14AaABAg,돈도 없고 어차피 당첨될 가능성도 없어서 해지했어요.,2026-09-11T10:47:18Z,0,0,2026-09-19T06:33:44.893221+00:00
g4h29mJufpc,UgwfjQOPQ2Fle7hoZpJ4AaABAg,유명무실하지..,2026-09-11T10:46:03Z,0,0,2026-09-19T06:33:44.893221+00:00
g4h29mJufpc,Ugw_t_GaQMCnS-NaerZ4AaABAg,"당첨도 ㅈ도 안되고
당첨되도 결국 남의돈 끼고 들어가야되는데
대출도 안나오는 나라에서 갖고있어봤자 의미가 없음.",2026-09-11T10:45:22Z,0,0,2026-09-19T06:33:44.893221+00:00
g4h29mJufpc,Ugy-aVro3tT6CWw4K-Z4AaABAg,청약통장 필요한 곳은 살수가 없고 살수있는 곳은 청약통장이 필요가 없구나 허허,2026-09-11T10:43:19Z,0,0,2026-09-19T06:33:44.893221+00:00
g4h29mJufpc,Ugy5lCZLaan_Q1_f3Hl4AaABAg,결론이 청약통장 납입액으로 임대아파트 지원하고 대출지원?? 미친 납입금으로 주택지어서 공급하는게 아니고 저짓꺼리 한다고?? 임대사는것들 비용을 왜내는데 혜지하는게 맞네,2026-09-11T10:43:00Z,0,0,2026-09-19T06:33:44.893221+00:00
g4h29mJufpc,UgxAl71kjbq0uJ-j5Tx4AaABAg,아직도 해지 안하고 있노ㅋ,2026-09-11T10:42:50Z,0,0,2026-09-19T06:33:44.893221+00:00
g4h29mJufpc,UgxgDkrBx8errlLv8gh4AaABAg,근데 민주당 대통령은 왜이렇게 집값을 올림?? 서민층이 지지기반이라고 서민층 많이 만드는건가?,2026-09-11T10:42:41Z,0,0,2026-09-19T06:33:44.893221+00:00
g4h29mJufpc,Ugx7VTaoSsR_iw-09Uh4AaABAg,무주택 30년 이딴걸 넣는게 말이 안되지. 주택이던 빌라는 사고 파는데 제한 없고 아파트 청약만 기준으로 해야지. 그리고 1인 가구는 좁아터진곳에서만 살아야됨??,2026-09-11T10:42:04Z,0,0,2026-09-19T06:33:44.893221+00:00
g4h29mJufpc,UgwyB0SwR8EBS0R_ZCd4AaABAg,"지방이라 청약필요없지만
오래넣으면 정책자금 대출금리 혜택있어서 놔뒀습니다
집살때 약간혜택봤고 납부기간이 길어질수록 더많이되서 십년뒤쯤 또 이사갈때 쓰려고 두는중입니다 어차피 달에 5만원만 해놔서 부담도안되기도하고요",2026-09-11T10:42:03Z,0,0,2026-09-19T06:33:44.893221+00:00
g4h29mJufpc,Ugxmfo637bloitkZY-B4AaABAg,그냥 연말정산 공제용임,2026-09-11T10:41:11Z,0,0,2026-09-19T06:33:44.893221+00:00
g4h29mJufpc,UgzIeo2S82YoJKG7vNd4AaABAg,지금 정부 하는 꼬라지 보면 공공에서 뭘 하는건 싹 다 빼면 됨. 이재명이 국내 레버리지 etf를 처만들고 투자하라고 하는 꼬라지 보면서 무슨 사설 주식 리딩방인줄 알았다. 물론 그 결과는 지수 하락폭을 키워서 손실 엔딩 ㅋㅋ,2026-09-11T10:40:57Z,1,0,2026-09-19T06:33:44.893221+00:00
g4h29mJufpc,UgyXRLe_qg_N511Ojj94AaABAg,청약할바에 snp 나스닥하는게 답,2026-09-11T10:40:56Z,0,0,2026-09-19T06:33:44.893221+00:00
g4h29mJufpc,UgxwwHBbATnV-kFP0hN4AaABAg,차피 돈도 최소만 넣어서 별타격도없다. 달에 2만원씩 4년9개월해서 109만원이다 ㅋㅋㅋ,2026-09-11T10:40:35Z,0,0,2026-09-19T06:33:44.893221+00:00
g4h29mJufpc,UgystnGElqIcWRrHkHx4AaABAg,출생률 보면 걍 존버하면 노후에 빈집 걍 살수있을 거 같음,2026-09-11T10:40:27Z,954,75,2026-09-19T06:33:44.893221+00:00
g4h29mJufpc,UgygCAjgS6z4m_3DHJZ4AaABAg,이자를 많이 주던가 ㅋㅋㅋ 주담대를 왜 내 청약통장돈으로 주냐고,2026-09-11T10:40:19Z,0,0,2026-09-19T06:33:44.893221+00:00
g4h29mJufpc,UgxQaiqaOdszphJA97B4AaABAg,건설비 공개 하고 분양가 상한제도 더 낮춰야 한다...,2026-09-11T10:40:05Z,0,0,2026-09-19T06:33:44.893221+00:00
g4h29mJufpc,UgwUe8pcCL-MmDMhhft4AaABAg,청약통장 조건 예치금이랑 납입횟수 채웠으면 더이상 납입안하고 유지만 하고 있으면 되나요?,2026-09-11T10:39:57Z,0,0,2026-09-19T06:33:44.893221+00:00
g4h29mJufpc,UgzKzbhBTLvNLpTqGr14AaABAg,난 그냥 세제혜택과 나중에 집대출받을때 있으면 이율 좀 더 할인받는다고 해서 하는중,2026-09-11T10:38:57Z,0,0,2026-09-19T06:33:44.893221+00:00
g4h29mJufpc,UgyTTYFTh2sQvuSyWTV4AaABAg,"1인 가구는 사실상 불가능
여기에 청년이니 신혼이니 죄다 그런걸로 조건을 맞추다보니 청년 나이대(39세)를 넘어가는 40대 이상 1인 가구는 당첨 확률 0%
어차피 현실적으로 가능성 없으니 해지",2026-09-11T10:38:42Z,0,0,2026-09-19T06:33:44.893221+00:00
g4h29mJufpc,UgzFEIvtjvUxnXqfKtF4AaABAg,분양가 최소가 15억이니까 목동윤슬자이 30억이더라 ㄷㄷㄷ,2026-09-11T10:38:42Z,0,0,2026-09-19T06:33:44.893221+00:00
g4h29mJufpc,UgwtP_yl5g-MJdTUhV14AaABAg,서울 국평 평균가 16억이 넘는데 대출 나온다처도 감당도안됨,2026-09-11T10:38:19Z,0,0,2026-09-19T06:33:44.893221+00:00
g4h29mJufpc,UgyumdXtLjG3SD7moWt4AaABAg,재명이가 국가를 상대로 사기를치는데 청약통장이 뭔소용이야 ㅋㅋㅋ,2026-09-11T10:38:13Z,0,0,2026-09-19T06:33:44.893221+00:00
g4h29mJufpc,Ugz64Ou-cFpgMdx_Zl54AaABAg,집값이 너무 과하게 올랐음. 말이 안됨. 그 전에도 올랐다고 생각했는데 그냥 더 올랐어 미친듯이 올라,2026-09-11T10:38:01Z,2,0,2026-09-19T06:33:44.893221+00:00
g4h29mJufpc,UgwE2FbCHE1l9Kudd_14AaABAg,국가가 애도 안낳는 국민을 우대할 필요는 없지.,2026-09-11T10:36:13Z,0,0,2026-09-19T06:33:44.893221+00:00
g4h29mJufpc,UgyK-1fJKHCLvtjrzZB4AaABAg,"논밭있고 인프라 줫도없는 아파트가 2억 3억에 지하철역이라도 끼고있으면 두배 세배에서 수십배로 올라가고
5억 10억 20억 말은 쉽지 대한민국 근로자 80%가 근무하는 중소기업 기준으로 1억 모으기도 쉽지 않음
결혼 포기하고 혼자사는 인구가 급증하는데 그 사람들은 굳이 꾸역꾸역 무리해서 아파트 들어갈 이유도 없음
가지고 있을 이유도 없고 해지할 이유도 딱히 없는 계륵이 되어버린 꼴",2026-09-11T10:34:05Z,0,0,2026-09-19T06:33:44.893221+00:00
g4h29mJufpc,UgzeYeWRAYp_rDqHuYV4AaABAg,그냥 실패한정책같아요,2026-09-11T10:33:35Z,0,0,2026-09-19T06:33:44.893221+00:00
g4h29mJufpc,UgwpV3QAHoL3XP-tR-h4AaABAg,재인했다,2026-09-11T10:31:24Z,0,0,2026-09-19T06:33:44.893221+00:00
g4h29mJufpc,UgwNWLCOeM9sbgJS-wt4AaABAg,삼전 57800원 하이닉스 198000원요..? 너무 옛날 자료 가져왔네 ..ㅠ,2026-09-11T10:31:10Z,0,0,2026-09-19T06:33:44.893221+00:00
g4h29mJufpc,Ugx_h7g8NU77Sc859Eh4AaABAg,"2030취업은 힘들어서 늦게 취업하고 
언제 돈 모아서 집을 사냐...
엄빠찬스 아닌이상 대출도 안나오는데 꿈과 같은 이야기지 그냥 돈뜯기면서 월세로 살아야지뭐...",2026-09-11T10:30:50Z,0,0,2026-09-19T06:33:44.893221+00:00
g4h29mJufpc,UgyHoucye6BpGUQ7gtV4AaABAg,"왜 신혼,청년,신생아 이딴걸로 갈라치기를 하는거야. 집없는 서민을 위한 정책이 아니었나? 그럼 오랜 무주택자 중에 중위소득 중위재산 이하인 사람중에 추첨해서 저렴하게 팔면 되잖아. 왜 결혼여부,가족수,나이 이딴걸 조건으로 거냐고.경기도 구축 18평이 1억대야.땅값이 저렴하니까 거의 건물값만 친거지.공공분양 국가땅인데 왜 저렴하게 분양못해? 나눠먹기식으로 사기업에 이권을 챙겨주니까 그렇지.그딴 포레니 캐슬이니 이름이 뭐가 중요해.차라리 고전적이고 정통성있게 ㅇㅇ주공아파트가 훨 낫지.추첨제 1순위로 무주택10년이상+중위소득이하+중위재산이하 뽑아.2순위로 8년이상+중소120%+중재120 뽑고. 3순위로 6년+140%+140%뽑고. 서민층이 중산층 되는게 나라가 잘사는거지, 중산충이 상류층 되는게 잘사는 나라가 아냐.지금정책은 후자임.",2026-09-11T10:30:50Z,0,0,2026-09-19T06:33:44.893221+00:00
g4h29mJufpc,Ugzd7hWz2bgNZJkCzC54AaABAg,거주부터 안정돼야 결혼 결심을 하게 되는 거지 결혼하라고 윽박지르다싶이 정책 펼치면 누가 결혼하고 싶겠습니까?,2026-09-11T10:30:40Z,3,0,2026-09-19T06:33:44.893221+00:00
g4h29mJufpc,Ugx9ff9VUxLYolnifNd4AaABAg,"당첨되도 분양가 감당이 되겠나? 어지간한 30대 근로소득으로는 답 안나올걸?
무리하게 계약했다 중도금대출 못받고 잔금납입 못해서 계약금 날리는 사람도 있는데?",2026-09-11T10:29:36Z,0,0,2026-09-19T06:33:44.893221+00:00
g4h29mJufpc,Ugwq8gY5SSfABGoo3r54AaABAg,2030만 있나40도 있어,2026-09-11T10:29:30Z,0,0,2026-09-19T06:33:44.893221+00:00
g4h29mJufpc,Ugz4sggCfcN4Bts1J0p4AaABAg,"어지간한 직장 재직중인 신혼부부 입장에서는 소득기준에 다 걸려서 아무런 혜택 없음
내가 누리지도 못하는 혜택 주택도시 기금에 들어가서 엄한 사람들이 혜택 누림
왜 유지함? ㅋㅋㅋ",2026-09-11T10:29:21Z,0,0,2026-09-19T06:33:44.893221+00:00
g4h29mJufpc,Ugy7jK8e8Cwj8DzV9g54AaABAg,"지방에 청약 당첨됐는데 분양가 수억원이라 감당 빡세긴함...
그나마 지방이라 규제가 덜한건지 중도금 대출까지는 나오더라고요",2026-09-11T10:29:20Z,10,0,2026-09-19T06:33:44.893221+00:00
g4h29mJufpc,Ugz1GM02SQwe6xkYYY14AaABAg,엄마가 오랜기간 넣어주셨던 청약통장...지금은 목돈이 거기 묶에있는게 아깝다... 돈 가치도 하락하고... 그 돈으로 다른데 투자하는게 낫다싶음...,2026-09-11T10:29:14Z,0,0,2026-09-19T06:33:44.893221+00:00
g4h29mJufpc,UgzyrMusO45yS3DH8c14AaABAg,청약통장 있으면 무주택자 집살때 디딤돌이나 보금자리 같은거 금리 우대는 해줌 ㅎㅎ. 근데 그거 보고 하기엔 좀.......,2026-09-11T10:28:57Z,0,0,2026-09-19T06:33:44.893221+00:00
g4h29mJufpc,UgyPxcb8lDLMurTXFlB4AaABAg,현금많은 부자 백수들만 당첨가능,2026-09-11T10:27:01Z,0,0,2026-09-19T06:33:44.893221+00:00
g4h29mJufpc,UgynrSCuC_0uxvD3_bF4AaABAg,이재명 대단하다.. 아주 한국을 조져놓는구나,2026-09-11T10:26:58Z,0,0,2026-09-19T06:33:44.893221+00:00
g4h29mJufpc,UgxkRnlhe7K4E-mbKSR4AaABAg,"청년우대형 통장 가입하면 전용대출 해준다 해서 기대했는데 6억이하 주택만 가능이래 ㅋㅋ

수도권에 6억주택도 없고, 3기 신도시에도 다 6억이상이더라. 왜만든거냐?",2026-09-11T10:26:28Z,0,0,2026-09-19T06:33:44.893221+00:00
g4h29mJufpc,UgzaoTXp9Q_g--WxoDx4AaABAg,"저도 20살부터 2만원씩 넣은 청약 8년만에 깼어요
어짜피 청약으로 집 들어갈일 절대 없을것 같고 이 돈으로 굴리는게 훨 이득일것 같더라고요",2026-09-11T10:26:00Z,0,0,2026-09-19T06:33:44.893221+00:00
g4h29mJufpc,UgyI8tHvjpnRvyLTPdt4AaABAg,사실상 행복주택 같은 공공임대 입주용,2026-09-11T10:25:37Z,1,0,2026-09-19T06:33:44.893221+00:00
g4h29mJufpc,UgxCB0KUC4xx9Fa5Ept4AaABAg,"해지하지말고 기다려요~
다시 보수 정권이 잡고 몇년에 걸쳐 정상화 시키게 기다리다보면 기회는 옵니다.",2026-09-11T10:25:29Z,0,0,2026-09-19T06:33:44.893221+00:00
g4h29mJufpc,UgxQ6C9K9QPQaZOEobp4AaABAg,이재명 문제인 레츠고,2026-09-11T10:25:24Z,0,0,2026-09-19T06:33:44.893221+00:00
g4h29mJufpc,UgwiJJegV6GduJz7yA94AaABAg,1인가구는 걍 쓸 수 없다고 보면 됨.,2026-09-11T10:25:06Z,399,21,2026-09-19T06:33:44.893221+00:00
g4h29mJufpc,UgzP__yoJLN8Iaj4epd4AaABAg,시세차익..못받아서...ㅋㅋ,2026-09-11T10:24:38Z,0,0,2026-09-19T06:33:44.893221+00:00
g4h29mJufpc,Ugx1SUrfFsNXc1CgFvh4AaABAg,진짜 좋은 방법은 지역 균형 발전임,2026-09-11T10:23:45Z,0,0,2026-09-19T06:33:44.893221+00:00
g4h29mJufpc,Ugwzn1Cow484_Bm5XKF4AaABAg,"공공임대 당첨돼서 고마움,,,,",2026-09-11T10:21:36Z,0,0,2026-09-19T06:33:44.893221+00:00
g4h29mJufpc,UgzMboZBxugbj-yS59l4AaABAg,청약 당첨되도 집값이 헉 소리를 넘어서 억 소리라 애초에 못삼 ㅋㅋ,2026-09-11T10:21:13Z,0,0,2026-09-19T06:33:44.893221+00:00
g4h29mJufpc,UgypN1Ovicrayn-L_Ht4AaABAg,돈이고....대출이고.... 시세차익이고...나발이고 뭐고.....우선 애가 셋인데도 당첨이 힘듬... 모두 랜덤하게 뽑기를 하던지.. 싱글들이나 부부만해도 거의 불가능하게 만들어놓고.. 젋은 사람들 놀리는것도 아니고..,2026-09-11T10:20:33Z,0,0,2026-09-19T06:33:44.893221+00:00
g4h29mJufpc,Ugwz8b2VJSEqeTA-l8h4AaABAg,희망이 없어,2026-09-11T10:20:29Z,0,0,2026-09-19T06:33:44.893221+00:00
g4h29mJufpc,UgyGDv9rosrykutC2Op4AaABAg,좀 알아보고 하세요.. 계약금은 당연히 마련해야 하지만 중도금 잔금  결국은 대출 나와요. 3기 신도시 용산 개발 로또의 계절이 오고 있는데 왜 지레짐작으로 포기 할려고 하는지...,2026-09-11T10:20:16Z,1,0,2026-09-19T06:33:44.893221+00:00
g4h29mJufpc,UgwNfeX1ErLiqrgPp-h4AaABAg,해지하고 집사서 계약금으로 냈음,2026-09-11T10:20:15Z,0,0,2026-09-19T06:33:44.893221+00:00
g4h29mJufpc,UgyCmHYLxvUKP0SOvHV4AaABAg,"이게 전형적인 요즘 아파트의 문제점을 아주 정확히 찝은것같음.
1.예전엔 서울이 아니어도 청약만 되면 감당 가능한 금액으로 집을사서 평생 살거나, 못해도 1~2억은 먹었음. 못먹어도 고
2. 그랬던 아파트가 이젠 밖으로 밀려나지 않는한은 개인 빚으로 감당 가능한 가격을 아주 한참 넘어섬. 특히, 주담대 6억? 최소 신축 아파트 가격이 8~10억임. 이걸 누가 감당가능함?
3.그러다보면 차라리 구축 입지좋은곳으로 눈을 돌리는거. 심지어 요즘 주식장이 금액대비 효율이 좋으니 굳이 청약에 돈을 묶을 필요가 없는것. 근데도 정부는 아직도 근본적인 원인을 못찾고있지",2026-09-11T10:20:09Z,0,0,2026-09-19T06:33:44.893221+00:00
g4h29mJufpc,UgyUlsykwbr7jCofK3Z4AaABAg,훠훠훠훠,2026-09-11T10:19:19Z,0,0,2026-09-19T06:33:44.893221+00:00
g4h29mJufpc,UgxQr-UjJx0IZuIsYxt4AaABAg,특공당첨됐는데 분양가가 주변시세보다 비싸서 대출이 안돼는게 지금세상,2026-09-11T10:16:46Z,0,0,2026-09-19T06:33:44.893221+00:00
g4h29mJufpc,UgwYIAVRujFwoGalAgZ4AaABAg,소득공제는 해주지 않나요?,2026-09-11T10:16:28Z,0,0,2026-09-19T06:33:44.893221+00:00
g4h29mJufpc,Ugxy9GHjfGUjNI0z7JB4AaABAg,청년주택도 돈이 없어서 못해요….. 대출도 안 되고 계약금 모은돈도 없고,2026-09-11T10:15:39Z,0,0,2026-09-19T06:33:44.893221+00:00
g4h29mJufpc,UgwdtqE3dFlwkDm8Cdd4AaABAg,"작년에 해지했는데 진짜 쓸모없었음, 이자마저 쓰레기",2026-09-11T10:15:18Z,1,0,2026-09-19T06:33:44.893221+00:00
g4h29mJufpc,Ugwhf9PuptsybuyP4c94AaABAg,겨우 10여년 부은 2030만 국민이냐? 집없는 4050은 30년 40년 부었는데 더러워서 해약해야겠네.,2026-09-11T10:14:10Z,2,2,2026-09-19T06:33:44.893221+00:00
g4h29mJufpc,UgzXaG90VQ8KqVnUcNh4AaABAg,그래도 청약 통장 오래 가지고 있으면 lh 국민임대 가산점 줌...,2026-09-11T10:13:44Z,0,0,2026-09-19T06:33:44.893221+00:00
g4h29mJufpc,UgzpGytE-ZVj50r_mAV4AaABAg,걍 플렉스하면서 살아. 어차피 아파트 못사.,2026-09-11T10:13:14Z,0,0,2026-09-19T06:33:44.893221+00:00
g4h29mJufpc,UgwQy5Rs-2Yxe8mwKT54AaABAg,"주식에 몰리면서 아껴둔 돈 넣는 사람도 많지. 청약시장을 보기만해도 어렵고 허들이 높아 보이는것도 있어.
어른들이랑 주변에서 하란대로 그냥 청약 만들었는데 분양가 보기도 전에 뭘 어찌해야하는지 몰라서 손놓는경우가 허다함ㅋㅋ",2026-09-11T10:12:43Z,2,0,2026-09-19T06:33:44.893221+00:00
g4h29mJufpc,UgwVrRzsHUclG7k6KIt4AaABAg,"매매로 층간소음이랑
윗층아랫층 다 확인하고 매매로 지벙 살면됨",2026-09-11T10:11:50Z,0,0,2026-09-19T06:33:44.893221+00:00
g4h29mJufpc,UgzbWmPHMCBtU6lDy8B4AaABAg,좌파만 집권하면 물가 주식 부동산 다쳐오른다😂,2026-09-11T10:11:28Z,0,0,2026-09-19T06:33:44.893221+00:00
g4h29mJufpc,UgyUcdPsL5P7mIygdiN4AaABAg,나도 한달전에해지함ㄷ,2026-09-11T10:11:21Z,0,0,2026-09-19T06:33:44.893221+00:00
g4h29mJufpc,Ugz4SyKq-qQCdkX9t_94AaABAg,해지는 지능 순.,2026-09-11T10:10:59Z,1,0,2026-09-19T06:33:44.893221+00:00
g4h29mJufpc,UgyMATSAWOyXaHtAyZp4AaABAg,"아파트가 너무비싼데 대출도 안되 감당이안되서 굳이 할필요없다.
만약 대출되서 들어간다고해도 대출금 갚느라 평생 노예 되는데 왜 청약을 하죠?",2026-09-11T10:10:47Z,0,0,2026-09-19T06:33:44.893221+00:00
g4h29mJufpc,Ugw7uLtxk3j0B3HoXJ94AaABAg,"걷어차여버린 사다리, 평생 월세 내다 죽으라는 구세대의 스탠스.",2026-09-11T10:10:43Z,0,0,2026-09-19T06:33:44.893221+00:00
g4h29mJufpc,Ugwbp9sT61vGXQuKBbt4AaABAg,"청년 이라는 단어 쓰지마라,
젊은 20~30대를 청년이라고 한다..
그러나 한국은 20~30대  젊은 녀자를 위한 단어일 뿐이다..
남녀 동일한것 처럼 청년 ,쳥년 하지만 
녀성 우선,녀성 가산점 을 주면서. 청년 모두가 같은 혜택을 받는것 처럼 쓰고있다..
청년 단어에 속지마라..",2026-09-11T10:10:22Z,0,0,2026-09-19T06:33:44.893221+00:00
g4h29mJufpc,UgyAdcMdIjUvCUQb80J4AaABAg,"어차피 6,70년대생이 본격적으로 사망하는 2040년대 초반이 되면,
아파트 불패 신화가 깨지게 될 것이다, 고로, 지금 아파트를 사더라도,
10~15년 뒤 그 아파트 가격이 올라있을 거라고 장담하기 어려워진다,
거기에 자율주행이 본격화되면, 굳이 닭장의 닭처럼 살고 싶지 않게 될 거다,",2026-09-11T10:09:59Z,2,0,2026-09-19T06:33:44.893221+00:00
g4h29mJufpc,UgyiONaZGxCxI8XOWIN4AaABAg,"높은분양가에 전매제한이라
중간에 분양권 팔수도없고 대출안나옴",2026-09-11T10:09:23Z,1,0,2026-09-19T06:33:44.893221+00:00
g4h29mJufpc,UgwSUQwHzjoRI9edX954AaABAg,"집값 잡을려니 기득권들이 반발,,,,,,우리 자식들 집 못산다. 수십억짜리 어케 사나?",2026-09-11T10:08:24Z,0,0,2026-09-19T06:33:44.893221+00:00
g4h29mJufpc,UgxThU6kIKAR3EmGPz14AaABAg,애초에 욕하는 사람들은 집없어도 살 사람들일껄?,2026-09-11T10:07:49Z,0,0,2026-09-19T06:33:44.893221+00:00
g4h29mJufpc,UgxNJlkBKI1nxqpXrPF4AaABAg,그냥 집이 비싸,2026-09-11T10:07:49Z,0,0,2026-09-19T06:33:44.893221+00:00
g4h29mJufpc,UgxenR1EoDFt_87YERx4AaABAg,ㅋㅋㅋㅋ청약당첨되는 신축 아파트 가격 감당을 못하고 그대출도 감당못함 집에서 사주는거 아니면 불가능,2026-09-11T10:06:50Z,0,0,2026-09-19T06:33:44.893221+00:00
g4h29mJufpc,UgzVP4BXJhlijj0lGhR4AaABAg,동영상을 요약해 줘.,2026-09-11T10:06:07Z,0,0,2026-09-19T06:33:44.893221+00:00
g4h29mJufpc,UgxEBX0AQHJ0wEJLeG14AaABAg,집은 천지다. 돈이 없는거지. ㅋㅋㅋ,2026-09-11T10:05:25Z,0,0,2026-09-19T06:33:44.893221+00:00
g4h29mJufpc,UgwzyEs1tKMcLwRQ7PB4AaABAg,"대기업 연봉 아닌 이상 청약 받아서 대출 받아서 집을 사도 대출금 감당 못합니다.

또한 여기에 부동산 폭락 나오면 다죽는겁니다...",2026-09-11T10:04:59Z,20,3,2026-09-19T06:33:44.893221+00:00
g4h29mJufpc,UgybtZwA0LKjQjnpKZl4AaABAg,다들 생각이 똑같구나....역시 요즘 사람들은 똑똑해,2026-09-11T10:04:25Z,0,0,2026-09-19T06:33:44.893221+00:00
g4h29mJufpc,Ugz0mn5nCr3qW6wrDUB4AaABAg,모두가 서울에 살 수는 없어...,2026-09-11T10:03:01Z,0,0,2026-09-19T06:33:44.893221+00:00
g4h29mJufpc,UgxrSX4ykO_TOxB9wIZ4AaABAg,"청약되는것도 ㅈㄹ인데
당첨되더라도 5~20억이 필요한데 일반 20~30직장인이
저 큰돈이 어딨어",2026-09-11T10:02:51Z,349,12,2026-09-19T06:33:44.893221+00:00
g4h29mJufpc,Ugxqyr90kOazKj5j8n14AaABAg,여유 좀 있는사람은 일단 가지고 있는게 좋져 경쟁자들이 하나둘씩 떨어져나가서 시간 좀 지나면 꿀매물 하나씩 줍줍할 기회가 있을 겁니다.,2026-09-11T10:00:58Z,5,3,2026-09-19T06:33:44.893221+00:00
g4h29mJufpc,Ugx1ED8RBEs6BwhJZOV4AaABAg,"가장 싸야할 공공유형 타입도 그냥 일반 분양가 만큼 비싸니 이젠
의미가 없음..",2026-09-11T10:00:38Z,0,0,2026-09-19T06:33:44.893221+00:00
g4h29mJufpc,Ugz8BPpBlfDtX5LDtAN4AaABAg,"이런 뉴스가 쓸때 없이 청약 해지하게 만드는거임 청약 통장이 왜 필요한지 그런걸 말해줘야지
이 연병할 뉴스야 아파트 청약 뿐아니라 다른 해택도 있다라는걸 알려줘야지",2026-09-11T10:00:29Z,1,0,2026-09-19T06:33:44.893221+00:00
g4h29mJufpc,UgzuhinL2OMuFZIE9I94AaABAg,"구의원, 시의원,국회의원등 이상한데에 세금으로 쳐 월급 돌리니 답이 없지. 이 많은 인원이 지역에서 그냥 쳐 놀기만 하는데.",2026-09-11T10:00:12Z,11,0,2026-09-19T06:33:44.893221+00:00
g4h29mJufpc,UgygjjJ7P12hgbO3GUx4AaABAg,애초에 신혼부부가 집을 누구의 도움없이 산다는거 자체가 말이 안되는거라니까?.. 10억 이런집을 풀대출 때려서 산다는게 말이되냐;;,2026-09-11T09:59:57Z,563,35,2026-09-19T06:33:44.893221+00:00
g4h29mJufpc,Ugwu_jDWuPCJWcPVSmt4AaABAg,금리낮출 수 있으니까 한달에 2만원씩이라도 넣으시길,2026-09-11T09:59:23Z,1,0,2026-09-19T06:33:44.893221+00:00
g4h29mJufpc,UgwJRsYzRM9Edn8E-6h4AaABAg,분양가가 저렇게 높은데 당첨되도 문제다.,2026-09-11T09:58:05Z,0,0,2026-09-19T06:33:44.893221+00:00
g4h29mJufpc,UgydVpgEcPoaRKiMDPp4AaABAg,"해외 사는데 횟수로 13년째 넣고있었음. 버는 한화는 없는데 계속 청약으로 넘어가기만 하니까 정작 한국가서 쓸 돈이 없음.
갈 때마다 환전해야함 ㅋㅋ 이번에 한국 휴가 가면 어차피 한국에서 안살건데 그냥 해지하고 그 돈으로 지금 사는 곳에 집 대출이나 갚아야지",2026-09-11T09:56:03Z,0,0,2026-09-19T06:33:44.893221+00:00
g4h29mJufpc,Ugx3O02Itutz8O4TCP14AaABAg,청약통장은 분양 보다 임대아파트에 쓰는게,2026-09-11T09:55:55Z,0,0,2026-09-19T06:33:44.893221+00:00
g4h29mJufpc,Ugxxy5pgp91J-AJ3wvh4AaABAg,"당첨이 되어도 요즘 평당 5000만원 넘는 분양가를 감당할 서민이 없고, 6억 이상 대출을 풀어줘도 주담대 최저금리로 월 350만 이상 원리금을 감당할 능력이 돼야 함.  이게 되는 사람이 청약을 왜함... 바로 사고 말지.",2026-09-11T09:55:47Z,0,0,2026-09-19T06:33:44.893221+00:00
g4h29mJufpc,UgwwVK-aF_FRKjOyub94AaABAg,당첨되도 들어가기 힘든 현실이죠 뭐,2026-09-11T09:55:26Z,0,0,2026-09-19T06:33:44.893221+00:00
g4h29mJufpc,UgwDTJZw_q2HhnKSeQZ4AaABAg,"기간만으로 하면 문제가 있다고 하니까. 요리 조리 하다 보니 문제가 더 생겼잖아. 부양가족, 결혼, 출산, 가점제가 생긴건데..  전문가 맞냐.? 완전 논점이탈.",2026-09-11T09:53:47Z,0,0,2026-09-19T06:33:44.893221+00:00
g4h29mJufpc,Ugws6yXlZM09-i4WFqB4AaABAg,문제가  아파트 6억부터 시작임 그리고 당첨이 안됨,2026-09-11T09:53:37Z,167,3,2026-09-19T06:33:44.893221+00:00
g4h29mJufpc,UgzzU5WqxIm_Ql9uGF14AaABAg,청약소용없음,2026-09-11T09:53:29Z,0,0,2026-09-19T06:33:44.893221+00:00
g4h29mJufpc,Ugzl3brk8UQgbBMLjHh4AaABAg,주식 물타기,2026-09-11T09:53:11Z,0,0,2026-09-19T06:33:44.893221+00:00
g4h29mJufpc,UgwfLfnk3kq9iGjv8fp4AaABAg,이돈으로 딴거릉하지 차라리.. 돈 더 넣으면 전에 넣어놧어도 따잇당하는데 별ㅋ,2026-09-11T09:52:14Z,0,0,2026-09-19T06:33:44.893221+00:00
g4h29mJufpc,UgxL719IwGDlXoytt9Z4AaABAg,벼룩잡을려다 집다태우네 돈있는 사람들만 돈버는시스템,2026-09-11T09:52:01Z,0,0,2026-09-19T06:33:44.893221+00:00
g4h29mJufpc,Ugz6mJ5jWZ4iF2eeo1Z4AaABAg,"지방 신축 34평
 3억 땐땐 ㅋㅋㅋㅋㅋㅋㅋㅋㅋㅋ

나머지 월배당 300셋팅
누가 집을사냐고 ㅋㅋㅋㅋㅋㅋㅋ",2026-09-11T09:51:04Z,0,0,2026-09-19T06:33:44.893221+00:00
g4h29mJufpc,UgyfnoGYGPNUUK6oINF4AaABAg,청년 이야기좀 그만해라 그나이에 집 사는게 쉽냐 금리나 올려 대출잡으려면 금리를 올려야지,2026-09-11T09:50:15Z,0,0,2026-09-19T06:33:44.893221+00:00
g4h29mJufpc,UgwRTDlJ_4eXLX80BgV4AaABAg,"애초에 이제 그 기금 떠받치는건 이제 젊은 세대들인데 정책이 직금의 4~60대 세대에 맞춰진거라 전체적으로 손안보면 답없음 ㅇㅇ
오피스텔 사는데 대출이나 해줘라 혼자살게..",2026-09-11T09:49:31Z,0,0,2026-09-19T06:33:44.893221+00:00
g4h29mJufpc,UgydVVo4fZ58npSymV54AaABAg,청약은 그저 행복주택을 위한 것..,2026-09-11T09:48:43Z,0,0,2026-09-19T06:33:44.893221+00:00
g4h29mJufpc,Ugx0Yj7l4hmjTNj-_tJ4AaABAg,당첨이란말쓰지마라 ㅋㅋㅋ 분양가8억이면 계약금8천만원은 자기돈이있어야됨 쓸모없는 통장이됨,2026-09-11T09:47:52Z,0,0,2026-09-19T06:33:44.893221+00:00
g4h29mJufpc,Ugy1F3mT5D1VFcc8C6t4AaABAg,청약기금으로 둔촌주공 살린 나라가 있다?,2026-09-11T09:47:52Z,0,0,2026-09-19T06:33:44.893221+00:00
g4h29mJufpc,UgwIyS8ZyNuxdZmuDQV4AaABAg,집값을 적정선을 유지하는게 제일 어려운듯. 집 없는 사람도 일단 집을 사면 집값 오르길 바라는건 당연한거니.,2026-09-11T09:47:38Z,0,0,2026-09-19T06:33:44.893221+00:00
g4h29mJufpc,UgyJCGSapFt0wIPtwdN4AaABAg,지금 가격대 어느순간 꺾일거란 희망을 20년 동안 가졌는데 돌아가는 꼴을 보니 말도 안되는 기대더라,2026-09-11T09:46:46Z,1,0,2026-09-19T06:33:44.893221+00:00
g4h29mJufpc,UgygAqb106u3OX4T3jR4AaABAg,임대아파트 들어갈 계획 있으시면 청약통장 납입횟수가 가산점으로 들어갑니다. 60회 다 채우면 제일 높은 점수 받아서 저는 유지중이예요~,2026-09-11T09:46:37Z,4,3,2026-09-19T06:33:44.893221+00:00
g4h29mJufpc,UgwOAn3ka_fdka4Y3xJ4AaABAg,"예전에는  ...적당히 저축한돈으로 계약금넣고...신용관리해서  중도금....입주금  대출받고 해서....열심히 살아야지 라는 희망이라도있었는데..

이젠  어설프게 저축한돈으로 계약금도 안되고......대출도  외국인은 제한없는 반면에....자국민은....대출규제에....별의별  토허제 등등 해서..... 

희망자체를 못갖게 하는중이니까 그렇지",2026-09-11T09:46:16Z,1,0,2026-09-19T06:33:44.893221+00:00
g4h29mJufpc,UgyqcNPQqiowCDEHGwh4AaABAg,ㅋㅋㅋ서울살지말라잖아돈없음,2026-09-11T09:45:53Z,1,0,2026-09-19T06:33:44.893221+00:00
g4h29mJufpc,UgxQJE7IrBMpe3Oi5-d4AaABAg,청약통장 = 전국민 로또. 국가가 국민들 돈 가지고 로또 돌리는게 맞냐. 전부 없애라.,2026-09-11T09:45:40Z,0,0,2026-09-19T06:33:44.893221+00:00
g4h29mJufpc,UgwzxCpw7wYbr_Cbc3N4AaABAg,결혼해서 애 몇명씩 낳지 않으면 가점으로 절대 될수가 없으니 무쓸모지 뭐,2026-09-11T09:45:39Z,0,0,2026-09-19T06:33:44.893221+00:00
g4h29mJufpc,Ugy2d6gTx-7Id8N-xtd4AaABAg,해지하고 주식에 넣는게 나음..,2026-09-11T09:44:46Z,0,0,2026-09-19T06:33:44.893221+00:00
g4h29mJufpc,UgwY95JSpHrLyfuBagJ4AaABAg,이자 쎄니까 그냥 들고가는거지 뭐 혼자 살거면 별거없음,2026-09-11T09:44:30Z,0,0,2026-09-19T06:33:44.893221+00:00
g4h29mJufpc,Ugyo7_vw1Aw3dC1ofu94AaABAg,집값을  누가 작살내놨지....,2026-09-11T09:43:54Z,0,0,2026-09-19T06:33:44.893221+00:00
g4h29mJufpc,UgxDsOKohAbrikgc9rd4AaABAg,청약통장 쓸모 없어짐,2026-09-11T09:43:47Z,0,0,2026-09-19T06:33:44.893221+00:00
g4h29mJufpc,UgzCJP2snPJJjZS3_854AaABAg,20년졸라매고 은행노예로 살아도 각이 안나오니까ㅋㅋㅋㅋ 그랬다가 20년후에 가격 그대로면? 그냥 깨서 그돈으로 주식 펀드같은게 확률이 높다고보는거지,2026-09-11T09:43:39Z,0,0,2026-09-19T06:33:44.893221+00:00
g4h29mJufpc,UgzIaZBN2x_G8OMONwR4AaABAg,주택청약과 국민연금은 국가가 2030을 대상으로 한 사기극임.,2026-09-11T09:43:35Z,0,0,2026-09-19T06:33:44.893221+00:00
g4h29mJufpc,UgwoSJDKt9Rs46Bbdal4AaABAg,시발 콘크리트 유토피아 가즈아!,2026-09-11T09:43:33Z,1,0,2026-09-19T06:33:44.893221+00:00
g4h29mJufpc,UgxLfOCA1weqTRJ3qjh4AaABAg,신축도 제대로 짖는 게 없어~,2026-09-11T09:43:32Z,0,0,2026-09-19T06:33:44.893221+00:00
g4h29mJufpc,UgwzSVWymgDgFbFyWrp4AaABAg,민주당이 만든 세상,2026-09-11T09:41:16Z,0,0,2026-09-19T06:33:44.893221+00:00
g4h29mJufpc,UgwCFRVXcUAcnV6ehk14AaABAg,바보들ㅋㅋ 나중에 후회한다,2026-09-11T09:40:58Z,0,0,2026-09-19T06:33:44.893221+00:00
g4h29mJufpc,Ugz-8PFHXYsS2Aqn1h54AaABAg,내가 청약에 당첨될 가능성이 있는 지역은 내가 살고 싶은 지역이 아님,2026-09-11T09:40:35Z,0,0,2026-09-19T06:33:44.893221+00:00
g4h29mJufpc,UgywFh9vzRhJOrCcvO54AaABAg,자 여러분들 뉴스에 나오면 반대로 하라가 진리인거 아시죠? 깨지말고 홀딩하십쇼. 나중에 한번에 불입도 가능하니까 쥐고 있으세요.,2026-09-11T09:40:25Z,0,0,2026-09-19T06:33:44.893221+00:00
g4h29mJufpc,UgzU3yM2VWWov3gypMx4AaABAg,"청약저축도 팔 수 있게 하면 되겠네..
누군가는 필요할테니..ㅎ",2026-09-11T09:40:18Z,0,0,2026-09-19T06:33:44.893221+00:00
g4h29mJufpc,UgzAGA2RDuH0Zd6zr6p4AaABAg,해지말고 자동이체 중지해놓고 있으셔,2026-09-11T09:40:02Z,0,0,2026-09-19T06:33:44.893221+00:00
g4h29mJufpc,Ugxdj-_cx7dxjWyaDjt4AaABAg,결혼하고 아이 있는사람에게 더 혜택을 주는건 정상이지,2026-09-11T09:39:47Z,0,0,2026-09-19T06:33:44.893221+00:00
g4h29mJufpc,Ugy2bG51TgXi7oQzYRx4AaABAg,"서울변두리 가까운 수도권
살수 있는집 많다
3~6억 안으로 살수 있는집 많다
이런집은 눈에도 안들어오나봐?
나도 융자받아서 빌라 삿다",2026-09-11T09:39:38Z,2,0,2026-09-19T06:33:44.893221+00:00
g4h29mJufpc,Ugz3P8h7bXXkVDfMunl4AaABAg,이재명은 (망) 합니다,2026-09-11T09:39:26Z,1,0,2026-09-19T06:33:44.893221+00:00
g4h29mJufpc,UgyVwnwuk3Z7fsqy7oR4AaABAg,특공때 잘 활용했습니다 ㅎ.ㅎ,2026-09-11T09:39:12Z,0,0,2026-09-19T06:33:44.893221+00:00
g4h29mJufpc,UgxG8rMEW1Uy1zyfmed4AaABAg,해봐야 소액일텐데. 언제든 해지가 가능하니 그냥 갖고 있는 게 낫지 않나? 왜 해지하지?,2026-09-11T09:39:02Z,0,0,2026-09-19T06:33:44.893221+00:00
g4h29mJufpc,Ugy4iGWvYgvGdjNmY2h4AaABAg,민주당이 중간사다리 뿌시는중ㅋㅋㅋ,2026-09-11T09:38:33Z,2,0,2026-09-19T06:33:44.893221+00:00
g4h29mJufpc,UgwMrw5tJIQ-SpI2Yz94AaABAg,"당첨돼도 나라가 대출 못받게함
근데 그런 정부 뽑은게 니들이면서
무슨 한탄. 받아들여야지",2026-09-11T09:38:11Z,0,0,2026-09-19T06:33:44.893221+00:00
g4h29mJufpc,UgzFBdXbuLMmB7U6N6p4AaABAg,신혼한테 이익을 주는 것도 좋지만 청년도 좀 사람다운 집에서 살아야 결혼할 생각이 들고 그러지 않겠냐..,2026-09-11T09:38:00Z,0,0,2026-09-19T06:33:44.893221+00:00
g4h29mJufpc,UgzceCnYNGYlOIPkmr14AaABAg,유주택이라 10점이나 29점이나 어차피 볼ㅣ복불복이라 해약하고 1500만원 sp지수에 넣고  다시만듬 ㅋㅋ,2026-09-11T09:37:07Z,0,0,2026-09-19T06:33:44.893221+00:00
g4h29mJufpc,UgzXLa8rot9DCUcSVv14AaABAg,현금 화 해서 달러나 금으로 바꿔야 그나마 손해 안봄,2026-09-11T09:35:53Z,3,0,2026-09-19T06:33:44.893221+00:00
g4h29mJufpc,Ugz82q_t0LdrNx76gu94AaABAg,청약보단 차라리 재개발 가능성 높은쪽에 오래된 빌라사서..전세주고 기다리는것도 아니면 몸테크 ㄷㄷ,2026-09-11T09:34:32Z,0,0,2026-09-19T06:33:44.893221+00:00
g4h29mJufpc,UgyyDuRguzg2-bCrN5h4AaABAg,추첨제를 70프로 가점제를 30프로로 바꿔서 많은 기회가 가도록해줘야 활성화 된다😊😊😊,2026-09-11T09:34:15Z,0,0,2026-09-19T06:33:44.893221+00:00
g4h29mJufpc,UgyUlLuqqHG5yGCflkd4AaABAg,서울 이야기지 다른 지역 사는 내 얘기 아님,2026-09-11T09:33:26Z,0,0,2026-09-19T06:33:44.893221+00:00
g4h29mJufpc,Ugw8KEFl4OYG6Q8oZlF4AaABAg,"지방 애들 돈 받아가 서울애들 집사주고
이젠 없는애들 돈받아다가 부자들 집사주고
그렇게 당하고도 모르겠냐 ㅋㅋㅋ",2026-09-11T09:33:20Z,98,0,2026-09-19T06:33:44.893221+00:00
g4h29mJufpc,UgzzfKxXdcHYIYkoWbF4AaABAg,저사람들이 진짜 청약을 바라는 사람들이엿을까?? 아니지 그저 되팔아서 꽁돈 만지려던 되팔렘들일뿐. 진짜 집구하시는분들은 되팔렘들 줄어서 개이득,2026-09-11T09:33:02Z,0,0,2026-09-19T06:33:44.893221+00:00
g4h29mJufpc,Ugx5GzF1zoiDk4n_MI14AaABAg,청약가나 매매가나 거기서거기,2026-09-11T09:32:28Z,0,0,2026-09-19T06:33:44.893221+00:00
g4h29mJufpc,UgzvoHxBzIHSLD8eh-N4AaABAg,"월세가 걍 정답임 청약통장?

그 돈으로 은행은 배불리 자본불리는중ㅋㅋ",2026-09-11T09:32:05Z,0,0,2026-09-19T06:33:44.893221+00:00
g4h29mJufpc,UgxJh5cd-Hc2pIgPi_p4AaABAg,결국정부정책의 실패의결과임 어설프게집값건드렸다 이사단나는거아녀,2026-09-11T09:31:50Z,0,0,2026-09-19T06:33:44.893221+00:00
g4h29mJufpc,UgzNhCLbynQhbtgE-c94AaABAg,특별한 사람들이 너무 많은데 추첨도 뭔가...,2026-09-11T09:31:47Z,0,0,2026-09-19T06:33:44.893221+00:00
g4h29mJufpc,UgwQ_L4e5kfRcp_XQhh4AaABAg,"청약통장 해지한지 23년 
쓸모없다",2026-09-11T09:31:15Z,19,0,2026-09-19T06:33:44.893221+00:00
g4h29mJufpc,UgyH4jSb7rk45d2D7qV4AaABAg,해지하지 않고 자동이체 일시중지나 최소 단위인 2만 원만 납입 추천해요,2026-09-11T09:30:42Z,0,0,2026-09-19T06:33:44.893221+00:00
g4h29mJufpc,Ugxf3gWivpTVL_R5lr14AaABAg,나중에 청약있는사람 대박기회 있을꺼다. 향후 10년안에 한번은온다,2026-09-11T09:30:17Z,1,1,2026-09-19T06:33:44.893221+00:00
g4h29mJufpc,Ugxfi4jrItsQGJLQIo54AaABAg,"17년 동안 넣었던 청약통장 깬다고 할 때 부모님과 주변에서 그 동안 넣은 거 아깝 않냐고 들고 가라 잔소리 할 때 그냥 해지하고 그 돈으로 미국 주식 넣어서 몇 배를 풀렸음.

인생이 바뀔 금액은 아니지만 최소한 1억 이상은 벌었으니 후회 안함.",2026-09-11T09:30:12Z,46,0,2026-09-19T06:33:44.893221+00:00
g4h29mJufpc,UgwQICDmA8dHkm6k-mV4AaABAg,로또되도 17억 세금띠면 12억인데 아파트 한채는 살수있겠다,2026-09-11T09:29:06Z,0,0,2026-09-19T06:33:44.893221+00:00
g4h29mJufpc,UgxiQ8kqn2oo48DZt0x4AaABAg,평범한 사람들은 당첨이 안됨. 일단 당첨 가능성이 있어야 청약통장을 유지하지 ㅋㅋ,2026-09-11T09:28:37Z,0,0,2026-09-19T06:33:44.893221+00:00
g4h29mJufpc,UgzFGL4ddfltdY6O4yF4AaABAg,부모님이 맞벌이도 아닌데 역세권 아파트 분양받아서 대출빚 갚은게 10년도 안됨. 내가 청약 당첨되서 산다? 분양가 너무 비싸서 10년안에 대출 빚도 못 갚음,2026-09-11T09:28:30Z,0,0,2026-09-19T06:33:44.893221+00:00
g4h29mJufpc,UgwiPDyAe3ePyuqyTrd4AaABAg,"인구는 더 감소하겠구만...아니면 이민자로 채워지거나
집값 기준이 서울로 잡히다보니 전월세가 전국이 공격적이죠...",2026-09-11T09:28:26Z,0,0,2026-09-19T06:33:44.893221+00:00
g4h29mJufpc,UgxhWfVM82fUa4SXlRd4AaABAg,일반에서 추첨제 가점제 두개 밖에 없는데 교수가 왜 이렇게 말하는거지 ㅋㅋㅋ,2026-09-11T09:28:05Z,0,0,2026-09-19T06:33:44.893221+00:00
g4h29mJufpc,UgwPDrac_FWJu24xL7l4AaABAg,의미가 없지 청약이 되어도 대출도 얼마 안나오고 의미가 없으니 그냥 청약이 의미가 없지,2026-09-11T09:28:04Z,0,0,2026-09-19T06:33:44.893221+00:00
g4h29mJufpc,UgxD1Z2PAeecCgrJ9kJ4AaABAg,한 연예인은 최근에 당첨됐다던데 흠,2026-09-11T09:26:19Z,0,0,2026-09-19T06:33:44.893221+00:00
g4h29mJufpc,UgykLTTK3GG3r0QrqlB4AaABAg,주택도시기금 윤석열때 다 퍼줘서 반토막 나버림.,2026-09-11T09:26:12Z,2,0,2026-09-19T06:33:44.893221+00:00
g4h29mJufpc,UgwTohfPZCNXzlwogA94AaABAg,"일단 10대20대30대 인 경우 당첨은 자체의 말이 없음 그냥  돈만 갔다 주는 개미들이고 니네돈으로 신축 지어주고  돈 있는 사람에게 집주는 꼴임
이걸 아직도  돈을 넣어주는 사람이 있네",2026-09-11T09:26:01Z,0,0,2026-09-19T06:33:44.893221+00:00
g4h29mJufpc,UgxxBEzSApk3nTBCtNF4AaABAg,"30년전에 월급 100후반 200 언저리 받아서 수도권 1억 분양 받는거랑
지금 월급 300따리가 수도권 15억 짜리 분양받는거랑 다르지
그냥 사지말던가 2시간 교통난민이나 하던지 그냥 혼자 살던지",2026-09-11T09:25:27Z,0,0,2026-09-19T06:33:44.893221+00:00
g4h29mJufpc,Ugx2c82H_H8aWp_hs5R4AaABAg,이재명의 한계지 ㅋㅋㅋ,2026-09-11T09:25:16Z,0,0,2026-09-19T06:33:44.893221+00:00
g4h29mJufpc,UgzSCExtf67PH9nn8aN4AaABAg,대출 우대금리때문에 유지 중인데... 뭔가 아쉽다 ㅋㅋ,2026-09-11T09:25:10Z,0,0,2026-09-19T06:33:44.893221+00:00
g4h29mJufpc,Ugz5tlDSe-PGKzmz3y94AaABAg,"20,30이면 60% 많으면70% 정도는 1인가구가 많을텐데 1인가구는 가점제 당첨이 될수없는 구조다 이 빡대가리 정부야..
그리고 그 1인가구 20~30세대가 청약에서 한번 쓸수있는 30평도 안되는곳에 청약을 쓰겠니? 결혼도안한 사람들이면 앞으로 결혼이나 아기 생각해서 미래보고 30평대는 쓸텐데 1인가구는 애초에 가점도안되 면적도 적은곳으로 생초써야되..장난하냐?",2026-09-11T09:24:50Z,0,0,2026-09-19T06:33:44.893221+00:00
g4h29mJufpc,UgxYy6Qa_Ape4QcjlLl4AaABAg,"당첨되려면 자산이 4억 넘으면 안 되고, 집값은 8억이 넘고, 대출도 4억이 최대면 부모님 물려줄 자산 있는 거 아니면 당첨되도 못 사잖아",2026-09-11T09:24:25Z,0,0,2026-09-19T06:33:44.893221+00:00
g4h29mJufpc,Ugwc2fbH0jRUdUMlvSN4AaABAg,"1인가구는 당첨불가능해요.
그러니 청약통장이 무용지물입니다.",2026-09-11T09:24:07Z,21,2,2026-09-19T06:33:44.893221+00:00
g4h29mJufpc,UgyNKC19dwfzhuL6PU14AaABAg,다 떠나서 신뢰도 안 감. 진짜 추첨인지 조작인지도 모르겠음,2026-09-11T09:24:06Z,207,7,2026-09-19T06:33:44.893221+00:00
g4h29mJufpc,UgzaUPSilPxV4zOdB-t4AaABAg,"청약이라는 제도를 없애야 함
국민의 세금과 국민의 돈으로 특정 국민에게 로또를 주는거와 청약은 다름이 없음
어떤 선진국도 이런 식으로 주택을 공급하지 않음
독재시절의 잔재가 아직도 남아 있는거다",2026-09-11T09:23:51Z,12,2,2026-09-19T06:33:44.893221+00:00
g4h29mJufpc,UgxbcHstH6RjeGeyxgp4AaABAg,민주당이 만든 세상,2026-09-11T09:23:06Z,1,0,2026-09-19T06:33:44.893221+00:00
g4h29mJufpc,UgyjDsZ9dNCMSERx-W54AaABAg,혜택도 2030만 주네 ㅋ,2026-09-11T09:23:02Z,0,0,2026-09-19T06:33:44.893221+00:00
g4h29mJufpc,UgwJVWpJCTb9SGykjxJ4AaABAg,"진짜 급전 필요한거 아니면 그냥 유지하는게 나을텐데 왜 해지하는거지?
정부 새로운 대책 나올수도 있는데..",2026-09-11T09:22:38Z,0,1,2026-09-19T06:33:44.893221+00:00
g4h29mJufpc,UgyjdGErH-GZX0EzB4Z4AaABAg,"주택청약 벌서 2천만원어치 쌓여있긴한데,
그냥 걍 모으는중. 언젠가(?)는 쓰이겠지 하는 마음으로",2026-09-11T09:22:02Z,0,0,2026-09-19T06:33:44.893221+00:00
g4h29mJufpc,UgzivAwGPdvWVWno_xV4AaABAg,"대출문제가 제일 크지만 일단 1인가구가 손해를 보더라도 청약통장은 유지해야 합니다

니들이 든든한 호구 깔개가 되 줘야 다인 가족이 부양받지   혜택 못받고 세금 쳐내다가 죽기를 바라는게 정부임",2026-09-11T09:21:47Z,2,0,2026-09-19T06:33:44.893221+00:00
g4h29mJufpc,Ugy_7rSvuE5Te5N9MQx4AaABAg,"부동산 문제는 원인이 아니라 결과인데 
결과를 어떻게든 손보려고 하니까 문제인거지..
어떻게든 인구 분산하고 지방으로 일자리를 내려보내면 
평당 4409 만원 같은 정신나간 숫자는 안봐도 되지..
없는 놈은 오른다고 야랄
있는 놈은 내린다고 야랄.
지방으로 내려보내려고 노력해봐야 서울 공화국이 되어버려
가장 거대한 표를 가진 집단이 싫어해서 표 못받으니
지방을 살려야하니 어쩌니 말과 시늉만...
부동산도, 교육문제도 결국엔 일자리 문제여.",2026-09-11T09:21:44Z,1,0,2026-09-19T06:33:44.893221+00:00
g4h29mJufpc,Ugxg4alnhcqj0O1MZtl4AaABAg,우리 더불어 민주당 의원님 자녀들이 불법 작업 대출(민주파출소 소장님) 로 집사고 집을 여러채 보유 할 수 있습니다. 일만 국민은 안됩니다.,2026-09-11T09:21:36Z,0,2,2026-09-19T06:33:44.893221+00:00
g4h29mJufpc,Ugz4tnrFSfksnFzs-iR4AaABAg,분양받고 결혼하면 금리낮쳐주면 될듯,2026-09-11T09:21:34Z,0,0,2026-09-19T06:33:44.893221+00:00
g4h29mJufpc,Ugw72jeXFHTHO1x8S1B4AaABAg,"1인가구는 그냥 기본 2만원씩 내고 매입임대 국민임대 행복주택을 하는 게 나아요. 청년층은 매입임대, 행복주택, 국민임대 다 가능하니까 기회도 더 많습니다. 그럼 거기 들어가서 돈을 모아요. 그다음 거기서 나가야할때쯤 돈을 모아서 집을 사는 게 가장 합리적인 루트에요 이 뉴스는 너무 한가지 방법에 올인해서 안된다하는 데... 한방에 올인하지 말고
단계적으로 하면 됩니다. 처음 청년층대상의 행복주택 다되는 국민임대 일반주택을 임대하는 매입임대에 계속 신청해봅니다
그럼 몇년안에 다 됩니다
거기서 4년정도 거주하면서 돈을 모아요. 그런 다음 분양을 받아요

청약을 무조건 해지하지 마세요. 없애고 다시 들면 다시리셋입니다. 저도 그래서 청약가점 없어졌어요.",2026-09-11T09:21:31Z,0,0,2026-09-19T06:33:44.893221+00:00
g4h29mJufpc,UgxlX6WhZnVAsoTUT514AaABAg,"청약금리를 더 올려
그래야 그나마 해지 덜하지..ㅉㅉ",2026-09-11T09:20:09Z,33,1,2026-09-19T06:33:44.893221+00:00
g4h29mJufpc,UgyKGrLmAj99HosFG3h4AaABAg,신혼이 새집을 어떻게 사냐;;,2026-09-11T09:20:02Z,11,4,2026-09-19T06:33:44.893221+00:00
g4h29mJufpc,Ugx7RBS_QPXCJSJJeDV4AaABAg,나도 1200만 정도 모였는데 굳이 유지할 필요가있을까 해서 해지하고 싶은데 은행방문해야 해지가능해서 귀찮아서 안 하는중ㅋㅋ,2026-09-11T09:20:01Z,0,0,2026-09-19T06:33:44.893221+00:00
g4h29mJufpc,Ugx9LI9IqzSHIRfFyhF4AaABAg,연애도 결혼도 돈없어서 못하는데.. 청약 당첨도 안되고.. 청약당첨이 되어도 분양가가 높은데 그걸 어디서 누가 대출해줌? 대출받으면 그거 갚을 돈을 버는 직장은 안정적이지도 않고..,2026-09-11T09:19:54Z,51,2,2026-09-19T06:33:44.893221+00:00
g4h29mJufpc,Ugxbglfc9Pa7aKcPKYx4AaABAg,대출도안돼 돈도없앙,2026-09-11T09:19:34Z,1,0,2026-09-19T06:33:44.893221+00:00
g4h29mJufpc,UgynEeufEfbGxCPFJ6t4AaABAg,내것도 해지해야 하나…,2026-09-11T09:19:29Z,0,0,2026-09-19T06:33:44.893221+00:00
g4h29mJufpc,UgwzcRZLO3pg3M87nEt4AaABAg,공공임대에 집착 작작 하고 공공분양 물량이라도 늘렸어야 하는데 현재 정부 정책 보면 그냥 똥임. 물론 전 정부도 집값 하락 억지로 틀어 막는다고 건전한 조정을 막은 것도 큼.,2026-09-11T09:19:22Z,0,0,2026-09-19T06:33:44.893221+00:00
g4h29mJufpc,UgzyGGLv-DigGvjGDBN4AaABAg,"청약 아무리 들어도 소득적고 가족많고
 못살아야 분양권 받기가 더 쉬우니...
그런데 그런사람들이 집을 어케사는거여?",2026-09-11T09:19:21Z,106,1,2026-09-19T06:33:44.893221+00:00
g4h29mJufpc,Ugw04T3fONxaOtV4Jg14AaABAg,청양 해지금.. 전부 국내장에 단타로 손실보고.. 그 이익은 외국놈들 다 가져감.. 그 돈이 100조 이상...ㄷㄷㄷ,2026-09-11T09:19:10Z,0,0,2026-09-19T06:33:44.893221+00:00
g4h29mJufpc,Ugy3pfrQevtLUxNskvB4AaABAg,"2년만에 완전 나라를 말아드시네 ~ 
정부는 서민에게 아예 집마련을 아예 주지 않을려고 엄청 노력 하는거 같다.",2026-09-11T09:18:52Z,0,0,2026-09-19T06:33:44.893221+00:00
g4h29mJufpc,UgyyALUZ5Y11NNMbmxJ4AaABAg,진짜 맛도리청약은 또 청약통장 오래들고있다고 할수있고 그런것들도 아님. 이게 문제여. 오래 들고있고 돈 꼬박꼬박 많이 넣었을때 생겨나는 장점이 없잖아.,2026-09-11T09:18:52Z,28,0,2026-09-19T06:33:44.893221+00:00
g4h29mJufpc,UgzcNKTF1WTnrzS62Hp4AaABAg,청약통장에 몇천 묶여있고 그 목돈이 급하게 필요한거면 모르겠는데 아니면 굳이 해지할 필요가 있나.. 나라 정책이라는게 어떻게 바뀔지 진짜 모름,2026-09-11T09:18:48Z,0,0,2026-09-19T06:33:44.893221+00:00
g4h29mJufpc,Ugy3XdrKnaIgJOBh6rV4AaABAg,부모 잘만나 그게 답이다,2026-09-11T09:18:43Z,40,3,2026-09-19T06:33:44.893221+00:00
g4h29mJufpc,Ugy0tjreNx9l5xB0oU94AaABAg,ㅋㅋ 애초에 수 년 전 부터 청약 자체가 돈 있는 사람 말고는 힘들었음. 뭔 정부탓 ㅋㅋ,2026-09-11T09:18:28Z,0,0,2026-09-19T06:33:44.893221+00:00
g4h29mJufpc,Ugw2CzwylO0xXw_IML54AaABAg,7~8년전만 하더라도 분양가가 기존 신축급 아파트 대비  많게는 절반 정도 저렴 했거든 그래서 청약 경쟁률도 어마무시 했던건데 요즘은 주변에 지어진지 3~4년 정도 된 아파트 가격이 분양가와 같거나 분양 아파트가 오히려 더 비싼 경우도 많음! 그래서 굳이 청약 통장을 유지 하고 있을 의미가 없는것임.,2026-09-11T09:18:24Z,0,0,2026-09-19T06:33:44.893221+00:00
g4h29mJufpc,UgwwsD2pWcMyZNrmidd4AaABAg,2030 만 국민인가,2026-09-11T09:18:14Z,0,0,2026-09-19T06:33:44.893221+00:00
g4h29mJufpc,Ugyre-zG3eU5ygvhsJp4AaABAg,"서울은 당첨되도 비싸서 부자 자녀들만 살수있고
지방은 집살바에 미국etf 사는게 나음",2026-09-11T09:17:46Z,1,0,2026-09-19T06:33:44.893221+00:00
g4h29mJufpc,UgzEmnWHbHKvlEoxvOx4AaABAg,청약 10년해도 2000도 안되는데 집을 어케 사요..,2026-09-11T09:16:48Z,0,0,2026-09-19T06:33:44.893221+00:00
g4h29mJufpc,UgznJdY1NwVpFCNu2lh4AaABAg,27년 부은거 해지했다.,2026-09-11T09:16:48Z,152,8,2026-09-19T06:33:44.893221+00:00
g4h29mJufpc,UgyWEiXOdhR2JNAaUuZ4AaABAg,2억짜리아파트가 4.5억이되는게 말이되냐,2026-09-11T09:16:40Z,0,0,2026-09-19T06:33:44.893221+00:00
g4h29mJufpc,Ugy7tbNwJx91kew7cwR4AaABAg,저도 10년 된거 깨고 미장 투자..의미가  없어짐,2026-09-11T09:16:40Z,9,0,2026-09-19T06:33:44.893221+00:00
g4h29mJufpc,UgxDzboi3gSuxmC6KTh4AaABAg,혼자 살꺼면 그게 맞다 ㅇㅇ 혼자 살꺼고 돈도 없는데 뭘 신축을 사냐,2026-09-11T09:16:14Z,7,0,2026-09-19T06:33:44.893221+00:00
g4h29mJufpc,Ugx2FqLy3jXxvC7Wkax4AaABAg,쏠로들은 희망없다.. 걍  포기 하는거지..,2026-09-11T09:16:08Z,2,0,2026-09-19T06:33:44.893221+00:00
g4h29mJufpc,UgxDxv3nuugtRkbHlpl4AaABAg,제발 다 해지해줬으면 좋겠다. 앉아서 이득보네,2026-09-11T09:15:42Z,0,0,2026-09-19T06:33:44.893221+00:00
g4h29mJufpc,UgxvSmx4ZEo9uojENON4AaABAg,추첨제를 높여야함,2026-09-11T09:15:31Z,0,0,2026-09-19T06:33:44.893221+00:00
g4h29mJufpc,UgxZ8lH6GYzCxaZ-hmp4AaABAg,"ㅇㅇ 20대부터 통장 들음, 서른살부터 계속 청약 보이는대로 다 넣고 넣는족족 당연히 떨어짐. 마흔 직전에 올해도 안되면 통장깨서 걍 산속 빌라사고 집고민 끝낸다 생각하고 또 밀어넣다가 작지만 당첨됨. 통장 없애는 건 자유인데 있으면 기회는 옴. 주변에 휩쓸리지말고 본인 삶의 계산에 따라 가세요. 전 또 넣는 중임.",2026-09-11T09:15:26Z,0,0,2026-09-19T06:33:44.893221+00:00
g4h29mJufpc,UgwYbov2phjPfRreIlB4AaABAg,이제 비생산적인 곳에 온 국가 돈이 묶이는 것도 없애 버려야지 승수효과 낮아서 경제성장에도 안 좋고 사회문제도 악화시키고 자본시장도 약화되고,2026-09-11T09:14:46Z,16,0,2026-09-19T06:33:44.893221+00:00
g4h29mJufpc,Ugwwn__KNYJ8TJiZXJB4AaABAg,못사면 안사는게 맞음 빛내서 사는게 이상한거지,2026-09-11T09:14:39Z,0,0,2026-09-19T06:33:44.893221+00:00
g4h29mJufpc,UgwABx9EtwA-dZccpCt4AaABAg,저도 청약통장해지하면서 그냥 신축급아파트 6억이하로 구매했어요 청약으로 당첨되어도 가산점으론 택도 없고 아파트 가격은 계속올라가니 더 늦기전에 결정했네요~,2026-09-11T09:14:34Z,0,0,2026-09-19T06:33:44.893221+00:00
g4h29mJufpc,Ugw_FGkfJgd9ZCKz0G94AaABAg,"부양가족이 3명 이상 되는 사람 아니면 
통장 100년 들고있어도 당첨가점 안나옴",2026-09-11T09:14:27Z,0,0,2026-09-19T06:33:44.893221+00:00
g4h29mJufpc,Ugw3m6v6PSl9kxFwEU54AaABAg,"청약통장 작년에 해지함 730만원
1년사이 그돈 주식해서 4000만원됨 
청약어차피 안되기도하고 어차피 못살아파트기에 그돈 불리는게 낫겟자싶어어 주식해서 잘불리는중",2026-09-11T09:13:26Z,0,0,2026-09-19T06:33:44.893221+00:00
g4h29mJufpc,UgxQENfu09jfdlxjAE14AaABAg,"현실적으로 필요없슴..
근데 소액이라 혹시 몰라서 들고 있을뿐",2026-09-11T09:13:07Z,0,0,2026-09-19T06:33:44.893221+00:00
g4h29mJufpc,UgzTojoU49a6usZk3Qt4AaABAg,앞으로 정책 또 어떻게 바뀔지 모르니 냅두는게 좋음. 차피 큰 돈도 아니잖아.,2026-09-11T09:12:12Z,6,0,2026-09-19T06:33:44.893221+00:00
g4h29mJufpc,UgzLnJyHY-15rUfeTx14AaABAg,전~~~~혀 쓸데 없는 통장임 이글 보면 바로 해지하셈 아무짝에도 쓸모 없습니다,2026-09-11T09:12:06Z,1,0,2026-09-19T06:33:44.893221+00:00
g4h29mJufpc,UgwSFhRhLC54CmJQeRR4AaABAg,당장 그 돈 없어 굶는 게 아니면 해지하지마라. 말했다. 다 정치꾼들의 술수다.,2026-09-11T09:11:31Z,0,0,2026-09-19T06:33:44.893221+00:00
g4h29mJufpc,UgwdFPoUvkabiNI9o0B4AaABAg,1인가구를  위해  해봐라,2026-09-11T09:10:30Z,0,0,2026-09-19T06:33:44.893221+00:00
g4h29mJufpc,UgwvzFWmF35_2fiA-D94AaABAg,다들 같은 생각이구나.. 나도 일단 필요 없어졌지만 그냥 비상금으로 유지중😂,2026-09-11T09:10:19Z,0,0,2026-09-19T06:33:44.893221+00:00
g4h29mJufpc,Ugyldd6qojL0n638oTJ4AaABAg,서민들 주택 구매할수 있게 만든게 청약통장인데 현실은 임대주택 들어가라고 떠미는중.,2026-09-11T09:10:14Z,0,0,2026-09-19T06:33:44.893221+00:00
g4h29mJufpc,UgxCBIcoBh1llzEMZNV4AaABAg,"10만원씩 119회 넣었는데, 나중에 중고차   살때나 보태야지",2026-09-11T09:10:12Z,79,3,2026-09-19T06:33:44.893221+00:00
g4h29mJufpc,UgwBaxqORM85SwN9mcl4AaABAg,아니 근데.. 공공임대주택을... 사람이 살기 좋은곳에 지어야지.. 덩그러니 ... 도심이랑 떨어진 곳에 지어놓고.. 청년들이 안들어 온다고 하믄.. 어떻게...... ;;,2026-09-11T09:09:45Z,0,0,2026-09-19T06:33:44.893221+00:00
g4h29mJufpc,Ugyip9-iz5_z05jW_Kd4AaABAg,소비는 결혼만으로는 늘지도 않아. 경제에 더 도움 안돼. 아이를 낳아야지 그전까진 싱글이 더 쓴다 돈.,2026-09-11T09:09:43Z,0,0,2026-09-19T06:33:44.893221+00:00
g4h29mJufpc,UgyEtpbECZWjj9ERWAJ4AaABAg,적금 느낌으로 그래도 계속 가져가려고요,2026-09-11T09:09:02Z,0,0,2026-09-19T06:33:44.893221+00:00
g4h29mJufpc,Ugz7VQpHhaONuNeLue94AaABAg,돈 천만원 묶여있어서 주식 못한다고 징징대는 놈들은 그냥 곱게 청약에 넣어 두는게 좋을텐데?,2026-09-11T09:08:29Z,0,0,2026-09-19T06:33:44.893221+00:00
g4h29mJufpc,UgxEBlNyhqB8NLOzi7B4AaABAg,"나도 이번에 깸 ㅇㅇ

청약 탈출은 지능순",2026-09-11T09:08:00Z,1,0,2026-09-19T06:33:44.893221+00:00
g4h29mJufpc,UgxcmmWHmEDYpBHHvop4AaABAg,느낌이 온다. 그 불운한 느낌이 ㅋㅋㅋㅋ 과연 10년 뒤에 어중간한 아파트를 살 사람이 남아있을까?,2026-09-11T09:07:25Z,10,3,2026-09-19T06:33:44.893221+00:00
g4h29mJufpc,UgxeCUSryCWsERICFed4AaABAg,내 청약저축 결국 부동산 대출로 간다는 거임? 그럼 뭐하러 청약 드냐 ㅋㅋㅋㅋ 남 좋은일 시키는 거네. 그게 지렛대 되어서 청약저축 한 사람에게 돌아온다는 거잖아. 그럼,2026-09-11T09:06:59Z,1,0,2026-09-19T06:33:44.893221+00:00
g4h29mJufpc,Ugy1WXddCioLZXFQHQF4AaABAg,공공임대 한다는데 무슨 청약이야~~한잔해~,2026-09-11T09:06:28Z,0,0,2026-09-19T06:33:44.893221+00:00
g4h29mJufpc,UgxfIRevMBQf_0-HTbh4AaABAg,"가령 분양가 8억 중 100% 8억 대출 해줘도 원리금 갚을 엄두가 안나서 월세살이 임대살이 하다 20년 후 인구 줄고 지방소멸 하면 지방 광역시 변두리에 사는게 그나마 현실적일 것 같음

 물론 달에 5만원 10만원만 넣어도 되서 일단 유지는 하는데 쓸 일은 없을 것 같은 느낌",2026-09-11T09:06:00Z,0,0,2026-09-19T06:33:44.893221+00:00
g4h29mJufpc,Ugx1tE08a5EUwUWbxG54AaABAg,분양가상한제를 확대하면좋겠음ㅜ,2026-09-11T09:05:55Z,1,0,2026-09-19T06:33:44.893221+00:00
g4h29mJufpc,Ugz8IC0GItEkHUVZ5cN4AaABAg,"음 난 어지간한 적금통장보다 청년주택청약통장 이자율이 높아서 갖고있는디..
내 기억에는 1년 안에 2000만원 이상 납입 가능하고 4% 수준 이율이니깐..
요즘같이 박스피 들어가면 주식으로 4% 벌기도 힘드니 적은 목돈 넣어놓기에 괜춘하지 않나",2026-09-11T09:05:28Z,0,0,2026-09-19T06:33:44.893221+00:00
g4h29mJufpc,UgzConmBayTICHUdxj94AaABAg,청약통장 혜택을 자녀한테 줄 수 있으면 좀 더 사람들 유입을 노려 볼 것 같은데요,2026-09-11T09:05:07Z,0,0,2026-09-19T06:33:44.893221+00:00
g4h29mJufpc,UgzIsXjfnDpx2_kvY4F4AaABAg,"좋은 영상 감사합니다😊
크랩 너무 유익하고 재밌습니다.",2026-09-11T09:05:02Z,2,1,2026-09-19T06:33:44.893221+00:00
g4h29mJufpc,UgyziOpGJXMtcd8aWCF4AaABAg,정부의 잘못된 정책으로 인한 피해는 고스란히 국민이 피해보는것. 부동산 때리는척 하면서 대출막는건 ㄹㅇ 좌파정부 특인가 싶음 문재인의 꼬리같은 정부임,2026-09-11T09:04:49Z,1,0,2026-09-19T06:33:44.893221+00:00
g4h29mJufpc,UgxusWhplAa7cOB-kWN4AaABAg,근데 디딤돌대출 받을때도 청약통장있으면 우대금리적용 되던데 물론 그 금액이 묶이긴 하지만..,2026-09-11T09:04:15Z,0,0,2026-09-19T06:33:44.893221+00:00
g4h29mJufpc,UgyRhc4Nx9U8L-lGn2h4AaABAg,해지하지마요,2026-09-11T09:03:32Z,0,0,2026-09-19T06:33:44.893221+00:00
g4h29mJufpc,UgzTs70a9vFnmjQDYul4AaABAg,ㅋㅋ 이자로 월 1-2백씩 나가는데 그냥 그돈 주식해라 ㅋㅋㅋ,2026-09-11T09:02:06Z,21,0,2026-09-19T06:33:44.893221+00:00
g4h29mJufpc,UgxxeCF_CdzxKkOnXDp4AaABAg,서울아파트 분양가는 15억 스타트 인데 ㅋㅋㅋㅋㅋ 돈없어서 싸게 살려는게 청약통장의 장점인데 전혀 메리트가 없음 그돈으로 SP500 넣는게 나음,2026-09-11T09:01:31Z,0,0,2026-09-19T06:33:44.893221+00:00
g4h29mJufpc,UgxkS8UAuua5MjD22SB4AaABAg,"초보: 뭐야 청약통장에서 돈 빼서 주식에 넣는게 이득이잖아?


고수: 아 이제 주택기금 부족해지니까 정부가 주식이나 다른곳에 돈 넣는걸 더 규제해서 청약통장에 넣게 유도하겠구나",2026-09-11T09:01:25Z,0,0,2026-09-19T06:33:44.893221+00:00
g4h29mJufpc,UgzucMwEG5jesTdZcKR4AaABAg,"10% 이내의 자수성가형 사업가, 자영업자, 알뜰살뜰 모은 직장인 빼고는 부모찬스 아니면 현실적으로 불가능이다.",2026-09-11T09:01:24Z,0,0,2026-09-19T06:33:44.893221+00:00
g4h29mJufpc,UgzSEuO7Qz-ZFAUF4ct4AaABAg,너희들이 뽑았어 ~ 빈익빈 부익부 정부,2026-09-11T09:00:51Z,1,0,2026-09-19T06:33:44.893221+00:00
g4h29mJufpc,UgxRm4VFw5-lFv-6J954AaABAg,나는 처음부터 알았는데 7 8년전쯤인가 청약통장 들라길래 뭔가하고 봤더니 이 십? ㅈㄴ의미없잖아? 바로 거절,2026-09-11T08:59:16Z,0,0,2026-09-19T06:33:44.893221+00:00
g4h29mJufpc,UgyhQ9RGcV028GIn-514AaABAg,뭐긴 뭐야 사람들이 이제 다 로또인걸 다 안거지. 좋은 지역은 당첨 확률도 거의 희박한대 그 사람들 자금으로 건축하고 자금 융통했으면 댓가를 지불해야지. 꽁으로 이용 하려고 하니 사람들이 기회비용 따지는 거지. 청약 복권 살돈으로 복리를 추구하려는 거지.,2026-09-11T08:58:37Z,0,0,2026-09-19T06:33:44.893221+00:00
g4h29mJufpc,Ugzsc501Wob0nGjxmid4AaABAg,"진짜 진영논리에 혀사는 인간들이 제일 멍청함 사다리 걷어차는건 진보 보수 안가린다니까?
저것들 그냥 다 기득권일 뿐 각자 입장을 견지하며 지 밥그릇 챙기면서 덤으로 나라 망치는데 앞장서는 인간들 그 이상도 이하도 아님
젊은 정치인이라는 것들도 그냥 기득권 서클 안에 들어가려고 온몸비틀기 하는 청년이지 무슨 뜻있고 열정있는 그런 청년 정치인 그딴것도 없더만",2026-09-11T08:58:02Z,2,1,2026-09-19T06:33:44.893221+00:00
g4h29mJufpc,UgwWDFu2347JTHCjb9J4AaABAg,집값 누가 올렸게?,2026-09-11T08:57:32Z,1,0,2026-09-19T06:33:44.893221+00:00
g4h29mJufpc,UgwnAedUesFnS4uf7oh4AaABAg,거래가 줄어야 집값도 떨어진다.,2026-09-11T08:56:46Z,1,1,2026-09-19T06:33:44.893221+00:00
g4h29mJufpc,Ugz-QWeO8GbtOYmU6Hl4AaABAg,"일본 처럼 부동산 시장  봉괴 한번되야 
집값이 정상됨",2026-09-11T08:56:12Z,0,0,2026-09-19T06:33:44.893221+00:00
g4h29mJufpc,Ugz493xnbN1Jo-mcvDB4AaABAg,집을 못 사는데 어떻게 결혼을 하냐.,2026-09-11T08:56:03Z,1,0,2026-09-19T06:33:44.893221+00:00
g4h29mJufpc,Ugwc5jyRBhuP4N57uV14AaABAg,죄명이 작품,2026-09-11T08:55:27Z,2,0,2026-09-19T06:33:44.893221+00:00
g4h29mJufpc,Ugx141H5ICpjviAmA-l4AaABAg,당첨되려면 점수 쌓는데 최소 20년 이상에 자녀까지 있어야 하는데 분양가도 너무 비싸서 당첨돼도 감당을 못함ㅇㅇ 청약통장 연 300씩 넣을 돈으로 걍 재테크 하는게 나음,2026-09-11T08:54:40Z,0,0,2026-09-19T06:33:44.893221+00:00
g4h29mJufpc,Ugy25AfL09C8hQf-q-B4AaABAg,지방도 집값 존나 비싸서 청약되도 대출이 안나옴...서산당진도 작년엔 3억 즈음 이었는데 지금은 4억 찍음,2026-09-11T08:54:36Z,16,1,2026-09-19T06:33:44.893221+00:00
g4h29mJufpc,Ugx_zNPJ3y8d1V_-Le14AaABAg,"전세계에서 노동수익으로 부동산 살수있는 나라가 어딨다고, 헬조선 헬조선 거리는거 개웃기네 ㅋㅋㅋㅋㅋㅋ 딴나라 가봐라 더 헬이다",2026-09-11T08:54:21Z,0,0,2026-09-19T06:33:44.893221+00:00
g4h29mJufpc,UgwsKIWoyfpwdl-x7B14AaABAg,절세 효과도 있고 급한 돈 있으면 예금 담보 대출 받으면 되지...,2026-09-11T08:53:45Z,0,0,2026-09-19T06:33:44.893221+00:00
g4h29mJufpc,Ugx7gTGufcsKNqmt2zN4AaABAg,직장동료가 수원쪽에 집구할때도 신혼부부+최저임금+자녀둘+청약 5년이상인데도 떨어지던데...,2026-09-11T08:53:22Z,19,2,2026-09-19T06:33:44.893221+00:00
g4h29mJufpc,Ugwtc3t-EZxcW3efoPl4AaABAg,어차피. 요즘 서울 신축 분양가 20억은 기본이다.  경기도는 최소 10억.   당첨되도 자기자본. 최소 현금 5- 10억 이상 있어야 한다. 대출. 6억 받는다고 가정해서.,2026-09-11T08:53:03Z,0,1,2026-09-19T06:33:44.893221+00:00
g4h29mJufpc,UgxNeTgZDOL2k3uui0h4AaABAg,대출의 문제가 아님 ㅋㅋㅋ 에초에 대출을 받아도 살수가 없어 ㅋㅋㅋ 당첨이 되도 살수가 없는데 왜 유지를 하겠음 ㅋㅋㅋ,2026-09-11T08:53:03Z,3651,27,2026-09-19T06:33:44.893221+00:00
g4h29mJufpc,Ugx_cttjUtKEtQF4Gk94AaABAg,집포기 인생포기중,2026-09-11T08:52:40Z,0,0,2026-09-19T06:33:44.893221+00:00
g4h29mJufpc,UgzIy0XG1bsvyrHugFt4AaABAg,집있으면 죄인 취급하는 나라ㅋㅋ,2026-09-11T08:51:29Z,1,0,2026-09-19T06:33:44.893221+00:00
g4h29mJufpc,UgzvRAxVWCsUrslUUuJ4AaABAg,대출 다 막아놨는데 어떻게함? 서울이랑 붙어있는 경기도 청약도 생각보다 경쟁률 높음...... 그리고 이미 기회가 다 지나갔음,2026-09-11T08:51:29Z,11,2,2026-09-19T06:33:44.893221+00:00
g4h29mJufpc,Ugwt-tvfo_LYuh2UEYh4AaABAg,집값을 낮춰라 - > 안낮춤,2026-09-11T08:51:17Z,0,0,2026-09-19T06:33:44.893221+00:00
g4h29mJufpc,UgzVfqXJ_HmJenveXD54AaABAg,20년 동안 이미 번 돈 쳐넣고 기한 지나면 또 매달리면 되겠지 하는 모지리들이 아니라 이쪽에 돈을 쏟았어야 했다. 그놈의 전세보조금 까준 거 다 세금 손해라고 생각하면 아주 그냥... 이래서 실효성 있는 정책이 필요한 거다.,2026-09-11T08:51:13Z,0,0,2026-09-19T06:33:44.893221+00:00
g4h29mJufpc,UgzvqLaICqAnJt_1Gsp4AaABAg,1인가구인데 랜덤빨로 광명뉴타운에 청약당첨돼서 내년에 들어가는데… 진짜 그때 운 좋았다,2026-09-11T08:50:40Z,1,0,2026-09-19T06:33:44.893221+00:00
g4h29mJufpc,Ugwr6eXKaFFX29HI7qx4AaABAg,추첨제 늘려 물량이 줄어들어 69점 만점도 당첨이 안되는데 청약을 오래 유지할 이유가 없음. 가점제 비율을 오히려 높이고 분양가상한제를 걸어놓아 일정기간 가점을 쌓으면 당첨이 된다는 확신 생긴다면 하지말라고 해도 청약통장 유지할거임,2026-09-11T08:50:27Z,0,0,2026-09-19T06:33:44.893221+00:00
g4h29mJufpc,UgxrD3OMKuHglOoGA8F4AaABAg,월 납입한도 줄이고 걍 유지 시켜놨음,2026-09-11T08:50:24Z,10,0,2026-09-19T06:33:44.893221+00:00
g4h29mJufpc,Ugwhi107cFtJEMb3VEh4AaABAg,나도 지방러라 굳이 필요없을거같아서 깰까말까 고민했는데 다음주에 깨러 갑니다,2026-09-11T08:50:16Z,10,0,2026-09-19T06:33:44.893221+00:00
g4h29mJufpc,UgxqZXXrgUPehG9edPF4AaABAg,"수도권은 아파트값이 비싸서 청약통장 있으나마나
지방은 어차피 미분양",2026-09-11T08:49:57Z,30,0,2026-09-19T06:33:44.893221+00:00
g4h29mJufpc,UgzB7ZIruF2hxqqc8oJ4AaABAg,1인 가구는 점수 낮아서 어차피 못받으니까,2026-09-11T08:49:52Z,2386,34,2026-09-19T06:33:44.893221+00:00
g4h29mJufpc,UgzaCH7h4XiCxzdLzWd4AaABAg,청약통장에 돈 묶여서 여러모로 귀찮았다. 희망고문만 오질라게하고 쓸모는 없고. 합법적으로 삥뜯는거지,2026-09-11T08:49:51Z,16,0,2026-09-19T06:33:44.893221+00:00
g4h29mJufpc,Ugxdysg1WUmQM1d2eGp4AaABAg,이거보고 잊고있던 청약통장이 생각났네,2026-09-11T08:49:49Z,2,0,2026-09-19T06:33:44.893221+00:00
g4h29mJufpc,UgxUMCMyGl9dvNNKfVp4AaABAg,"건축업자, 금융업자(은행), 세금쟁이(정부) 이 인간들이 협작질을 해서리 ....",2026-09-11T08:48:23Z,0,0,2026-09-19T06:33:44.893221+00:00
g4h29mJufpc,Ugyc5HgDTeK7UFwqDvJ4AaABAg,남 좋은 일만 시키는  계돈 ..,2026-09-11T08:47:54Z,47,1,2026-09-19T06:33:44.893221+00:00
g4h29mJufpc,UgzAvxlv--ZMs4joQ1F4AaABAg,"나를위한 목적으로 통장에 돈을 넣었는데.  
내돈으로 나와관계없는 자들에게 투자해서 , 
내 생활이 역전되는 기분 어떨런지  감히 감당이나 할수있겠냐 ??? ㅋㅋ
로또 복권도 이참에 끊었다..",2026-09-11T08:47:44Z,0,0,2026-09-19T06:33:44.893221+00:00
g4h29mJufpc,Ugz8YF6aJkAVGcvH_4x4AaABAg,"당첨 > 비쌈 > 대출 이자 감당못함
청약통장 냅두는 이유 > LH,SH,GH 등 청약납입횟수 가산점받는용도. 그래서 최저2만원씩넣는중",2026-09-11T08:47:41Z,167,7,2026-09-19T06:33:44.893221+00:00
g4h29mJufpc,UgyhNe0Biwk7rAdxPIB4AaABAg,"지금은 쓸모없는게 맞는데 나중에 정책이 또 어떻게 바뀔줄알고?
청약통장에 ㅈㄴ 큰 돈이 들어가있으면 모를까 대부분은 최소치로 맞춰놓았을건데 그거 해봐야 뭐 몇백이나 된다고",2026-09-11T08:47:23Z,7,9,2026-09-19T06:33:44.893221+00:00
g4h29mJufpc,UgxYAAxHJtiVNn6CHG94AaABAg,청년들이 내 집 마련하는데 얼마나 힘들까,2026-09-11T08:47:01Z,5,0,2026-09-19T06:33:44.893221+00:00
g4h29mJufpc,UgxUlO5IBOWbCntO8xx4AaABAg,임대로 눈돌려도 청년 1인은 19평방미터 골방에나 살라고~,2026-09-11T08:46:27Z,21,5,2026-09-19T06:33:44.893221+00:00
g4h29mJufpc,UgxLKVkyC3wS_AWzKK14AaABAg,"이번 정부도 고가 주택 보유세 엄청 약하게 매긴걸로 봐서 집값 잡을 생각이 없음
현재는 지난 정부말 금리 4차례 인하로 급상승 중이지만 다시 찾아온 금리 상승으로 인한 긴축기라 집값은 하락할 예정이긴 한데 보유세를 건들이거나 공정시장가액 비율을 상승 시켜 무리한 영끌로 집을 추격 매수 하는걸 막지 않으면 몇 년 뒤 찾아올 금리 하락기에 또 크게 상승할것 같습니다.",2026-09-11T08:45:37Z,1,0,2026-09-19T06:33:44.893221+00:00
g4h29mJufpc,UgzNAN74_i4z0HuNK4h4AaABAg,"몇년 사이 급격하게 집값이 폭등해서 못산 사람들 위해 대책 만들어 달라고 했더니, 누구도 집을 못 사게 만들어 놓음 ㅋㅋㅋ",2026-09-11T08:44:31Z,6,1,2026-09-19T06:33:44.893221+00:00
g4h29mJufpc,UgzYVS9d5mp_mkX0Wvh4AaABAg,"싱글에 가입 계월만 긴 최하점인데...고민만 하고 해지는 아직 안한 상태.
작년에 그냥 마음잡고 해지할 껄 그랬음
그랬으면 하닉 투자금 늘려서 수익금 엄청 봤을거 같은데
청약 잡고 있는 것 보다 훨 나았을거 같다.
반도체 사이클 지나고 나니까 
목돈이 더 필요가 없어진 상태니까..해지도 안하고 그냥 계륵 같음..",2026-09-11T08:44:20Z,4,0,2026-09-19T06:33:44.893221+00:00
g4h29mJufpc,Ugx301eOPi1zpqPUAyV4AaABAg,부동산라는게 정치의 입김이 강해서 일단 언제 어떻게 될지 몰라서 1순위 만들어 놓고 방치중인데,2026-09-11T08:44:11Z,1,0,2026-09-19T06:33:44.893221+00:00
g4h29mJufpc,UgwKoqMnEUOjmu-YpIN4AaABAg,청약 돼도 평수도 쥐콩만한 평수라 아파트 가족 단위로 살면 요즘 30평대가 기본이지 누가 25평미만 사냐..,2026-09-11T08:43:11Z,0,0,2026-09-19T06:33:44.893221+00:00
g4h29mJufpc,UgyvwhZ2X0YgoPBjl2p4AaABAg,"0:18 내집마련 이야기 하는데 -> 근로소득보다 높은 자산 형성(팔아야/남에게 비싸게 떠넘기는데 성공해야)
-> 왜 이런 흐름으로 이어지는 건데? ㅋㅋㅋ

결국 전 국민이 내집마련에 목매다는 건 개구라고, 내가 주거할 목적이 아니라 남에게 비싸게 떠넘기는게 목적이라는 거잖아 ㅋㅋㅋㅋ",2026-09-11T08:41:03Z,7,4,2026-09-19T06:33:44.893221+00:00
g4h29mJufpc,Ugz4IEB2t3zMSyM9I3B4AaABAg,"90회이상 해둔거도 해지 할까 말까 한달 고민 하다가 
냅뒀었지...",2026-09-11T08:40:56Z,0,0,2026-09-19T06:33:44.893221+00:00
g4h29mJufpc,Ugy9AAUFngOma0UzXyF4AaABAg,1급지 집 있어도  청약 20년 넘고 이자 주니 걍 들고 있는데? 일단 들고 가는거지,2026-09-11T08:40:51Z,0,0,2026-09-19T06:33:44.893221+00:00
g4h29mJufpc,Ugxr3JlOCA0ptHF55SN4AaABAg,집사느니주식삼,2026-09-11T08:40:40Z,1,0,2026-09-19T06:33:44.893221+00:00
g4h29mJufpc,UgzQnSqDlHsXKgC-h4R4AaABAg,레버리지도 못하게 하는데 무ㅗ ㅋ,2026-09-11T08:39:51Z,0,0,2026-09-19T06:33:44.893221+00:00
g4h29mJufpc,UgxNvLDTnrBVp_schsh4AaABAg,"물가가 너무 빠른 속도로 오름
물가보다 부동산 시세는 더 빠르게 오름
내 연봉은 거기에 비교해서 쥐꼬리 만큼 오름",2026-09-11T08:39:33Z,0,0,2026-09-19T06:33:44.893221+00:00
g4h29mJufpc,Ugzb_rWy0iuxCjOv07N4AaABAg,"가장 핵심은 신규 주택 가격이 너무나 높다는 거.
이거 해결하지 않으면 방법이 없음. 
전부 다 뜬구름 잡고 있음.",2026-09-11T08:39:27Z,0,0,2026-09-19T06:33:44.893221+00:00
g4h29mJufpc,UgzTjTUS79Hv-AWOrPt4AaABAg,천안시 어떤가요??,2026-09-11T08:37:20Z,0,1,2026-09-19T06:33:44.893221+00:00
g4h29mJufpc,UgypwLDOIZzDExN9-Fd4AaABAg,지역은 뭐여? 지방을 지역이라고 부르기로했어? 언제부터?,2026-09-11T08:36:49Z,0,0,2026-09-19T06:33:44.893221+00:00
g4h29mJufpc,UgxSAfOvKABzwU4ejM94AaABAg,안하길 잘했네,2026-09-11T08:36:15Z,0,0,2026-09-19T06:33:44.893221+00:00
g4h29mJufpc,UgyDGCp6x4cWgsUrZB14AaABAg,"당첨되도 못사니까 해지하는거지뭐
다른이유 다 필요없지...",2026-09-11T08:34:49Z,0,0,2026-09-19T06:33:44.893221+00:00
g4h29mJufpc,UgwTF6Ji9CvyN3m4E0l4AaABAg,"대출규제 강한게 너무 크지..
비싸도 집값만 올라간다면, 살텐데
대출을 막아버리니 뭐..",2026-09-11T08:34:00Z,0,0,2026-09-19T06:33:44.893221+00:00
g4h29mJufpc,UgxcoxGIXD2FJrHCfw54AaABAg,진짜 1인 가구는 몇십년 부은 통장도 쓸모가 없더라... 거주의 안정이 결혼으로 이어지는거지;;,2026-09-11T08:32:30Z,300,7,2026-09-19T06:33:44.893221+00:00
g4h29mJufpc,UgwfRafu_dfKWz5lS3J4AaABAg,현금 5억 없으면 수도권은 꿈도 꾸지 마라.,2026-09-11T08:32:21Z,0,1,2026-09-19T06:33:44.893221+00:00
g4h29mJufpc,UgwhJ92Kk8NecwZzSiJ4AaABAg,청약 통장 가점 컷이 너무 높아 그냥 주택을 매입하고나면 청약을 넣을 수 없게 만들어놨으니....,2026-09-11T08:31:47Z,5,3,2026-09-19T06:33:44.893221+00:00
g4h29mJufpc,UgzMFq7FjCUh34a3Cw54AaABAg,"청년들이 집을 사는걸 포기하고 있는거임… 
인구 감소에 부동산 시세를 생각하면 실제 수요층이 계속 줄 수 밖에 없음.",2026-09-11T08:31:30Z,1068,36,2026-09-19T06:33:44.893221+00:00
g4h29mJufpc,UgzMqrCPIJtwRKQz-zV4AaABAg,당청되도 못사는게 본인들이 연봉이 낮아서 그런거잔아 그걸 왜 정부탓을해,2026-09-11T08:31:21Z,0,0,2026-09-19T06:33:44.893221+00:00
g4h29mJufpc,UgxOz1GU5WY2AelKg094AaABAg,"6:12 *부모님께서 희망을 갖고 나 4살 때부터 2만원씩 거의 20년을 넣어주셨는데,, 무용지물이다 ㅠㅠ*",2026-09-11T08:31:07Z,311,13,2026-09-19T06:33:44.893221+00:00
g4h29mJufpc,UgzC5-wvy6R1TzntPDd4AaABAg,우파정권이 들어서면 다시 집값이 좀 낮아지거나 잡히겠지.,2026-09-11T08:30:57Z,2,0,2026-09-19T06:33:44.893221+00:00
g4h29mJufpc,Ugx9tmHV6_-mYq2UyKd4AaABAg,아주 갈기갈기 찢어 버리는구나😂😂,2026-09-11T08:29:34Z,0,0,2026-09-19T06:33:44.893221+00:00
g4h29mJufpc,UgxD9ciduPsy4TpjXKp4AaABAg,살 수있는 아파트를 지어,2026-09-11T08:28:46Z,0,0,2026-09-19T06:33:44.893221+00:00
g4h29mJufpc,UgzkrXRGVOKRCuKl-094AaABAg,어짜피 우리같은 청약 혜택 못받는 사람들는 대출 혜택도 없어서 피해만 본다. 남 좋은 일이지 뭐,2026-09-11T08:28:34Z,22,0,2026-09-19T06:33:44.893221+00:00
g4h29mJufpc,UgzSewv6dob7EkRTCHt4AaABAg,청약금리 6퍼센트로인상해라,2026-09-11T08:28:04Z,1,0,2026-09-19T06:33:44.893221+00:00
g4h29mJufpc,UgxxbALjzLIq8WhfRbd4AaABAg,한마디로 이재명의 무능으로 일어난 현상이네. 청약통장 가입자가 줄어들면 주택기금도 줄어서 서민주택 공급은 더 감소하고... 결국 보통 서민들만 죽어나가는 구나...,2026-09-11T08:27:52Z,2,1,2026-09-19T06:33:44.893221+00:00
g4h29mJufpc,UgwcSbr8P9qLem6zKuR4AaABAg,설령 당첨되도 못 산다는게 더 결정적이지 않아?,2026-09-11T08:26:07Z,1,0,2026-09-19T06:33:44.893221+00:00
g4h29mJufpc,UgwgtJ33FZLZdgudKq14AaABAg,"일 잘하는 정부네
사다리 좀 더 부셔라
집 있고 땅 있으니까 공기업에서 정년까지 뻐겨야제~",2026-09-11T08:25:31Z,1,0,2026-09-19T06:33:44.893221+00:00
g4h29mJufpc,Ugz2d9VAhDUm9zNjf4V4AaABAg,"그냥 분양가상한제 = 상한에 걸려서 부실 아파트
분양가상한제 없음 = 그냥 짓던대로 부실 아파트
분양가 상한제 없으면 청약 자체가 로또가 안되는데 무주택으로 계속 사람 묶어가면서 희망고문만 하고 돈 뽑아 쓰는거임",2026-09-11T08:24:46Z,3,0,2026-09-19T06:33:44.893221+00:00
g4h29mJufpc,UgwfDVJmo5MdeSscn054AaABAg,서민이 청약으로 서울집을 영끌해서 들어가는 구조 자체가 비정상임..,2026-09-11T08:24:39Z,0,0,2026-09-19T06:33:44.893221+00:00
g4h29mJufpc,UgxmnaUsxUFAqOMU-qB4AaABAg,8년 부은 청약 통장 현재 돈 안 넣고 있는 중,2026-09-11T08:22:04Z,0,0,2026-09-19T06:33:44.893221+00:00
g4h29mJufpc,Ugx3pU53hpy6I3TXzwp4AaABAg,영상 올라온게 귀신같네요... 안그래도 어제 16년째 붓던 청약을 생활비가 없어서 깨고 왔습니다. 많이 아쉽긴 하더군요. 16년째 넣고 있던 청약을 해지하려고 하니까 은행원도 정말 해지하실꺼냐고 2번정도 되묻더라구요....,2026-09-11T08:21:39Z,330,14,2026-09-19T06:33:44.893221+00:00
g4h29mJufpc,UgwZj6X1wEhm0OukBxF4AaABAg,더불어근저당의 위엄,2026-09-11T08:19:35Z,2,0,2026-09-19T06:33:44.893221+00:00
g4h29mJufpc,Ugw6-GSBELRlCFM-HmN4AaABAg,어차피 당첨되기도 힘들고 당첨돼도 쓸 수가 없음 ㅋㅋㅋ,2026-09-11T08:19:21Z,256,0,2026-09-19T06:33:44.893221+00:00
g4h29mJufpc,UgykLRBOW-sqzX46lb94AaABAg,"아무리 돈이 급해도 굳이 청약 통장까지 깰필욘 없는듯?
설령 집 안살거여도 그냥 두는게 나음",2026-09-11T08:19:00Z,1,0,2026-09-19T06:33:44.893221+00:00
g4h29mJufpc,UgxcMcPDE4Sbd6y7vDd4AaABAg,뭐 청약에 한달 수백만원 꽂는것도 아닌데 기간도 가점이니 몇 만원이라도 납부하면서 적금한셈치고 유지해두세요. 분위기에 휩쓸리지말고.,2026-09-11T08:18:53Z,51,5,2026-09-19T06:33:44.893221+00:00
g4h29mJufpc,UgwrhKCvwirvfMRQMut4AaABAg,나도6년넣던거 해지함,2026-09-11T08:18:19Z,0,0,2026-09-19T06:33:44.893221+00:00
g4h29mJufpc,UgwaPH5jdebYxn-P7fR4AaABAg,운좋게 당첨되면 뭐해 그거 20대가 살수있겠냐?  돈없어서 못사,2026-09-11T08:17:16Z,104,10,2026-09-19T06:33:44.893221+00:00
g4h29mJufpc,UgwkJshu__l7Uo9abPd4AaABAg,"서울권에 당첨된다는거도 너무 비현실적이고
된다해도 웬만한 직업아닌이상 대출도 빡센데
계약금 중도금 상환금까지 평생 대출금 갚다가 죽을판",2026-09-11T08:17:05Z,0,0,2026-09-19T06:33:44.893221+00:00
g4h29mJufpc,Ugym5ebnEHLM2klmKC94AaABAg,"다 추첨제로 하되, 납입액 월 10만원, 추첨 비율을 10년은 전체의 10% 20년은 전체의 20% 30년은 전체의 30% 40년은 전체의 40% 이런식으로 하면 어떨까요",2026-09-11T08:17:05Z,0,1,2026-09-19T06:33:44.893221+00:00
g4h29mJufpc,UgwwvvHZlwv22IYJTpl4AaABAg,인생 어찌될줄 알고. 유지하는게 낫다고 본다. 큰돈 들어가는것도 아닌데,2026-09-11T08:16:30Z,9,0,2026-09-19T06:33:44.893221+00:00
g4h29mJufpc,UgzDD2CrC3QMpcJkRaJ4AaABAg,국민임대 같은건 청약횟수로 뽑는데 .. 부모님 노후대비 안돼있거나 본인도 어렵다 싶으면 꼭 유지하고 최대회차 유지하는게 좋아,2026-09-11T08:16:17Z,18,0,2026-09-19T06:33:44.893221+00:00
g4h29mJufpc,UgzqXIkgko5ZRpWsSl54AaABAg,1주택 유지해라. 투자과열지구 규제. (강남 서초 송파에 거주하며),2026-09-11T08:15:47Z,0,0,2026-09-19T06:33:44.893221+00:00
g4h29mJufpc,UgzA0-43jbUH82bixa94AaABAg,돈 있는 집들만 좋지 대다수 서민한텐 그림의 떡인데 되겠냐에요,2026-09-11T08:15:43Z,0,0,2026-09-19T06:33:44.893221+00:00
g4h29mJufpc,UgxlptNLQRp9oi1Nocp4AaABAg,"청약 통장 해지 사유 요약 : 
1. 분양가가 너무 비싸서 당첨돼도 감당 못함.
2. 대출 규제가 강해서 당첨돼도 감당 못함.
3. 서울 아파트 청약 가점 평균이 65.81점 (84점이 만점)
4. 지방은 청약 통장 없어도 주택 구매 가능
5. 오히려 1인 가구는 불리함",2026-09-11T08:15:25Z,3673,72,2026-09-19T06:33:44.893221+00:00
g4h29mJufpc,Ugxjija1KTDo1E39NcR4AaABAg,"결혼, 출산을 무슨 수단처럼 생각하는 정부.. 그게 답이가? 젊은 사람들이 진정 원하는 게 뭔지 모르는.",2026-09-11T08:14:57Z,0,0,2026-09-19T06:33:44.893221+00:00
g4h29mJufpc,UgxvrsSsewVcHCPpAY54AaABAg,현금 없는 사회로 가고 잇어서 atm기는 물론 은행 감소도 점점 가속화 붙을거임 당근 청약도 같이~,2026-09-11T08:14:52Z,0,0,2026-09-19T06:33:44.893221+00:00
g4h29mJufpc,Ugz150RooxTer1zwVKV4AaABAg,청약통장 600만원이 국룰 아니었남...,2026-09-11T08:14:38Z,9,3,2026-09-19T06:33:44.893221+00:00
g4h29mJufpc,UgwpIzb0voz7ngyCUAJ4AaABAg,"10년간 열심히 청약 모았는데 아파트값이 3배는 가볍게 오름

원래 계획이면 지금쯤 샀어야 했는데 제자리걸음이고 다음 10년 뒤에 살 수 있을 거란 생각도 안듬

이런데도 청약에 계속 돈 부어봤자 해지할 날만 미룰 뿐 차라리 적금 드는게 훨씬 이자도 많이줌",2026-09-11T08:11:56Z,59,11,2026-09-19T06:33:44.893221+00:00
g4h29mJufpc,UgyE2ffIq_5h6BBG4Dh4AaABAg,"대출이 문제가 아니라니깐? 대한민국 건강보험료 10%이상 내는 맞벌이 부부인데 지금 당장 집을 산다고 하면 살수가 없다.
집에 들어가는 그 어마어마한 돈을 낭비하지만 않는 다면 얼마나 많은 혜택과 윤택을 누리고 살 수 있는데 집으로 장사하는 다주택자만 좋은 구조를 갖고 있으니 문제지",2026-09-11T08:10:49Z,7,2,2026-09-19T06:33:44.893221+00:00
g4h29mJufpc,UgwYZSa7MBoaAYR95s54AaABAg,해지하고 싶지만 또 뭐가 어떻게 바뀔지 모르니 일단 들고는 있는...ㅠㅠ,2026-09-11T08:10:47Z,277,20,2026-09-19T06:33:44.893221+00:00
g4h29mJufpc,Ugw6unlPuOzKuau7o4Z4AaABAg,"아~ 부동산 불패가 청약통장으로 인한 인플레이션이였구나~
청약통장 부추겨서 피 같은돈으로 서울 집값만 올린거란 소리네",2026-09-11T08:09:06Z,3,2,2026-09-19T06:33:44.893221+00:00
g4h29mJufpc,UgwATKLOQicf-tOl9nZ4AaABAg,분양가가 너무 비싸고 비혼가구가 늘어나는데 싱글은 거의 불가능이니 이런 류의 사람들도 다 탈주함,2026-09-11T08:08:56Z,1498,20,2026-09-19T06:33:44.893221+00:00
g4h29mJufpc,UgxL8GFYZ4RtcvZqi654AaABAg,나는 안뽑았는데…,2026-09-11T08:08:20Z,28,2,2026-09-19T06:33:44.893221+00:00
g4h29mJufpc,Ugy6dBnbR0xswv7LZdB4AaABAg,돌고 돌아서 서울에 사람이 너무 많은 게 근본적인 문제인데 이거 안 고치는 이상 지금 영상에서 다루는 주택 문제를 포함한 앞으로 여기저기서 뻥뻥 터질 경제 문제 고치기는 쉽지 않음,2026-09-11T08:08:15Z,133,10,2026-09-19T06:33:44.893221+00:00
g4h29mJufpc,Ugy9Ce7iFONguxKF7iJ4AaABAg,LH부자들,2026-09-11T08:08:08Z,1,0,2026-09-19T06:33:44.893221+00:00
g4h29mJufpc,Ugx45SGP35m_cDwPkDB4AaABAg,당첨되도 돈이없음 ㅅㅂㅋㅋ 대출도 막힘,2026-09-11T08:07:31Z,1,0,2026-09-19T06:33:44.893221+00:00
g4h29mJufpc,UgwAiKJacYe9hQPnbx94AaABAg,"높은 집값과 대출부담,물가상승률이 상승까지 겹치면서 내 집 마련하는데 힘듬.",2026-09-11T08:07:25Z,19,0,2026-09-19T06:33:44.893221+00:00
g4h29mJufpc,UgwSsEaD4Ps2fNgkx6x4AaABAg,"대출 규제로 사다리 걷어차기 당하고, 대출을 풀면 돈 많은 사람이 집을 쓸어가는 구조가 정권 불문하고 반복되는데 집에 목 매달다가 내 목 매달게 생김 ㅋㅋㅋㅋㅋㅋㅋㅋ",2026-09-11T08:07:22Z,35,2,2026-09-19T06:33:44.893221+00:00
g4h29mJufpc,UgxAnHRHs8aSC2BjOBh4AaABAg,나도 확 해지해버리고싶음 애물단지같이 느껴짐,2026-09-11T08:06:39Z,0,0,2026-09-19T06:33:44.893221+00:00
g4h29mJufpc,UgxR1Fe7FH5ydtxS2a14AaABAg,분양가가 이미 호구 모집 수준임,2026-09-11T08:05:35Z,45,0,2026-09-19T06:33:44.893221+00:00
g4h29mJufpc,UgwDln-whxYMbswBDs94AaABAg,이제 청약통장은 분양보단 임대에 쓰이지 않을까 싶다,2026-09-11T08:05:30Z,99,1,2026-09-19T06:33:44.893221+00:00
g4h29mJufpc,Ugz2Gb5v_wbBQwo4G2F4AaABAg,대출을 막았잖아. 어떻게 사 당첨됐다고 ㅋㅋㅋ,2026-09-11T08:05:29Z,7,0,2026-09-19T06:33:44.893221+00:00
g4h29mJufpc,Ugy-iC1alT52WGsWJ8N4AaABAg,이제는 뉴스 차원에서 서울이 아니면 대한민국이 아니라고 보는 구나,2026-09-11T08:04:58Z,132,6,2026-09-19T06:33:44.893221+00:00
g4h29mJufpc,UgyfNSGEZbJFc0aJDAh4AaABAg,더이상 납입은 안해도 들고는 있는게 정상 아닌가?,2026-09-11T08:04:13Z,6,2,2026-09-19T06:33:44.893221+00:00
g4h29mJufpc,UgxSU1nc9xjf4Uccy7t4AaABAg,고분양가 야호~~~,2026-09-11T08:04:08Z,1,0,2026-09-19T06:33:44.893221+00:00
g4h29mJufpc,UgzLcIsbVEIYkc6jkwV4AaABAg,당첨이어도 아니어도 돈이없어서 못삼..십수년 꾸준히 10만원씩 넣었는데 그것마저25만원 넣으라고 하니까 의미가 있나 싶어서 미납하고 해지도 못하고 방치중,2026-09-11T08:04:01Z,34,0,2026-09-19T06:33:44.893221+00:00
g4h29mJufpc,UgydPeWY34p2drSwSBl4AaABAg,"쓸모없는 쓰레기 통장
국가가 국민들돈 묶어두는 용도 
이딴거에 돈묶일빠엔 주식하는게 훨 나음",2026-09-11T08:03:43Z,1113,38,2026-09-19T06:33:44.893221+00:00
g4h29mJufpc,UgxUBBdZjteSn4XQQc54AaABAg,집값 안정화도 해야하고  그리고  그나마 집 살 만한 사람들이   전세사기에 무더기로 당해버리니 이건 국가문제라고 볼 수 있다,2026-09-11T08:03:35Z,7,0,2026-09-19T06:33:44.893221+00:00
g4h29mJufpc,UgwAymf1qOmWPLrGfjx4AaABAg,당첨되도 돈이없고 대출도안됨,2026-09-11T08:01:52Z,9036,167,2026-09-19T06:33:44.893221+00:00
g4h29mJufpc,UgxnIqCXIV1BAS0lK_R4AaABAg,아ㆍ하 ㆍ😮,2026-09-11T08:01:09Z,0,0,2026-09-19T06:33:44.893221+00:00
g4h29mJufpc,UgxCbbuWUYTiutdtCfx4AaABAg,1,2026-09-11T08:01:08Z,1,0,2026-09-19T06:33:44.893221+00:00
