작성시각(KST),댓글,좋아요,답글수,태도,관심사,집값전망,통장행동,comment_id
2026-09-14 00:00,엄청난 운빨 + 받춰주는 능력 + 타고난 부모운이 모두 만나야 살 수 있는게 아파트.,675,3,부정,"가점·당첨확률, 제도 불공정",,,UgzVjWVvhY6eSMys20l4AaABAg
2026-09-14 11:12,결국 진짜 80년도 후반이랑 90년대생들만 피해제일크지...,396,4,해당 없음,,,,UgypX56wGrybWoA6KCF4AaABAg
2026-09-14 14:53,깨지도 못하겠는게...나는 이거 깬다고 딱히 인생에 도움되는 돈도 아님 ㅠㅠ,222,4,부정,,,,Ugw3cim1ecQRe8ynz9l4AaABAg
2026-09-14 13:05,"얼마나 비싸냐?
로또 1등되도 못 삼...",62,0,부정,분양가·집값 부담,,,UgwwngLyf200mcjZT7R4AaABAg
2026-09-13 16:58,진즉에 해약했지.. 집 값이 청약가지고 될 게 아니더라고.... 당첨되도 그냥 해프닝인거지 모.. 풀대출 땡겨도 못 사 😂 아니 산다고 해도 유지가 안돼....,25,0,부정,"분양가·집값 부담, 대출규제·자금조달, 가점·당첨확률",하락,해지,Ugyz9EE-tXK0aci8LKh4AaABAg
2026-09-13 11:18,"당첨자였던 입장으로 말씀을 드리면
배보다 배꼽이 더큽니다
월급쟁이가 돈이 어디에 있겠냐만은 대출도 막혀있는 상태이고
당첨이 되서 집값만 내는것이 아닌 인테리어 가전제품 등등 
그런걸 고려한다면 의미없어요 솔직히 그냥 당첨이 되면 딱 이느낌입니다 "" 박탈감 "" 
당첨된 기분은 잠시고 정말 밀려오는건 돈은 어떻하지?? 아 좆같다는 생각밖에 안듬 ㅋㅋ
대대로 돈이 있는 집아닌이상 이제 불가능 해보였어요
만약에 내가 계약금 잔금 이런걸 전부 해결해도 그후 대출금 이자 갚아가는게 지옥이라 생각했습니다
그래서 결국 포기 하고 나왔습니다 ㅋㅋㅋㅋㅋㅋㅋㅋㅋㅋㅋㅋㅋㅋ
이게 정말 큰꿈을 가지고 넣었는데 현실은 정말 절망적이였다고 생각해요",22,1,부정,"분양가·집값 부담, 대출규제·자금조달",,,UgzSUX0qYNruJ3al1q14AaABAg
2026-09-13 19:14,그냥 적금 붓는다 생각하고 적당할때 해지하는게 나음,21,2,부정,대체 투자·낮은 금리,,해지,Ugzl3cczWANpb6cOExB4AaABAg
2026-09-14 10:23,"비싼집은 돈 없어서 못 사고, 싼 집은 청약이 없어도 살 수 있고...",21,0,양가,분양가·집값 부담,,,UgzCy9tF23gFLPGCTl94AaABAg
2026-09-13 19:11,솔직히 소득공제 아니면.. 여기 부은 2천이 아깝긴해... 근데 공제때문에 안 깨는거야,14,2,양가,임대·대출우대 등 부가 기능,,,UgzCEu9fAshzbmOebMd4AaABAg
2026-09-14 11:33,애초에 분양가가 너무 높음. 문제는 주변 시세보다도 훨씬 높은 경우가 많으니까 분양가 주고 살 바에 미달 뜨면 할인 받고 사는데 훨 나음.,13,0,부정,분양가·집값 부담,,,Ugy1bBqCmoMpkd2hdxR4AaABAg
2026-09-13 09:04,ㅇ국민임대 행복주택도 너무 힘듬..,12,0,부정,임대·대출우대 등 부가 기능,,,Ugw7Ynk5G3fLACYUmd94AaABAg
2026-09-13 16:47,저금리로 일정금액까지 대출 지원이 안되면 청약 의미 없음,8,0,부정,대출규제·자금조달,,,UgzFtSyiF7GmX7WcT2R4AaABAg
2026-09-13 13:57,민주당이 말아먹는 대한민국의 미래,7,0,해당 없음,정부·정치 불신,,,UgwNZ5mSe2xIjQM1S754AaABAg
2026-09-13 16:05,비자 승인되서 내년초 이민간다... 잘있어라 꼬레아... 나도 청약 깨러 가야지,6,0,긍정,,,,UgwV4neUxme1-MWcSjB4AaABAg
2026-09-13 13:26,뭐가 문재인지 이재명확하죠?,4,1,해당 없음,,,,UgwDijuPk_Dix5UMqml4AaABAg
2026-09-13 13:48,"눈을 ""찢""고 봐도 청년 부동산 정책 잘한게 1도없는 역대급 정부임.",4,0,해당 없음,정부·정치 불신,,,Ugxo-1-sbLdsvNqmSf94AaABAg
2026-09-13 15:59,애초에 청약 당첨 주택마련 보다는 금액이나 납입횟수로 혜택보는 것들이 있어서 혹시모르니 최저금액으로 매달 넣는 중.. 그 정도는 부담 되는 것도 아니고 정책이라는게 또 언제 바뀔지 모르니까.. 원래 투자라는게 분산투자가 중요하고 안정자산도 있어야하는 법이니까 여러 길 뚫어놓는다고 나쁜 것도 아니고.. 본인 판단이 확고하거나 어쩔 수 없는 상황이면 뭐 해지하는거지 뭐..,4,0,양가,"대체 투자·낮은 금리, 임대·대출우대 등 부가 기능",,,Ugxjf9Ish9Xj7Ji3I4Z4AaABAg
2026-09-13 20:04,근데 이건 있긴 해야 돼요. 모두가 있어서 디폴트거든요.,3,0,양가,,,,UgzSeMMZCHgoBfXT2x14AaABAg
2026-09-13 21:11,그냥 지방에서 살다가 편한하게 사는 인생도 나쁘지않다고 생각이 듭니다.너무나도 남들과 비교하는 세상이 왔는데 그냥 비교없이 살면 행복한 인생 살거같습니다~너무나도 많은 비교 다른사람들보다는 더 나은 삶을 살아야 성공한다는 막연한 기대감등등.한단계 올라가도 다람쥐 챗바퀴 돌듯이 살아가는데.그게 진짜 정답일까요?,3,0,해당 없음,,,,UgwFlxHf_a6yB4th6TB4AaABAg
2026-09-18 07:15,아예 이자를 좀 높게 줘버리면 적금통장처럼 유지할 사람들은 있을 듯..,3,0,양가,대체 투자·낮은 금리,,,UgyyL1t9gerg2NSnRnF4AaABAg
2026-09-15 15:12,왜 해지하겠냐 주식 물려서 물타기  시드가 없어서 그렇지,2,0,긍정,대체 투자·낮은 금리,,유지,UgwhjT-8y3y40vttKcZ4AaABAg
2026-09-15 08:59,청약은 걍 소액 적금 느낌이지뭐; 그외 아무것도 아님,2,0,양가,대체 투자·낮은 금리,,,Ugxr4UNRYpskwq0tH4R4AaABAg
2026-09-13 02:51,"내 생각에는 일단 빠르면 빠를 수록 개설하는게 좋다. 해지 하지 말아라.  꾸준한 납입이 큰 차이를 보이는건 국민주택이고, 민영주택은 꾸준한 납입은 상관없다. 가입기간 가점은 둘 다 있고. 뭔 말이냐면 개설해서 한 두번만 넣어두고 방치하다가 돈 도 좀 모였고 이제 청약 해봐도 되겠다 할 때 필요 예치금 나머지(미납입분) 한 번에 넣으면 민영주택은 그런거 신경 안쓰니까 꾸준히 납입한 사람하고 점수 같다. 동일 조건에 분양이면 아예 청약통장이 없는 사람과 개설해서 숨만 붙여둔 사람 둘을 비교하면 후자가 우선순위다. 청약통장이라는게 순번 정하려고 하는거지 납입금이 얼마냐 뭐 이런거 보려고 하는것도 아니다. 그리고, 해지가 늘어난다는데. 인구가 주는데 당연한거 아닌가? 직장생활하는 남녀가 각자 청약 통장이 있다치자. 결혼해서 10년 쯤 있다가 분양을 받았다고하면 이제 이 청약통장은 해지하는거다. 이러면 이때 두 계좌가 해지되는거다. 혼자 사는 사람이 당첨되어도 해지할 테니 사라진다. 이 경우는 한 계좌겠지만. 없는것보다 무조건 좋은거다. 그렇다고 저 돈이 사라지는것도 아니고 이자 붙여주잖아. 뉴스에 해지건수가 신규가입보다 높아졌다라는데 이거 당첨되서 해지하는거랑 다 구분해서 미당첨에서도 해지하는것과 비교한건가? 그런거 안나오잖아.",2,0,긍정,임대·대출우대 등 부가 기능,,유지,UgwuelF5Y_p6gXYlLbJ4AaABAg
2026-09-14 20:39,리짜이밍 업적😂,2,1,해당 없음,,,,Ugz9_6C5Rfjq9KTmSbp4AaABAg
2026-09-15 08:57,"서민이 집을 가지면 우경화된다
절대 집을 갖게해선 안됨
철저하게 빈곤층, 서민으로 남아서
계속 표를 주게 만들어야 한다
그래야 장기집권 가능하다",2,1,해당 없음,정부·정치 불신,,,UgxJ3q_8YUw46WSjzjp4AaABAg
2026-09-13 19:26,안유진은 한큐에 샀던데? ㅋ  서민들 풉 ㅋ,2,0,해당 없음,,,,Ugw9QCk4x-AV3a4iFSB4AaABAg
2026-09-14 13:23,원래 신축분양이 제일 쌌었는데 요새 대전만봐도 분양하는게 젤비싸. 가장동이 8억을 부르지 않나 😮,2,1,부정,분양가·집값 부담,,,UgzkfMhF95sLmed2PqR4AaABAg
2026-09-15 14:37,저도 얼마전에 해지했습니다............그냥 썩힐바에 목돈 찾아서 굴리려구요,2,0,부정,대체 투자·낮은 금리,,해지,Ugya5J9gH2GunmNXxyZ4AaABAg
2026-09-13 11:12,"왜 해지하지?
단기자금이 필요하거나 투자 때문이라면 청약통장을 담보로 마이너스통장 개설해서 쓰면됩니다.
청약통장에 천만원 있다면 천만원짜리 마이너스통장 개설 가능합니다.",2,0,긍정,임대·대출우대 등 부가 기능,,유지,UgwFbNgHz90x9qa4onx4AaABAg
2026-09-15 14:25,"당첨돼도 돈이 있어야 살 수 있고 대부분 빚내서 사야됨
난 개인적으로 자가를 사지 않는 게 나은 시대라고 생각함 너무 터무니 없이 비싼 게 제일 큰 이유
죽을 때까지 대출금 갚는 기계가 되는 것이거나 
기껏 샀더니 집에 문제 생기거나 맘에 안 들거나 안 팔리거나 집값 떨어지거나 위험 변수가 너무 많음
난 평생 월세로 살 예정 좀 불안정하긴 해도 직장이랑 가깝게 자유롭게 살고 싶음 언제 죽을지도 모르는 게 인생인데 거기에 올인하기도 불안함",2,0,부정,"분양가·집값 부담, 대출규제·자금조달",,,Ugz_KNzgytu7eqJDQ_N4AaABAg
2026-09-14 16:38,분양으로 살바에 그냥 20평짜리 구건물 2억대 사는게 더 싸게먹힌다 재개발 지역 걸리면 개꿀 ㅋㅋㅋㅋㅋㅋㅋ,2,0,부정,분양가·집값 부담,,,UgzMUfKImz1HNOyQIXF4AaABAg
2026-09-14 16:15,앞뒤가 전혀 안맞는 정책임. 청약 당첨되려면 소득이 겁나 낮아야 하는데 막상 되서 아파트 사려면 소득이 겁나 높거나 부모도움 무조건 필요함,2,0,부정,제도 불공정,,,Ugxa3VaAiakFrtOtVyx4AaABAg
2026-09-14 16:09,일단 분양가 자체가 엄청 올라서... 옛날처럼 3~4억 정도면 모를까...,2,0,부정,분양가·집값 부담,,,Ugyar5sWvM28lKto3wp4AaABAg
2026-09-13 17:53,"난 나이도 되고 청약 1순위에 자금도 있지만... 당첨 되서 랜덤 걸리는 것보다,  맘에 드는거 그냥 조금 더 주고 사는게 훨씬 낫더라... 까먹고 해지 안 했을뿐...딱히...필요성이 없음...",2,0,부정,분양가·집값 부담,,,UgwyocquJeup7qy8Rld4AaABAg
2026-09-16 02:15,"징징징징
꼬라지보니 해지하지 말아야겠다",2,0,긍정,,,유지,UgznKf4hJ1j_2S-oWLV4AaABAg
2026-09-14 10:09,"청약 당첨되도 계약금도 20%임
10%도 아니고 20%
수도권 기준 계약금 최소 5~8천임
순수 현금 가능함?
거기다 대출 막았지, 대출 된다고 해도 이자 납부 가능함?
이자 3% 보기 힘듬, 최소 4% 시작이고.
청약 의미없어진지 꽤 오래됐음",2,0,부정,"분양가·집값 부담, 대출규제·자금조달",,,Ugx6ReyBndsSYGZOgkR4AaABAg
2026-09-13 16:48,대출은 막아야 하느건 맞아 갑을 능력도 없는 사람 한테 까지도 돈 막 빌여 주면서 지금 회수가 안돼서 돼잖아  그게다 국민 세금으로 막는거다 세금이 그만큼 많이올라간다,2,0,부정,"대출규제·자금조달, 제도 불공정, 정부·정치 불신",,,UgwuP_0eFQdENTJawqp4AaABAg
2026-09-13 10:14,"요새 청년들이 똑똑하게 잘 하고 있는 것
기본적으로 자본주의 사회에서 자본이란 것은 단 1초도 놀고 있으면 안되는 것이다
내 돈을 일하게 만들지 않으면 평생 톱니바퀴로 살다가 닳아 죽게 된다
미국 2년물보다 낮은 기대수익률을 갖는 곳에 들어간 자본은 전부 빼야된다",2,0,부정,대체 투자·낮은 금리,,,Ugw1GJXNZC_706wektJ4AaABAg
2026-09-15 20:15,청약통장 돈 넣어도 그거 다 자칭 서민들 좋은일에만 쓰임. 청약 재원으로 임대아파트 짓고 버팀목이랑 디딤돌 대출 지원해주는건데 청약 유지할 이유가 있나 싶음,2,0,부정,"제도 불공정, 임대·대출우대 등 부가 기능",,,UgyCSMTbnOBtFYW4Ug14AaABAg
2026-09-13 08:47,집사도 청약통장유이자우대때문에 해지도몬하는,2,0,부정,대체 투자·낮은 금리,,해지,UgykSerYxjD9ESPHJw54AaABAg
2026-09-13 08:43,부동산망해서 청약통장무쓸모.,2,0,부정,대체 투자·낮은 금리,,,UgxqvPgbB9VBYKPTShx4AaABAg
2026-09-13 00:10,유지해야한다.. 속으면 안됨..,2,0,긍정,,,유지,UgzOSyB5UZsU0Jsduox4AaABAg
2026-09-13 18:56,이명박근혜 때만 해도  빚내면 살수있었는데   지금은 그냥 꿈도 못꿈 ㅋㅋ,2,0,부정,대출규제·자금조달,,,UgxmS8yRrEwtdqlRlO94AaABAg
2026-09-13 16:04,코로나 발생 시기부터 원자재 수급이유로 건설비용증가해 분양가 저세상가버림 그리고 코로나끝났는데 분양가는 안내려옴,2,0,부정,분양가·집값 부담,,,Ugyd0fK8sJjMd0DZiZd4AaABAg
2026-09-14 18:25,걍 5~10년된 아파트 삼...살돈이 없음,1,0,부정,분양가·집값 부담,,,UgyAKkPNH0iG0uTlSB94AaABAg
2026-09-13 20:09,굳이 깰 필요는 없겠죠?,1,0,긍정,,,유지,UgxTidZJLWGmD0FyW3l4AaABAg
2026-09-16 16:16,청약통장을 납입을 하시고요 납입한 돈을 담보로 대출을 받아서 다른데 투자를 하셔요 😄,1,0,양가,임대·대출우대 등 부가 기능,,,Ugy1fopegU_NdwBUvsZ4AaABAg
2026-09-13 16:27,아니 인구구조가 급격하게 줄고 있는데ᆢ그 영향이 일단 제일 큰거고ᆢ 그 다음이 공공주택건설이 이명박 까진 좋았는데 이후 급락한 것이 큰 원인이지 머~ 그 다음이 분양가 상승으로 인한 주택구입비용이 원인이고,1,0,양가,"분양가·집값 부담, 수도권 집중·지방·인구",,,UgyAcnUpRtWMcPPWYMp4AaABAg
2026-09-13 17:40,문죄명이 집값도 올려놓고  이제 대출도 못받게 만들어놨는데 ㅋㅋㅋ 어케사노,1,0,부정,"분양가·집값 부담, 대출규제·자금조달, 정부·정치 불신",,,Ugy8SuJg6pRk4tYVg4h4AaABAg
2026-09-13 17:26,"서울 분양가 15억?
ㅋㅋㅋ
부모 도움없이는
대기업 다녀도  못삼...ㅋㅋ",1,0,부정,분양가·집값 부담,,,UgxO2HUZJy8htaetHZl4AaABAg
2026-09-15 01:09,애매하게 돈 못벌면 심지어 당첨도 안됨,1,0,부정,"분양가·집값 부담, 대출규제·자금조달, 가점·당첨확률",하락,,UgzLEwGKEjAmhr2a8ax4AaABAg
2026-09-13 17:49,이재명 이정도로 무능할 줄 몰랐음,1,0,해당 없음,정부·정치 불신,,,Ugzbyi5XyMZknGjicXN4AaABAg
2026-09-15 14:30,구래도 건물주는 넘쳐나고 공실은 없는 매직오브매에직~~~~,1,0,해당 없음,,,,UgxMLjB3Do0T3mKfVz94AaABAg
2026-09-14 17:21,"사실5억도빚없이 사서 들어갈수있는사람거의없을거다.
집값이 터무니없이 높은 것.",1,1,부정,분양가·집값 부담,,,UgwYVfZW7HdIhWVI_o94AaABAg
2026-09-13 12:40,"그냥 지방에 가성비 좋은 구축 사서 리모델링 하자. 
난 그렇게 했다.
지금 32인데 40넘어서 까지 전세나 월세내고 살고 있을거 생각하니까 암담해서 걍 지방에 구축 사서 인테리어 함.",1,0,해당 없음,수도권 집중·지방·인구,,,Ugzlg5leL_Dx2k1Oewp4AaABAg
2026-09-13 21:03,집값의 괴리감이 너무 크다. 월급쟁이는 엄두도 낼수 없는 금액이라..,1,0,해당 없음,분양가·집값 부담,,,UgyzzBAlkjxV7AqeKXJ4AaABAg
2026-09-13 15:53,되도...살수가 없음 중랑구만해도 12억이 넘었음....미친상태지,1,0,부정,분양가·집값 부담,,,Ugycd9_x0jgebpQx9iR4AaABAg
2026-09-14 17:21,니들이 선택한 근저로동배급당이다. 악으로 깡으로 버텨라,1,0,해당 없음,정부·정치 불신,,,UgwBBVncMPBBNmCXeuR4AaABAg
2026-09-15 14:28,"분양가가 이제 넘사임 ..
지방은 공실 넘쳐나는데도 분양가 평당 2500선임ㅋㅋ 하나만걸려라는 마인드",1,0,부정,"분양가·집값 부담, 수도권 집중·지방·인구",,,UgwY-6XsMlhRUtqWZuV4AaABAg
2026-09-13 21:02,음 아파트만 하지말고원룸 1.5룸 이런것도 해주면 안될까나 ㅋ😅😅😅,1,0,양가,,,,UgxtHEuoA08S8xmAXc54AaABAg
2026-09-15 05:31,"좌파가 집권하는 세상에서 집값 안정은 있을 수 없고, 인플레도 막을 수 없음",1,0,해당 없음,정부·정치 불신,,,UgyLznlUHon905WnzgV4AaABAg
2026-09-13 17:51,"신축 아파트 가격 거품이 너무 심해졌음
선분양도 문제임 후분양으로 나가야지
아파트도 부실공사 및 하자도 넘침 
대출제한에  당첨도 어렵고 청약통장 없애고 다른곳에 사용하는게 답인듯",1,0,부정,"분양가·집값 부담, 대출규제·자금조달, 제도 불공정, 신축 품질·하자",,,UgzngyeLS2o7hWEC9al4AaABAg
2026-09-14 16:26,"분양가가 넘사니까 그렇지 ㅋㅋ 
분양가 7-8억하는대를 어케들어감
본인통장에 2-3억 있어야 대출 받아서 들어가는걸 ㅋㅋㅋ
그럼 낮춰서 다른데 가면되는거 안되겠냐고?
에초에 거긴 선택지가 아닌데 뭘 낮춰ㅋㅋ",1,0,부정,"분양가·집값 부담, 대출규제·자금조달",,,Ugy5n8C7BZEZktY9RCR4AaABAg
2026-09-14 16:19,정부는 집값을 낮출 생각 없음,1,0,해당 없음,정부·정치 불신,,,UgzTXFVu1pQrrn13ygx4AaABAg
2026-09-13 16:07,"남겨두라
사람대거 빠지면 좋게 바뀔수도있다
오래걸리것지만",1,0,긍정,,,유지,Ugz_70dI5VL8jMduiQd4AaABAg
2026-09-15 06:49,살만하면 버티는게 ..,1,0,해당 없음,,,,UgwkshR9nKBODMtkuqV4AaABAg
2026-09-14 22:09,"문재인 진짜!!!!!
이 인간때문에 집값 오른거 생각하면 열받음
나 골수 민주당 지지자인데 집값 올린 주범인 문재인은 진짜.너무 싫음",1,0,부정,"분양가·집값 부담, 정부·정치 불신",,,UgzqqF-4bBQhyZyFzP54AaABAg
2026-09-13 16:59,미분양되서 계약금 싸게하면 모하냐 대출이자도 못낸다,1,0,부정,"분양가·집값 부담, 대출규제·자금조달",하락,,UgzDW-qqscNEXWHLLcV4AaABAg
2026-09-13 22:11,LH 나 SH 임대 아파트 가려면 청약통장있어야 합니다. 그리고 일반 적금보다 이자가 더 나와요.,1,0,긍정,임대·대출우대 등 부가 기능,,유지,UgxxpipR3g81LfB3Iqd4AaABAg
2026-09-13 20:30,"청약으로 돈을 대주면 뭐하냐. 제대로 굴리지를 못하는데, 그리고 여기 댓글에 부자 욕하는 사람 많던데, 그 사람들이 시행해준다. 그리고 부자가 다수냐? 거지가 다수지. 거지들이 뽑은 멍청한 정치인들이 청약을 제대로 못굴리게 막고있는걸 두 눈 뜨고 제대로 봐라.",1,0,해당 없음,정부·정치 불신,,,Ugzz1Q-GxtyBI9TC6xR4AaABAg
2026-09-13 20:28,부동산 ㅈ망 정책은 역시 민평 재평ㅋㅋㅋㅋ,1,0,부정,정부·정치 불신,,,UgzdiIDbXo5zqoZozMR4AaABAg
2026-09-15 22:29,"민주당이 주택관련해서 명백하게 나라를 망친다
제발 정신차려라",1,0,해당 없음,정부·정치 불신,,,UgzevrBls_LIehy-rfN4AaABAg
2026-09-15 22:03,그냥 부자들만 더 살기 좋아지는 세상 만드는중이지,1,0,해당 없음,정부·정치 불신,,,Ugx5Xzl6Pc-Y7ZkzrkV4AaABAg
2026-09-13 14:36,"핵심은 청약 받고 대출 떙겨서 평생을 빚쟁이로 사는 대신 
한방에 집값 차익으로 돈 을 벌겠다는거잖아? 
뭔 순수하게 내가 살고 싶은 집은 어디하고 자빠졌어 ㅋㅋㅋ 전부 돈 쉽게 버는 방법이 막히니까 개지랄을 떠는게 팩트지",1,0,부정,제도 불공정,,,UgyWxriDCyMof4Hq23J4AaABAg
2026-09-14 21:00,노동소득이 의미있는 시대가 되었으면,1,0,해당 없음,,,,UgzLLIIiKADIngIuGCR4AaABAg
2026-09-14 22:28,ㅂ신같은 정책으로 집값 고공행진 시킨 정부들은....진짜,1,0,부정,"분양가·집값 부담, 정부·정치 불신",,,UgyeU39-szmzDwVK1QR4AaABAg
2026-09-15 20:44,의미 없음 해지하고 차라리 배당주를 사셈,1,0,부정,대체 투자·낮은 금리,,해지,UgyteJV7Rlzj9D34Dap4AaABAg
2026-09-14 20:25,"시발 진짜 애매한 서민층은 절대 혜택 못보게 하는 나라ㅋㅋ
개씹 흙수저정도는 되야 자격요건이됨",1,0,부정,제도 불공정,,,UgxDZ1L94iZ7hRQg0G94AaABAg
2026-09-14 15:48,총액으로 뽑는게 문제가 아니라 집값이 문제라고하는데 집값은 처 안잡고 오히려 엄한걸 잡으려하네 청약 횟수가 늘고 금액이 늘어나고해야 돌아가는거지 뭔 말도 안되는 소리를 인터뷰 답변이라고 처 하고있냐.,1,0,부정,"분양가·집값 부담, 제도 불공정",,,UgzrjDAKCZyk4s6Rx4F4AaABAg
2026-09-13 17:11,"LH 공무원들 비리 사건도 한몫을 했지요.
누구를 위한 청약가입인지?
고위층 기득권층들의 장난에 놀아나지 맙시다.",1,0,부정,"제도 불공정, 정부·정치 불신",,,Ugy2qIGASsIWfq5lr-J4AaABAg
2026-09-15 15:13,"노무현 정부떄 집 값 폭등 
문재인 정부떄 집 값 폭등 
진짜 이떄만 두배 가까이 오름 ㅋㅋ
노무현떄 두채 문재인떄 한채 구매한 부모님 ㄹㅇ 감탄스러움 
진보 뽑히면 공격적으로 실물+안전자산 = 부동산 투자해야된다고 했던 부모님 ㄹㅇ 대단함",1,0,해당 없음,정부·정치 불신,,,UgzEBuP5lusNSE8Z-o54AaABAg
2026-09-13 15:00,중공은 집있고 나는 없어?,1,0,해당 없음,,,,UgxRBYQMlXBSLk_oCCp4AaABAg
2026-09-13 13:46,"청약통장 분양 제도 없애야함. 청년들 당첨되도 돈없어서 못들어가는데 뭔소용? 
있는집안 자식 로또분양 시키는꼴, 
그냥 sh나 lh 20년 장기 임대주택 개념으로만 가는게 맞다고봄. 20년거주하면 결혼하고 애낳을수는 있자나. 그때쯤이면 자금 모아 분양받던 나가던 하면되고,",1,0,부정,"제도 불공정, 임대·대출우대 등 부가 기능",,해지,UgyQ6T8RNucQFZ8piAJ4AaABAg
2026-09-13 13:45,찢자이오밍 탓. 1년만에 20프로 가까이 실질 집값을 다 올려바림,1,0,부정,분양가·집값 부담,,,UgzSqoKY5JPTEutGQAN4AaABAg
2026-09-15 15:07,"집없는 사람들 구제방편으로 만든 제도가 어떻게 하다 이지경이 났는데 이걸 당연히 생각하는 정부도 골때리고....
청약제도 개편할 생각 아~~~무도 안하는걸 보면  어떤 정부도 있는사람들 편이라는걸 부정할수가 없네",1,0,부정,"제도 불공정, 정부·정치 불신",,,UgyR51igcTPakm_x_IB4AaABAg
2026-09-13 13:37,청약도 안걸리고 헌아파트가도 뭐 나쁘지 않아,1,0,양가,가점·당첨확률,,,UgyGrr8mTWHrdHw4B8B4AaABAg
2026-09-14 19:42,문재앙이 돈 뿌려놓고 그거 거둬들이려고 공시지가 올려놓으니까 나라 경제가 개작살남.  지방아파트도 기본 3억 이상인데 부모 지원없는 애들 대다수가 수도권 집 청약 당첨되도 돈을 지불할 수가 없다.,1,0,부정,"제도 불공정, 정부·정치 불신, 수도권 집중·지방·인구",,,UgzMSIjOFenle-4Izpd4AaABAg
2026-09-13 20:17,그만큼 열심히 살지그랬냐 당첨만되면 덥석다되는줄알았누? 옛날부터그랬는데 뭘,1,0,부정,가점·당첨확률,,,UgxF0EayvN2MjxR4EtR4AaABAg
2026-09-15 16:22,"자격이 나보다 더 미달인 사람이 당첨 되는거 보고 바로 청약 깨고 그 돈으로 올해 초 주식 넣었는데 맛있게 먹고 나와서 집 사는데 보태서 구매함
청약 있었을 때 보다 더 행복하게 살고 있음",1,0,긍정,임대·대출우대 등 부가 기능,,유지,UgzPqFq0_Ml5qTK0Hkx4AaABAg
2026-09-14 22:49,"넣을려면 분양가 비싸도
분양가 괜찬으면 소득에서 걸리고
소득 괜찬으면 자산에서 걸리고
50대도 자가가 없는데 2030 얘기만 떠들고 있고. ~~~
노답~~~ 때려쳐",1,0,부정,"분양가·집값 부담, 제도 불공정",,,Ugxxol0Nwfjw1ySJ1sN4AaABAg
2026-09-15 07:02,대출노예 당첨되는게 뭔 경사임?ㅋㅋㅋㅋㅋㅋㅋ,1,0,부정,가점·당첨확률,,,UgyW3Efqh2xk9tJDZhJ4AaABAg
2026-09-15 17:07,당첨되면 뭐하냐 돈이없는데 가격이 말이안된다,1,0,부정,분양가·집값 부담,,,UgwlNOAMQmDYhXGD5C14AaABAg
2026-09-13 22:51,수도권은 살기 힘들게 지방은 살기 좋게 해야 수도과 과밀화가 해소 될거다 지방에 아파트 지어서 20년 이상 사는 조건으로 정상적인 가격애 팔아봐라,1,0,양가,수도권 집중·지방·인구,,,Ugz2SS0QF7wAFeTdk4p4AaABAg
2026-09-13 19:25,민주당때문에 집값이 너무 올라서,1,0,부정,"분양가·집값 부담, 정부·정치 불신",,,UgypllqUGjCNNTCunGJ4AaABAg
2026-09-13 18:30,"애초 청약이라는 제도 자체가 요즘 시대랑 안맞음. 서울은 과잉포화 상태인데, 극소수에게만 싸게 집을 준다는거 자체도 형평성에 안맞음.",1,0,부정,제도 불공정,,,UgzJsVRZivz7Esq9CTd4AaABAg
2026-09-18 08:39,ㅋㅋ 이제 곧 국민연금 마냥 의무가입으로 바꿀듯 공산민국 진짜 ㅋㅋ,1,0,해당 없음,정부·정치 불신,,,Ugwmt3Llzy1Qr-gw98Z4AaABAg
2026-09-17 16:45,옛날에야 청약 당첨되면 싼 가격에 아파트 샀지만 실거래 주작질로 주변 시세 높이고 취소해서 분양가 장난질😂,1,0,부정,분양가·집값 부담,,,UgwT0JCijfg4DN169IN4AaABAg
2026-09-14 12:02,저거 다 문ㅈㅇ때문이네.,1,0,해당 없음,정부·정치 불신,,,UgxOKO6JNzZz-riA-eF4AaABAg
2026-09-14 12:00,"1억~2억 짜리 똥 빌라 소유하고 있다고 무주택기간 점수에서 제외되는 자체가 이상하지.
누구는 8억짜리 집 전세 살면서 무주택 기간 혜택받고.
소득조건은 낮아야 되지만
가진 재산은 많아야 분양 받을 수 있는 모순 덩어리",1,0,부정,제도 불공정,,,UgyJduD60KdMbb0Tqgx4AaABAg
2026-09-14 11:58,요즘 그냥 집값이 미쳐돌어가는중임....재개발을 해도 문제임... 분담금 요즘 미쳐돌아가지고....9억짜리 집이 재개발한다고 그래서 분담금 보니까 7억........ 이번에 결혼하고 올해 출산해서 청약을 해보려고 봐도 그 가격이 쉽지않음....,1,0,부정,"분양가·집값 부담, 수도권 집중·지방·인구",,,UgxwpgeFEUVIM1IBtip4AaABAg
2026-09-18 05:53,분양가도 개비싸 그냥 사도 개비싸.. 서울은 65점 이상에 대출은 또 규제 개빡쌤.. 청약적금 혜택좋다하고 청년들 꼬득여..ㅉ 근데 못삼ㅋ 근데 지방? 지방은 또 가격 거품끼고 1인 가구 청년은 그 가격대로 어케 사라는거임? 결혼이랑 애낳아야 그나마 무슨 주택이다 얻어살지 에휴,1,0,부정,"분양가·집값 부담, 대출규제·자금조달, 제도 불공정, 정부·정치 불신, 수도권 집중·지방·인구",,,Ugzb1mNjhwLl7tCAGt14AaABAg
2026-09-14 06:57,청약을 드는 이유는 그 아파트에서 살기 위함이 아닌 청약에 당첨되서 프리미엄 붙여서 분양권 팔목적이 더 많다 그래서 나라가 이꼬라지임...,1,0,부정,제도 불공정,,,UgxqiXnpC3yQLnnqoJd4AaABAg
2026-09-14 11:43,"급전, 급한 것 아니면 갖고 있는게 좋을 것 같습니다. 정책과 정부는 또 바뀔 수 있는거라.",1,0,해당 없음,,,,Ugx_5qU0wrPQIRJYc_d4AaABAg
2026-09-14 11:36,대출3억만 빌려도 월이자 180만원 인건가?,1,0,해당 없음,대출규제·자금조달,,,UgxcYkuxfTfcYXCHKHh4AaABAg
2026-09-13 18:33,대출 6억이면 인생나락 시작이지... 6억 40년으로 받으면 12억 갚아야 끝남...,1,0,부정,"분양가·집값 부담, 대출규제·자금조달",,,UgyKXZLUlAZEXTo66vl4AaABAg
2026-09-15 09:35,청약통장 -> 피 같은 돈 모아서 연예인이나 있는 집 자식들 집 지어주는 시스템,1,0,부정,제도 불공정,,,Ugz3pHLpx-nFMctgWtR4AaABAg
2026-09-15 09:45,대출 6억은 그래도 잘한거다. 막말로 돈이 없는 사람들 6억 대출을 어떻게 갚누.연봉이 1억이 넘어도 6억대출 어휴,1,0,부정,대출규제·자금조달,,,Ugw_OEtA_wT_7lTYtpN4AaABAg
2026-09-13 19:17,이걸 이제알았냐 정부야?,1,0,해당 없음,정부·정치 불신,,,UgyX5W36Lgy--Kte10V4AaABAg
2026-09-14 12:54,서울 분양가가 20억이다 ㅋㅋㅋ,1,0,부정,"분양가·집값 부담, 수도권 집중·지방·인구",,,UgyQ_kwJzEo4iTzU1-l4AaABAg
2026-09-13 08:29,"청년들은 청약통장 중요하다
LH 아파트는 청약 횟수 가산점 큽니다
돈 없다고 한탄하지 말고 본인 수준에 맞춰 임대아파트 들어가시길
신축 아파트 가랑이 찢어지는 소리만 해대지 말고요",1,0,긍정,임대·대출우대 등 부가 기능,,유지,Ugwc8c1cSLMGj9bSL9t4AaABAg
2026-09-13 08:53,청약 당첨되고 부동산으로 돈벌려고 갭투자한 4050이 사다리 차버린거지,1,0,부정,가점·당첨확률,,,UgzDuGiU9v_xM7kztad4AaABAg
2026-09-18 20:19,대출막고 전세막고 청년이 무슨 수로 당첨된 분담금을 내냐 ㅋㅋㅋㅋㅋ그냥 삼전닉스에 박는거지,1,0,부정,대출규제·자금조달,,,UgyeQ70q1rYkWUEGOLV4AaABAg
2026-09-13 19:06,청약통장을 집 사려고하기보단 비과세라 가지고 있는 느낌,1,0,긍정,임대·대출우대 등 부가 기능,,유지,UgyoonOFLOBoGdSB12Z4AaABAg
2026-09-14 09:00,애초에 신축 가격 ㅈㄴ게 올라서 의미가없다,1,0,부정,분양가·집값 부담,,,UgyQz0NZ1kKYcdv2Q914AaABAg
2026-09-14 08:18,"내가 소위말하는 대한민국 메이저 5대 대기업 10년차인데,
작년에 8년 넣은 청약 해지하고 주식이랑 코인에 나눠 넣었음.
서울내에 아파트 구입은 사실상 청약 당첨이 되어도 문제고,
지방이나 경기도 쪽은 청약이 필요가 없음.
그리고 여러가지 따져봐도 청약이 나를 위한게 아님이라 판단해서
그냥 해지했음.",1,0,부정,"분양가·집값 부담, 제도 불공정",,해지,UgzdZNyOlUzqfN-X2_54AaABAg
2026-09-14 09:23,당첨되면 뭐함 ㅋㅋㅋ 계약금 넣기도 힘든 분양간데 ㅅㅂ,1,0,부정,분양가·집값 부담,,,UgxPx4olFDCBKHIglbR4AaABAg
2026-09-15 09:52,지방에 거주라 그냥 올해 해약하고 집사는데 보탬. 너도나도 1위인데 신축은 분양가도 높고,1,0,양가,분양가·집값 부담,,해지,UgxnbmAFOi5_ILJQsKJ4AaABAg
2026-09-14 09:42,결혼하거나 아이를 가진 사람한테 이점을 더 주는건 당연한거 아닌가요?,1,0,부정,제도 불공정,,,UgwItvGjmghebIcJKd94AaABAg
2026-09-14 09:54,재인이가 이 재앙을 일으켰지,1,0,해당 없음,,,,UgwlUcSjYQMneZ2ZYSp4AaABAg
2026-09-13 07:47,꼬우면 지방 살아야지. 공산주의도 아니고 어떻게 다 좋은곳에서 사나. 징징대는거 그만 받아줘야댐. 서울 수도권 카르텔들 박살내야함.,1,0,해당 없음,"정부·정치 불신, 수도권 집중·지방·인구",,,Ugx_nAd8A4DOqevEQa54AaABAg
2026-09-13 18:45,안타까운 현실입니다.,1,0,해당 없음,,,,UgyrZH1a_WHxDN6vU9p4AaABAg
2026-09-14 07:59,진짜 심각하다.. 재앙과 찢의 콜라보..,1,0,해당 없음,,,,UgwA7Uc9zTX0pfLoarh4AaABAg
2026-09-13 06:52,청약통장은 집을 사는게 목적이고 이 정권은 집 못사게 전부다 규제했는데...청약통장이 뭐가 필요해.,1,0,부정,"제도 불공정, 정부·정치 불신",,,Ugwt3A3JcrAGCj85dll4AaABAg
2026-09-13 19:15,이제야 좌파들이 만든 세상이 실감이 나나? ㅋㅋ 초양극화 중간계층 박살 전국민 배급 프로젝트 평생 정부에 손 벌리고 살아야 하는 현재. 대한민국 2030은 망한 세대다,1,0,해당 없음,정부·정치 불신,,,UgyS4oDnHXlmZceu5cB4AaABAg
2026-09-15 11:57,"개팔육이 힘든 시기 다 지나고 태어나서 개꿀빠는 인생 살다가
대한민국 경제 성장기에 한정된 자원 먼저 태어났다는 이유로 다 선점해버렸으니 ㅋㅋㅋ
연금도 몇백만원 쳐내고 억대로 받아가면서도 20대 더 쥐어짜라는 미친 세대 ㅋㅋㅋㅋ",1,0,해당 없음,,,,UgygQ_1KY8HJ2vR4AXZ4AaABAg
2026-09-14 09:28,그나마 예전엔 대출로 영끌이라도 시도해보지 지금은 온갖 규제규제규제규제 규제규제규제 온 나라가 그냥 규제 덩어리임,1,0,부정,"대출규제·자금조달, 정부·정치 불신",,,Ugxn9Jb-imtjUz5AAzl4AaABAg
2026-09-17 01:53,금수저 백수한테 유리하게 만든 청약 제도 .. ㅋㅋㅋ,1,0,부정,제도 불공정,,,UgyQG1xxZpn3Rpbkhpd4AaABAg
2026-09-13 18:11,내가 37인데 15년 청약통장 했거덩 ㅋㅋ 근데 올해 초에 깼다. 니미 무슨 최소가 6억이뭐야 요즘은 기본 8억이상을 어떻게 사냐??ㅋㅋㅋ 결혼도 안했는데 1가구에 뭐하러 대출 이자 나가면서 아파트를 들어가냐 ㅋㅋ 관리비는 또 얼만데 기본 30만원이상이다....그래서 올해 임대 아파트 알아봐는데 바로 들어갈수 있다더라.... 보증금 3천에 월 14만원 근데 그것도 관리비 전기료 가스비 뭐 다따지면 월 30~40 나간다. 결혼하면 그냥 임대 아파트나 알아봐라. 괜히 아파트 사서 힘겹게 살지 말고. 한국 부동산은 이제 나가리다. 그냥 결혼하면 임대나 살다가 부모님 집이나 나중에 받으면 거기서 조용히 살련다.,1,0,부정,"분양가·집값 부담, 대출규제·자금조달, 제도 불공정",,해지,Ugz_8El97dyY-D_D-ed4AaABAg
2026-09-13 19:52,민주당이 만드는 대한민국,1,0,해당 없음,정부·정치 불신,,,Ugw0srsvBA0t99TZ4mp4AaABAg
2026-09-13 10:34,"아직도 정신 못 차리고 아파트값 폭락한다는 망상을 믿는 정신나간 특정 정치성향 어리석은 자들
오히려 그런 어리석은 자들이 지지하는 인간들이 우리나라 역사상 부동산 폭등 만든 장보인들. 아직도 그렇게 만들고 있고 
문재인인과 여당이 만든 임차3법으로 부동산 폭등 전세 씨말르게 만들어버리고, 역사상 최대 폭등 역사를 갈아치웠는데 이재명정권이 다시 들어서 그 기록 다 
갈아치우는중. 정권 초반인데도 헛소리하며 앞으로 더 폭등할 예정. 지방 상급지 국평이 10억 하는데 서울 20억이면 싸지",1,0,부정,정부·정치 불신,하락,,UgyDUrG75Gaaclqs69V4AaABAg
2026-09-13 10:52,해지하는 사람 : 부알못,1,0,부정,,,,UgywM_EvD919jGD5F9x4AaABAg
2026-09-15 13:50,"다 포기하고 있다고? 
현금쌓아놓고 있던 내가 이 기회만을 잡으려고 그동안 원화체굴 존나 했찌 
빨리 다 포기해라 좋은집 내가 사드릴라니까",1,0,해당 없음,,,,UgxgMzwnI94sxQ1j4GV4AaABAg
2026-09-14 15:10,"하는 짓거리가 참 투명하지.. 납입금 2배로 올린 순간부터 저속득층은 그냥 아웃이었음.
10만원씩 꾸준히 10년 20년 부으면 뭐하나. 20만원씩 5년 10년 부은 사람이 유리한데
게다가 서울 수도권신도시에 새아파트?? 10억은 있어야 되는데 그 돈 있는 사람이 얼마나 될까?
애초에 당첨도 무리수지.. 결혼하고 애 낳고 부모님까지 모셔도 될까말까인데
1인 가구가 절반이 넘는데 되겠음? 
그냥 돈 많은 사람들끼리 해먹어라. 납입금도 10배 정도 높여서 있는 사람들이 더 내면 됨
괜히 돈 없는 서민에게 뜯어서 여러 제도 운영하려고 하지 말고",1,0,부정,"분양가·집값 부담, 대출규제·자금조달, 제도 불공정",,,UgzFwXdUrDtTSz7bngV4AaABAg
2026-09-13 11:02,지금 어쩐다고 해지 하는 게 머리가 없는 거고 2만원 씩 넣어라 정책이 어떻게 바뀔지 모르는데 무지성으로 25만원씩 박는 게 멍청한거고,1,0,부정,정부·정치 불신,,,UgyiHM5Rf_KuKaUItw54AaABAg
2026-09-17 02:05,집 살 돈은 있으면서 소득은 없는 사람에게 유리한 ㅋㅋㅋㅋ 해지하는 청년들아 똑똑한 청년들이다.,1,0,부정,제도 불공정,,해지,UgwhUimUhmq9bJiQ5gl4AaABAg
2026-09-15 13:20,"과거 청약통장을 유지하는 이유
로또랑 비슷한 서민들의 기회였기 때문에

근데 지금 나오는 아파트들은 분양가 상한제가 적용이 안되어 그지역 시세아파트보다 더 비싸게 청약으로 나옴 이게 진짜 어이가없음 ㅋㅋㅋㅋㅋ하...아니 표 얻을려고 일안하는 거지들한테 푼돈은 잘 뿌리면서 
왜 내집마련할 수 있는 기회는 안주는거지? 이걸 모순인걸 모르는 저소득층들이 진짜 안타깝고 욕도 아깝다.",1,0,부정,"분양가·집값 부담, 제도 불공정",,,UgyLXYRIRbf4Sk0w7AN4AaABAg
2026-09-17 10:39,대 재 명,1,0,해당 없음,,,,Ugxlx_bgErsrusnTLDF4AaABAg
2026-09-13 19:56,"독신가구 혜택도 다 없애버려서
유지할 이유가 사라져서 
15년된 청약통장 그냥 해지함",1,0,부정,제도 불공정,,해지,UgwTr0M2-Bqi4qUcuyl4AaABAg
2026-09-14 15:05,나도 해지 했음. 가격이 가능한 곳은 경쟁이 치열해서 점수가 부족하고 그렇지 못한곳은 터무니 없이 가격이 비싸고 그냥 포기했음.,1,0,부정,"분양가·집값 부담, 가점·당첨확률",,해지,UgzWOBIKACpbJh4yxBh4AaABAg
2026-09-14 15:45,해지하고 삼전닉스에 넣는게 훨씬 낫드라,1,0,부정,대체 투자·낮은 금리,,해지,Ugx8A4DZDa-MPzy7y714AaABAg
2026-09-13 11:03,세재혜택도 의미 없고 당첨되도 집값만 비싸지 퀄리티는 옛날만도 못하고 그냥 돈 벌다 분양 간당간당한 아파트 하나 사거나 위치좋은 구축 리모델링 하는게 제일 좋다 생각해요,1,0,부정,"분양가·집값 부담, 대체 투자·낮은 금리",,,Ugyvi93shdCB4TaIq3Z4AaABAg
2026-09-13 20:37,"신규 분양가는 기본 10억 이상인데, 소득수준은 낮아야하며 모아놓은 현금은 많아야 함.

좌파 아버지 왈 : 일단 넣어봐 당첨되면 여기저기서 빌리면 되니까 ( 한마디로 대책없음 )

부부가 최소 현금 4억은 들고있어야 하고 자녀 두명이상이면 유지 할만 한 듯 ~!

아, 자동차도 소나타급 이상은 안되고",0,0,부정,"분양가·집값 부담, 대출규제·자금조달, 제도 불공정",,,UgwuOJkUlxLKA5B13v14AaABAg
2026-09-13 19:46,선착순 호구 뽑기 ㅋㅋㅋㅋㅋㅋㅋㅋㅋㅋㅋㅋ,0,0,부정,"가점·당첨확률, 제도 불공정",,,UgxQCBhjYmm_XBaqzuN4AaABAg
2026-09-13 19:47,"이건 그냥 유자녀 부부 전용 통장이지 뭐
사실상 이혼만 안 한 상태인데 애 있다고 당첨돼서 신축아파트 들어가는 거 보면 배 아픔 ㅅㅂ",0,0,부정,제도 불공정,,,UgzOTOGeuK08mj0-UQl4AaABAg
2026-09-13 20:38,10년 유지했는데 유지하는 기간동안 묶인돈이라 쓸수도 없음 그돈들 그냥 삼전 넣었으면 진짜 걍 집을 샀을듯,0,0,부정,대체 투자·낮은 금리,,,UgybV6A8lbqa3spP4754AaABAg
2026-09-13 20:39,기산 보지도 않고 댓글 다는데 돈 없어서 못사 나도 청약 해지함,0,0,부정,분양가·집값 부담,,해지,Ugza72gi1OfGkw9EYLx4AaABAg
2026-09-13 19:41,청약당첨시 대출은 완화를 해줘야 하는거 아닌가?,0,0,양가,대출규제·자금조달,,,UgyywF0pJeM-qRJDj_x4AaABAg
2026-09-13 19:11,"집못산건 여러분들이 열심히 안살아서에요... 징징거리지말고 
나가서 투잡 쓰리잡이라도 뛰세요",0,1,해당 없음,,,,Ugz-o7kaFHjo5NkUXBl4AaABAg
2026-09-13 20:39,청약 당첨되서 너무 기뻐하면서 우리가족 돈 전부 끌어모아서 6억정도 만들었는데 분양가가 10억....확장비 세금 이런거 다 따지면 11억에서 12억정도 필요한데 대출도 어려움 ㅅㅂ...눈물을 머금고 포기,0,0,부정,"분양가·집값 부담, 대출규제·자금조달",,,Ugzy2Fzq4mod8QOPM_p4AaABAg
2026-09-13 20:40,연말정산 공제 받을라고 넣긴 함ㅋㅋㅋ,0,0,양가,임대·대출우대 등 부가 기능,,유지,UgxX2SURR_h4VxoQbfB4AaABAg
2026-09-13 20:40,참고로 청약 천오백이상 통장에 있어야 되야 신청가능함 당첨은 당연히 존나게 어렵고 ㅋ 점수가 안되니까,0,0,양가,"분양가·집값 부담, 가점·당첨확률",,,UgzUGSsy-W-DGwkgBBx4AaABAg
2026-09-13 20:54,"돈있어야 청약함
돈없으면 걍 하지마셈",0,0,부정,분양가·집값 부담,,,UgzolbX5-GoCixXiWSd4AaABAg
2026-09-13 20:52,본인과 부모님 자산이 많아도 안되고 회사에서 받는 급여도 많으면 가입자체가 안됨,0,0,부정,제도 불공정,,,UgzAPNBuVtEQNJz6sQt4AaABAg
2026-09-13 20:49,"대한민국 주택보급률은 100%를 훌쩍 넘어서 이론상으론 모든 국민이 다 1주택을 보유해야 하는데
상위 10%가 대부분을 차지하고 있음.
지금 계속 지어지는 집들도 무주택자들을 위해 짓는게 아니라 상위 10%들의 주택 컬렉션만 계속 늘어날뿐 무주택자들은 평생 무주택자에서 벗어날수가 없음;;",0,0,부정,"제도 불공정, 정부·정치 불신, 수도권 집중·지방·인구",,,Ugwbk7ckvIBZ_muUI2J4AaABAg
2026-09-13 19:04,"솔직히 청약 당첨 된다 해도
난 요즘 신축 도저히 못믿겠음
또 순살 와르르일거같단 말이지",0,0,부정,신축 품질·하자,,,Ugz1rL1qwREGinNUSCN4AaABAg
2026-09-13 20:49,"이래도 부동산이 말도 안되는 가격이 가도 다들 비싸도 수요 사는 사람이 있으니깐 유지 되는거겠죠!? 

21년도부터 이리 말도 안되게 오르는게 문제인걸까요!? 아니면 애초에 부모나 스스로가 돈을 많이 못모은게 잘못인가요?",0,0,양가,분양가·집값 부담,상승,,Ugy4KzbwhB-4dqh1Ux94AaABAg
2026-09-13 19:56,부자 부모를 둔 젊은 세대 아니면 쓸모가 없긴함,0,0,부정,제도 불공정,,,UgwPX2idCbA8cKxrthB4AaABAg
2026-09-13 20:48,흠... 못빼게 계좌 잠금시키는 정책이 필요할듯,0,0,양가,임대·대출우대 등 부가 기능,,,UgzJeGdj_nvmCE4zZr94AaABAg
2026-09-13 19:44,나도 청약 해지하러 가야겠다,0,0,부정,,,해지,UgwlzC7m9WQwcrbMgIh4AaABAg
2026-09-13 19:05,그나라 인간이 집 사기 더 좋은 나라,0,0,해당 없음,,,,UgylOPp-DdNKoAQBuBN4AaABAg
2026-09-13 20:47,"집값이 말도 안되게 올랐는데 소득부터 대출까지 온갖건 작살내야 합격하고
이딴게 아직도 손을 안보고 있다는게 이해가 안돼요
높으신분들 많이 해먹어야되서 일부러 내비두는거겠지?",0,0,부정,"분양가·집값 부담, 대출규제·자금조달, 가점·당첨확률",,,UgxxU7s7UWaX8O992_N4AaABAg
2026-09-13 20:44,이재명 효과,0,0,해당 없음,정부·정치 불신,,,UgycuWpahqZanjyotid4AaABAg
2026-09-13 20:44,"요즘 2030들 계약금 낼돈도 없는데 뭔 ㅋㅋ
지방 아파트도 5억인데 그럼 5천 낼돈도 없어",0,0,부정,"분양가·집값 부담, 수도권 집중·지방·인구",,,Ugx0NwRVn2BqrukYSmN4AaABAg
2026-09-13 19:06,"왜 매매에만 집중하고 있냐 청년주택, 국민임대, 공공임대 같은거 넣을때 청약 횟수 보는 곳 많다. 충분히 횟수 채웠으면 납입을 멈출 순 있어도 해지하는건 그 시간의 가치를 버리는 일임.",0,0,긍정,임대·대출우대 등 부가 기능,,유지,Ugxwr0xuDcsN5frhtB14AaABAg
2026-09-13 19:07,진짜 돈없으면 쓸모없는 청약 중 원탑임,0,0,부정,"분양가·집값 부담, 가점·당첨확률",,,UgzuP0nMw-9fkkh_RVl4AaABAg
2026-09-13 20:43,"결혼예정자를 신혼부부에 넣고 당첨 1년내로 혼인신고시 해당되게 하면 되겟네
신혼부부 가점 크게 높여주고",0,0,양가,임대·대출우대 등 부가 기능,,,UgxrYYfe4anvc7a3e7l4AaABAg
2026-09-13 19:10,무쓸모라 해지한지 5년 됐음. 나는 당첨 안되는걸 잘알고 있.,0,0,부정,가점·당첨확률,,해지,UgyA6IsPkZ_KQSWSNTd4AaABAg
2026-09-13 19:56,"당첨되서 돈도 있고 하나 구했다 치자.  이제 그 다음은 보유세랑 세금 등등 인데 어후... 
팔면되지ㅡ그래?  대출이 안나오는데 누가 사노 
친척 5년째 그 좋은 아파트 안팔리고 보유세만 매년 몇천 내니까 애물단지라고 

그 아파트가 있다!
가오 잡기만 좋다심 쓰잘데기 없다고 ㅋ",0,0,부정,"분양가·집값 부담, 대출규제·자금조달",,,Ugyx1jqCUZO7-BFti7t4AaABAg
2026-09-13 20:21,그래도 버텨보겠다고 청년주택 공고 나오는거마다 신청했는데 결국 안되고 이미 청년 나이 넘어가는중.. 점수 미달에 결국 부모 도움 있냐 없냐로 갈림,0,0,부정,"가점·당첨확률, 제도 불공정",,,UgykyW66IxHdHCAGbdZ4AaABAg
2026-09-13 19:23,2010년도 만든 내 청약통장..  의미 없어진지 오래...ㅋㅋㅋㅋㅋㅋ,0,0,부정,,,,Ugw0k6QHxX6z1J_PJbN4AaABAg
2026-09-13 19:24,청약통장있어봐야 딱 1평만 살수있는거지,0,0,부정,"분양가·집값 부담, 가점·당첨확률",,,Ugwz8sW8Na8ug2aA37l4AaABAg
2026-09-13 20:21,분양을 받아서 개인이 이득을봐야되는데 건설사가 그이득 다쳐가져가버리고 ㅋㅋㅋㅋ,0,0,부정,제도 불공정,,,UgyqmyGDHf_1xKTM8994AaABAg
2026-09-13 20:03,연봉 1억 높지 그만큼 많이버는사람도 많지 않고 근데 서민들을 위한 청약정책의 분양가들에 비교하면 겨우 1억임,0,0,부정,분양가·집값 부담,,,UgyGQiky-fbOu4kWqZd4AaABAg
2026-09-13 20:07,나도 증여 받는 순간 해지해서 주식에 넣음 ㅎㅎㅎ,0,0,긍정,대체 투자·낮은 금리,,해지,UgyS68pd05_Jq0mJZSl4AaABAg
2026-09-13 19:24,청약 가입자만 수천만명인데 내 차례 올 확률이 몇퍼나 된다고 ㅋㅋㅋ 청약된다해도 낼 돈은 있고?,0,0,부정,가점·당첨확률,,,Ugzt2b6MFebYCoFfbsx4AaABAg
2026-09-13 19:04,"솔직히 중장년층도 서울내집은 힘든데... 청소년들이 서울 고가 아파트를 노리는건 욕심 입니다.
본인이 가능한 외곽쪽으로 일단 구입하던가해야지... 어쩔수 없음... 우리나라가 서울에 너무 인프라가 모여있어서..
중.후진국형 인프라임.. 이것먼저 해결해야함",0,0,부정,"분양가·집값 부담, 수도권 집중·지방·인구",,,UgzLItSbIOHnsSHYgGh4AaABAg
2026-09-13 19:36,"나도 진작에 깸. 아파트가 순살집이 많은데... 부실공사도 은근 있는거같고, 오히려 구축이 더 잘 지어졌다 생각함..",0,0,부정,신축 품질·하자,,,UgyVF2RLiE0YgU62dRJ4AaABAg
2026-09-13 20:07,저도 혹시나 하면서 유지하고있긴한데,0,0,긍정,,,유지,UgxFsquDPZtKsN7hTjF4AaABAg
2026-09-13 19:32,살사람은 없어도 삼.,0,0,해당 없음,,,,UgxG0N_sYYDeOFmUSQt4AaABAg
2026-09-13 20:20,"이미 오래전에 해지함. 월세 지원 제도 때문에 다시 할까 싶기는 하지만, 당첨될 기대는 애초에 안함..",0,0,부정,,,해지,UgwMmmd8vBD6hDR8aGB4AaABAg
2026-09-13 20:18,40대에 결혼도 못해 서러운데  나이먹었다고 안돼 결혼 못했다고 안돼 울고 싶은데 싸다구를 후려치는 구나.,0,0,해당 없음,,,,UgzquBj_4OjKgP3QFtx4AaABAg
2026-09-13 19:27,통장 살려둔 이유는 전매해서 시세차익이나 먹을 수 있을까해서,0,0,긍정,대체 투자·낮은 금리,,유지,Ugy61smnfGmi0J_hfUF4AaABAg
2026-09-13 20:12,모아서 집을 살 수 있는 수준이 되야되는데 모아도 집을 못삼 ㅋㅋㅋㅋ,0,0,부정,분양가·집값 부담,,,Ugwh9AAlsheOMFVdpX94AaABAg
2026-09-13 20:16,나도 대출금리 때문에 납부중인거지.. 대출 다 갚고나면 해지할거임,0,0,양가,대출규제·자금조달,,해지,UgyKccCeLU9YMhURRjp4AaABAg
2026-09-13 20:21,그나마 청약으로 신분상승할수 있는 징검다리였는데 그것마저 없애버리고  우리나라는 집 방향이.. 안드로메다급이라 집에 아예 관심 밖으로 하는게 건강상 좋음..,0,0,부정,"제도 불공정, 정부·정치 불신",,,UgyKx429GShEv4m_G6Z4AaABAg
2026-09-13 20:36,젊은 나이에 내 집마련 한 사람이 은행거야ㅋㅋ 하고 농담하던 시대는 이제 지나감,0,0,해당 없음,,,,UgzuhLwTKezlPWtlXi14AaABAg
2026-09-13 19:40,확실히 이재명이 대통령자리에 앉아있긴 하구나,0,0,해당 없음,정부·정치 불신,,,UgxqtiKehj0rA0vd1oR4AaABAg
2026-09-13 19:16,가격도 가격인데 그나마 현재 희생해서 대출이라도 받아서 사려는 사람들 다 쳐 막아놨잖아,0,0,부정,"분양가·집값 부담, 대출규제·자금조달",,,UgzZjPMhx8QLIw-Hi8Z4AaABAg
2026-09-13 20:35,부모가 몇억 줄 수 있는 집 아니면 해지가 나음 그 돈으로 적립식 투자를 하는게,0,0,양가,대체 투자·낮은 금리,,해지,UgzAVCw1HiXv2YNgzt54AaABAg
2026-09-13 19:16,이재명이 집사지말라잖아 집가지고있는죗값치르게 하겠다고,0,0,부정,정부·정치 불신,,,UgyWRxaHm5SD13O1kHR4AaABAg
2026-09-13 20:32,나도 3일전에 해지함 된다고 해도 의미가 없음 지금정부에서는 그냥 포기임,0,0,부정,,,해지,UgyaocGNqE9_z2hk-E94AaABAg
2026-09-13 20:31,연말정산땜에 넣어도 소득구간 넘어가니 무쓸모. 결혼해서 배우자가 집있으면 나도 유주택. 필요없음,0,0,부정,임대·대출우대 등 부가 기능,,,UgyWyLdsCkwN0FVTho14AaABAg
2026-09-13 20:02,여러분 내집마련은 그냥 노후에하시고 젊을때부터 절세계좌를 만들어 노후준비하세요 그후에 목돈만들어서 집은 매매로사시고 계속 월세사는게좋습니다 연말정산에도 좋구요 내집마련에 스트레스받지마시고 내돈마련으로 바꾸세요 전세는 절대 비추천입니다,0,0,부정,대체 투자·낮은 금리,,,Ugxv5weGTrAaziK9OJx4AaABAg
2026-09-13 20:00,"우리나라 집 값이 정상이 아닌데 주택 청약 가지고 있으면 뭐하냐??
월급 쟁이 평생 해서 얼마를 모으는데 집 값이 평생  돈을 모아도 살 수가 없는 금액이란게 아이러니지...",0,0,부정,분양가·집값 부담,,,UgzipUPOKG0jBMDazjV4AaABAg
2026-09-13 20:29,원래 그러지 않았나?,0,0,해당 없음,,,,Ugx7TxC639IaYTo3XCF4AaABAg
2026-09-13 19:18,지금은 대출 받는 문제 때문에 힘들지만 나중에 정권 바뀌고 하면서 대출 규제가 풀리면??? 그때는 또 청약 왜 깼냐고 난리겠지.,0,0,양가,대출규제·자금조달,,,UgwBuBgaF9bgAACI7Vh4AaABAg
2026-09-13 20:27,해지는 지능순,0,0,긍정,,,해지,UgxLhkUV1r9cMCjvCyR4AaABAg
2026-09-13 20:00,"과거에는 건설사가 돈이 없어서 청약제도를 통해 자금을 조달 할 수 있게 되었고  주택보급에 힘을 쓴건데
지금은 뭐..",0,0,양가,,,,Ugz8KLDxpbZiY1Ioj_N4AaABAg
2026-09-13 19:22,돈 있는 사람들의 번호표...,0,0,부정,"가점·당첨확률, 제도 불공정",,,UgwZCEX5Ng8pCY3fKW14AaABAg
2026-09-13 20:24,속칭 부모(가 대주는)청약 아니면 기존 주택청약이 실효성이 있을까.,0,0,양가,제도 불공정,,,UgyoYQMmXRljVU2QJhZ4AaABAg
2026-09-13 20:02,1인가구는 어떻게 집사라는거임?..,0,0,양가,제도 불공정,,,UgzQ5JNBoMaTvIjuFtZ4AaABAg
2026-09-13 19:40,그냥 월세만 주구장창 내야지뭐,0,0,해당 없음,,,,UgzZt_QmaXEM4CnlJQJ4AaABAg
2026-09-14 06:47,"청약당첨되도

대출도안돼 다안됨 왜만든거임",0,0,부정,"대출규제·자금조달, 가점·당첨확률",,,UgyEpMOaNIudd-pTBcR4AaABAg
2026-09-14 06:44,"당첨돼도 돈이 많이 필요함
근데 당첨되려면 신혼 점수가 필요함
근데 결혼도 제대로 하려면 또 돈이 필요함",0,0,부정,"대출규제·자금조달, 가점·당첨확률, 제도 불공정",,,UgwBYTLR1S9GISRYDlF4AaABAg
2026-09-14 06:41,국민연금도 없애자 타지도 못할거 무슨 의미있냐?,0,0,해당 없음,,,,UgxhQRyLba4XbMTarAt4AaABAg
2026-09-14 06:39,정부가 나서서 임대만 둘러치는데 하겟냐 ? ㅋㅋ,0,0,해당 없음,정부·정치 불신,,,Ugw6nW9CsyyzhJGGAOV4AaABAg
2026-09-14 06:34,서울 아니면 어느지역이든 구요는 없고 공급이 넘쳐남,0,0,해당 없음,수도권 집중·지방·인구,,,UgzXV_trHFY9Q5cFUO14AaABAg
2026-09-14 06:31,"내가 이재명도 아닌데
청와대에 들어가면서 집을 살 수도 옮길 수도 없는디",0,0,해당 없음,,,,UgzYc56PLXoFTBsY1x54AaABAg
2026-09-14 06:22,거주의 안정이 결혼으로 이어진다는 말이 정말 와닿네 요즘 결혼하고 집 마련하는 사람이 얼마나 있겠음,0,0,해당 없음,,,,Ugxpixn-TI_qf8X2isB4AaABAg
2026-09-14 06:19,보통당첨대면 집담보로 대출받으면 어느정도땡겨짐 근데문제는 계약금임 최소1~2억이 현금으로있어야함ㅋㅋ 근데당첨될시기에 그정도현금 보유하기쉽지않은게현실,0,0,부정,"분양가·집값 부담, 대출규제·자금조달, 가점·당첨확률",,,Ugw5t5l_o2q14XQt0fZ4AaABAg
2026-09-14 06:19,"뉴스에도 다시 한번 나올때가 됐는데 ㅋㅋ
은행에 피해갈까봐 안나오는거임?? 누가 생각해도 이제 청약통장은 필요없어졌음",0,0,부정,제도 불공정,,,Ugwc8ZJmI-j8vzQtSWx4AaABAg
2026-09-14 05:51,13년짜리 청약통장 해지해서 에센피에 투자했슴. 의ㅡ미없슴,0,0,부정,대체 투자·낮은 금리,,해지,Ugyvwhby7XQfZHOYtjF4AaABAg
2026-09-14 05:45,나는 10년 전에 든 청약통장 한 4년 전부터 안넣고는 있는데 해지는 안하고있음. 미래엔 정책이 어떻게 바뀔지 모르니 납입은 안해도 해지는 못하는 중. 사람들이 요새 가입도 안하고 해지는 늘어난다니 존버하면 30년 뒤엔 뭐라도 쓸만하겠지 뭐...,0,0,양가,,,,Ugz2bRFlC5_YjxRUfFF4AaABAg
2026-09-14 05:28,응 아파트 샀어 대출도 없어 청약 안해~,0,0,양가,,,,Ugy_rnNiN8A18QkfZgd4AaABAg
2026-09-14 05:10,청약통장에 부담없이 넣어서 마련할 수 있는 목돈의 규모가 적정 주택가격인데 요즘 같아선 청약통장 100개도 부족할 금액이라 ㅋㅋㅋ,0,0,부정,분양가·집값 부담,,,Ugw_ijbF9XTK1KDs7JZ4AaABAg
2026-09-13 22:07,"바람직한 현상임 주식 '투자' 하세요. '매매'하려고 하다가 깨집니다. 투자는 100명중에 90명이 성공하는 윈윈이지만, 매매는 100명중에 10명만 살아남는 제로썸 게임입니다. 투자를 했는데 실패를 하셨다고요? 투자가 아니라 매매를 하신거겠죠. 그리고 매매가 아니라 도박을 하셨을 겁니다. 매매는 매수전에 계획된 손절이 반드시 필수라 매매로 크게 깨질 일은 생각보다 없거든요. 투자는 하락장에 좋은 기업을 적당히 싸게 사서 오래 들고가는걸 투자라고 합니다. 근데 너는 그거 안되잖아요? 그러니까 구조적으로 성장하는 내러티브가 강한 섹터 ETF (비중 30%) + 지수 투자 (비중 70%) 하세요.",0,0,해당 없음,대체 투자·낮은 금리,,,UgxtuLunjo0BU-YmnwR4AaABAg
2026-09-14 04:33,"인천 몇년 살다 이번에 나왔는데, 분양가가 주변 시세보다 두배 높은데도 있음. 아무리 신축이라지만 집값이 상승은 커녕 하락되는데도 있으니까 굳이.. 싶더라",0,0,부정,분양가·집값 부담,하락,,UgyMgHMUTGamtJcRPRJ4AaABAg
2026-09-14 04:03,"대출이 막힌게 문제가 아니야
근로소득과 분양가의 괴리가 심해지면서 이 꼴 된거지
부동산이 주거 목적이 아니게 된 나라에서 이건 뻔한 결과임",0,0,부정,"대출규제·자금조달, 제도 불공정",하락,,UgzoWEd8-6Z3Djf7Mud4AaABAg
2026-09-14 03:44,세계적으로 대도시 중에 서울이 PIR지수가 가장높음. 그래서 집값을 떨어뜨려야 하는데 서울시 집값 평균이15억이라고 하면 3-5억은 벌어야 전체 평균값에 맞춰지고 아무리 못해도 1.5억 이상은 연에 벌어야함. 근데 대출을 막아고 규제를 높여야 상대적으로 집값이 떨어지니까 지금은 과도기에 있어서 다 힘들다고 봄. 부동산으로 먹고사는 시대는 끝나야 함 그래야 산업발전을 더 하지..,0,0,부정,"분양가·집값 부담, 대출규제·자금조달, 정부·정치 불신",하락,,UgwkIVdthw9-YbkzdP54AaABAg
2026-09-14 03:33,재~맹(드럼통으로),0,0,해당 없음,,,,UgyoyS9o1zkG4in8VKR4AaABAg
2026-09-14 03:02,아파트청약 어케해요?  SH LH랑은 다른거에요?,0,0,양가,임대·대출우대 등 부가 기능,,,UgxivHM47bojA1uwRhF4AaABAg
2026-09-14 03:02,그래도 큰돈 넣는게 아니니 미래는 어떻게변할지모르고 일단 홀딩이 맞는거같음,0,0,긍정,,,유지,Ugy-7g1s3-A_FAifJbR4AaABAg
2026-09-14 02:56,청년주택도 보증금이 너무 비싼거 같아요 공실 많던데..,0,0,부정,분양가·집값 부담,하락,,UgxuC5mPN2K-aOcwlZt4AaABAg
2026-09-14 02:49,금수저들 자식들 청약해서 신축아파트 입주하고 팔아서 차익남겨먹는 제도 아닌가?,0,0,부정,제도 불공정,,,Ugyt8Q0CYOVbdXz8GGt4AaABAg
2026-09-14 02:35,"1인가구 되도 못썼는데
결혼하고 내집마련 하려고 보니 소득 높아서 무쓸모
근데 소득 높아도 대출 안나오고 집사긴 턱없이 부족
에라이",0,0,부정,"분양가·집값 부담, 대출규제·자금조달, 제도 불공정",하락,,UgylaQYwvk31oNRjPkd4AaABAg
2026-09-14 02:35,1년만에 사회를 이렇게 십창내기도 쉽지 않을텐데 대단하다 대단해…,0,0,해당 없음,,,,UgwWmjMFaWPH1KcD5z54AaABAg
2026-09-14 02:11,심지어 청약 납입횟수로 점수가 달랐는데 요즘 보니까 3년이나 10년이나 점수는 똑같던데,0,0,양가,임대·대출우대 등 부가 기능,,,UgyFhHC6TUQ8gGfaxo94AaABAg
2026-09-14 01:58,나도 한 6년 넣다가 지금상황에 이게 도대체 뭔 효용이 있을까 싶어서 그냥 해지함,0,0,부정,,,해지,UgwZwlBhu6n5zWZNN1F4AaABAg
2026-09-14 01:55,"듣고보니 그렇네.
나도 30중반이고 청약이 있긴한데 그것만 가지고 살긴 좀",0,0,양가,,,,UgwAbE-lhzu7EEEP6P54AaABAg
2026-09-14 04:57,웃긴게 저거 혜지하면 그동안 세금혜택 받은거 다 토해내라함 ㅋㅋ,0,0,해당 없음,,,,UgzXbE8Qm-PGXnfo6_d4AaABAg
2026-09-14 08:31,"부동산 못잡으면 대한민국의 미래는 없다
집때문에  조건만 보고 결혼했다가 이혼하는 가정이 많고 정작 서로 찐사랑인 사람들은 집값 때문에 돈이 없어 결혼을 포기하고 그러다보니 출산율 박살나고 ㅋㅋ",0,0,해당 없음,정부·정치 불신,,,Ugz89Q_2zjjIY-7KZN54AaABAg
2026-09-14 08:31,뭐가 문재인 지 이재명 확 하죠?,0,0,해당 없음,,,,UgwYrRJQ5cLvbUYI3ZZ4AaABAg
2026-09-14 08:30,대재명이 만든 대단한 나라,0,0,해당 없음,,,,Ugwa_osjTtuMnhdEpSN4AaABAg
2026-09-14 08:29,지금 분양가보고도 왜 해지하는지 모르는게 웃기지 ㅋㅋ,0,0,부정,분양가·집값 부담,,,UgyV_lCOArvTPmsLuwF4AaABAg
2026-09-14 08:26,그거 10년 넘게들고있어도 당첨 안되고 신혼분양도 사기인가 싶을정도로 조부모까지 모시는 급의 가점제던데 왜함.,0,0,부정,"가점·당첨확률, 제도 불공정",,,Ugw8IWx-fctG-DPyq0p4AaABAg
2026-09-14 08:25,5:14 ㅋㅋㅋ,0,0,해당 없음,,,,Ugy9hErgeKOnOB7WxGt4AaABAg
2026-09-14 08:24,한참 주식때문에 그랬을수도... 나도 그랬으니까,0,0,해당 없음,,,,UgzP2cPTqwAXmgVjQDZ4AaABAg
2026-09-14 08:22,강남에 돈 많은 사람들이 당첨 돼서 팔아먹거나 자식 명의로 돌리더라.. 로또는 로똔데 ㅈㄴ게 비싸서 중산층 이하는 거들떠 볼수도 없는 로또 ..ㅎ,0,0,부정,"분양가·집값 부담, 가점·당첨확률",,,UgxSp0xFIP3K-ME42fx4AaABAg
2026-09-14 08:06,"문재인, 이재명이 만든 세상.",0,0,해당 없음,,,,Ugz4bEIqjjPknGEMjb94AaABAg
2026-09-14 08:02,소득공제용으로 쓰는거지뭐,0,0,양가,임대·대출우대 등 부가 기능,,,UgxnrVAFcrKBIRM67LV4AaABAg
2026-09-14 08:02,ㅎㅎ이걸아직들고있다니....쩝 ㅎirp나드셈,0,0,해당 없음,,,,Ugyk-dseG1soU0yPial4AaABAg
2026-09-14 07:59,기회가 와도 무슨 돈으로? 😮,0,0,부정,대출규제·자금조달,,,UgxA70OFRVBtXcwk2I54AaABAg
2026-09-14 07:54,어이어이 기본소득이나 받고 살라고 ㅋㅋ,0,0,해당 없음,,,,UgzW5KRKG0U6r__m8X94AaABAg
2026-09-14 06:47,저도 거진 13년 부었는데 결혼도 했고 아들도 하나 있고 당첨도 안되고 분양가도 높고 나보다 높은 점수들이 널렸는데 굳이 부어야 하나 하고 그냥 돈 필요해서 해지해버림,0,0,부정,"분양가·집값 부담, 대출규제·자금조달, 가점·당첨확률",,해지,Ugz43uoLWxXDMm1ljtB4AaABAg
2026-09-14 07:48,신혼부부는 신생아대출할때 이자감면 최대 0.5됨 조건충족할만큼만 하는거 추천,0,0,양가,"대출규제·자금조달, 임대·대출우대 등 부가 기능",,,UgyI2R0L_ofU5YYDw2B4AaABAg
2026-09-14 07:44,"21살부터 청약통장들어서 12년째 넣고 있는데, 그래도 청약이 되지 않는데, 이게 뭔 의미가 있냐",0,0,부정,가점·당첨확률,,,UgwLIAFXgzDJyQ0oDdJ4AaABAg
2026-09-14 07:43,나는 주택청약종합저축으로 해가 이자를 많이 받는 중인데~,0,0,긍정,대체 투자·낮은 금리,,유지,UgzfzSTsWwamsH-cHjd4AaABAg
2026-09-14 07:35,집값좀 어떻게 해라!!!!,0,0,해당 없음,분양가·집값 부담,,,Ugy8y_qBu5xhXqVUFxZ4AaABAg
2026-09-14 07:34,지방 마이너스피 인데 ㅋㅋ,0,0,해당 없음,수도권 집중·지방·인구,,,UgzjynBqAKzUAuKhMfB4AaABAg
2026-09-14 07:22,"회사는 계속 이동하고 안정적이지 못 한데, 비싸고 움직이지 못하는 집이 무슨 의미가 있나?",0,0,부정,분양가·집값 부담,,,UgyKRxzYJanOQSKR38N4AaABAg
2026-09-14 07:20,청약을 깬 다음 예적금과 CD금리액티브로 갑니다... 모두가 적금 깨고 있을 때 주식 들어가면 어떻게 되는지 알지..?,0,0,부정,대체 투자·낮은 금리,,해지,Ugwh_Pza0htxX_TkzGJ4AaABAg
2026-09-14 07:19,20대에 아파트가 있다? ㅋㅋ 99프로가 금수저임,0,0,부정,제도 불공정,,,UgwIbkGlJ5LS74mKEcN4AaABAg
2026-09-14 07:09,널리고 널린게 집이다... ㅉㅉ... 근복적인 원인이 뭔지도 모르고 떠들어대고잇으니.. 에휴..,0,0,해당 없음,,,,Ugwyg9K8Vu_BKBNYtjR4AaABAg
2026-09-14 07:07,ㅈㄴ 웃긴게 청약 무주택 조건중에 부모님도 집이 없어야하는 것도 있음ㅋㅋㅋㅋㅋ,0,0,부정,제도 불공정,,,UgyoWvBVoVD9XTP4HqZ4AaABAg
2026-09-14 07:01,청약통장이었어? 적금아니었던가ㅋㅋㅋ,0,0,해당 없음,,,,UgxBUj04kzsxJ6oRi8p4AaABAg
2026-09-14 06:52,ㄹㅇ 그돈으로 주식 안전빵에 넣지,0,0,부정,대체 투자·낮은 금리,,,Ugwuwdnr3_0lwuasiRp4AaABAg
2026-09-14 06:50,"청약 제도 자체가 건설사가 돈이 없던 시절에 국민들한테 돈을 미리 받아서 지어서 분양하자는거였는데
지금은 청약 제도가 정말 필요하긴 한지 폐지를 고민해야 한다고 봄.",0,0,부정,"제도 불공정, 정부·정치 불신",,,Ugz7xnYuiNFsOgv_yMp4AaABAg
2026-09-14 07:52,가점을 더 주려 하거나 공급을 더 늘리려 생각 말고 분양가나 잡으라고...😢,0,0,부정,분양가·집값 부담,,,Ugy_L7Pg_Nne-lNBi994AaABAg
2026-09-13 21:58,당첨되도 살수있는 돈이 없네,0,0,부정,분양가·집값 부담,,,UgzLkDhJNf0DNH68K0Z4AaABAg
2026-09-13 21:50,미루고 미루다가 드디어 그저께 청약통장 만들었는데 머임,0,0,양가,,,유지,UgwuLLUzOMcNAOtOk_Z4AaABAg
2026-09-13 21:50,엄마가 나를 위해 만들어준 청약통장인데 과연 쓸모가 있을까?,0,0,양가,제도 불공정,,,UgwLEsA0xN3N9STD2nZ4AaABAg
2026-09-13 21:35,인구 분산 해야됌 서울 수도권 아파트가 비싸지 부산만 하더라도 5억이하 아파트 많음…,0,0,해당 없음,수도권 집중·지방·인구,,,UgyyAmR2-0XoOvgokV14AaABAg
2026-09-13 21:34,이곳 지방광역시는 빈집들이 넘쳐납니닼ㅋㅋㅋ 청약저축 필요가 없구요 해지하고 그돈씨 미국 etf에 꽉꽉 채워넣었습니다😊❤,0,0,부정,"대체 투자·낮은 금리, 수도권 집중·지방·인구",,해지,UgxjlCcGXuYKtfxIEXB4AaABAg
2026-09-13 21:30,1인가구 답이 없는건 맞음. 근데 유지금액을 조금낮춰서 2만원대로 해서 횟수를 늘리고 갖고 있다가 공공분양이나 공공임대를 지원하면 또 되긴되더라. 애초에 나는 1인가구라 민간아파트 꿈도 못꿨고 말도안되는 금액을 대출도 불가능하고 계약금도 말이 안되서 사실상 포기했는데 공공임대가 있길래 어? 한번해볼까 하고 배점 4점나왔는데 그게 되서 신축임대아파트 들어와서 살고는 있음. 입주민들이 몰상식한것들 많은줄 알았는데 다행히도 좌우 위 상식적인 사람들이 있는지 잘때 조용하고 거진 활발한 시간대에도 조용한편. 4달째 잘살고 있다. 닭장이니뭐니 좁아서 어떻게 사냐 하는데 약9평인데 은근 넓다.,0,0,긍정,"분양가·집값 부담, 대출규제·자금조달, 임대·대출우대 등 부가 기능, 수도권 집중·지방·인구",,유지,Ugw9Og4xlmZDyO-cHRZ4AaABAg
2026-09-13 21:28,당첨되면뭐하고 나이 한 40까지 ㅈㄴ게아껴도 대출안되고 뭐도안되고 개헬인데,0,0,부정,"분양가·집값 부담, 대출규제·자금조달",,,UgzNBRrCnKnPH-3U9cF4AaABAg
2026-09-13 21:26,청약으로 신축간다는건 솔직히 웃긴이야기죠 ㅋㅋㅋ 청약은 오래된 집중에 집값 높은곳 꺼억할려고 하는건데 신축을 노린다? 그냥 말도안되는 소리 ㅋㅋㅋㅋ,0,0,부정,분양가·집값 부담,,,UgzpmHl9VPTzXF9p0Dd4AaABAg
2026-09-13 21:23,"곧 신혼인데 아무리 생각해도 아파트 가격이 말도 안되는데 저만 이상하게 생각한게 아니라는게 댓글들을 보고 느껴지네요. 

지방도 4-6억도 진짜 일반적인 월급쟁이들은 턱없이 높은거같은데 35 이후에나 결혼해야 가능할까 말까인데 이렇게 말하면 

눈이 높아 왜 신축이나 그나마 인프라형성된 좋은 아파트들만 고집하냐라는 부분만 꼬집는데 

요즘 오래된 곳에서 시작하면 누가 시집올려고할까요",0,0,해당 없음,"분양가·집값 부담, 수도권 집중·지방·인구",,,Ugww4cdP75jFriUo_TJ4AaABAg
2026-09-13 21:22,1인가구 청약통장 있으면 금액에 따라 연말정산 혜택이나 줘라 1인가구라고 세금 더 뜯지말고,0,0,양가,임대·대출우대 등 부가 기능,,,UgxRd_to1aXtnytfu2t4AaABAg
2026-09-13 21:19,평균 가점인 65.81 받으려면 45세까지 나랑 배우자가 한번도 집을 소유하지 않아야 하고 자식도 2명 필요하네,0,0,부정,"가점·당첨확률, 제도 불공정",,,UgwsfJVjtMDmFbu-OlN4AaABAg
2026-09-13 21:19,나도 집 살 생각 없어지니까.. 청약 필요없어서  걍 해약하고 달러로 바꿔서 미국 투자함,0,0,부정,대체 투자·낮은 금리,,해지,UgwLZLgepK_Nvc3SOl54AaABAg
2026-09-13 21:18,내친구 당첨됐는데 되도 문제더라 답없음 저거 ㅋㅋㅋㅋ,0,0,부정,가점·당첨확률,,,Ugxtrj1JPSOgz8-Om6Z4AaABAg
2026-09-14 01:46,이거만 보고 해지마세요 나중에 진짜 땅을치고 후회합니다,0,0,긍정,,,유지,UgwOqJCkrIvsr17YxsV4AaABAg
2026-09-13 21:16,ㅋ전나웃김 진짜...에혀,0,0,해당 없음,,,,UgzM4ZUlUcDlPcTcxFB4AaABAg
2026-09-13 21:14,"서울: 당첨이 안 되서 사실상 로또
지방: 당첨 필요 없어서 의미없음",0,0,부정,"가점·당첨확률, 제도 불공정",,,UgyxGCOUXhRDb15EJ5N4AaABAg
2026-09-13 21:12,장기 임대 주택이 있는데 청약할 이유가 없지.,0,0,부정,,,,UgxAYghyAuf8PDLhwBB4AaABAg
2026-09-13 21:09,"ㅋㅋㅋㅋ팔아서 돈 버는것도 못하게 해
대출도 막아
근저당 가능하게 법으로 바꿔주든가?",0,0,부정,대출규제·자금조달,,,Ugw0Gw4RoUUsKqrQ0ud4AaABAg
2026-09-13 21:04,일반 서민에게 청약만큼 당첨되면 삶의 안정감을 줄 수 있는 구조여야 하지만 대한민국 청약 구조는 그렇지가 않음..하다못ㄴ새 현재 당첨된다한들 비용이 너무 높거나 대출이 막히니깐 의미가 없지...,0,0,부정,"분양가·집값 부담, 대출규제·자금조달, 제도 불공정",,,Ugwm39hMEOmDWYKUkFt4AaABAg
2026-09-13 21:03,자산을 형성할수있는 징검다리를 막아버리니 뭐 방법이 있나.. 그냥 대충 살아야지,0,0,부정,제도 불공정,,,UgzsP3vxb0ps7I-WIRx4AaABAg
2026-09-13 21:01,서울에만 사람이 다 모여드니 지방은 계속 떨어지고 수도권만 끝도없이 오르지,0,0,부정,수도권 집중·지방·인구,,,UgwJ84UIq9ZfwGhQ-i14AaABAg
2026-09-13 21:00,돈도 돈인데 청년주택으로 나온 것들 보면 실평수 고시원임.. 이돈을 내고 이정도 크기의 집에서 살기엔..;;;,0,0,부정,"분양가·집값 부담, 제도 불공정",,,UgzVIdrFSvRoG-KV4P94AaABAg
2026-09-13 20:59,"서울은 분양가가 10억후반이 스타트임 

연봉 각자 1억이하면 3억증여받아서는
서울, 경기 중, 하급지밖에못감",0,0,부정,"분양가·집값 부담, 대출규제·자금조달, 제도 불공정",,,Ugw-LbOc7I8_lSnTclR4AaABAg
2026-09-13 20:59,영산대 서정렬 교수님 시원시원 하시네 랜덤추첨제로 바꾸는거 아니면 의미없음 뭐 자꾸 기준을 추가해봐야 난이도만 높아짐,0,0,부정,"가점·당첨확률, 제도 불공정",,,UgyrUvms5ORBscjQF7p4AaABAg
2026-09-13 20:59,나도4년전에 바로해지함 의미가없음,0,0,부정,,,해지,UgzDJvKrX4p2_0Wj-r14AaABAg
2026-09-13 20:57,"가점제 너무 역차별 심해.  청약의 핵심은 추첨제인데, 거의 죄다 가점제야. 청약통장이 뭔 의미가 있어?",0,0,부정,"가점·당첨확률, 제도 불공정",,,UgxE82JMNCCINKprCDR4AaABAg
2026-09-13 20:54,청약통장 가입자는 가점 더주고 대출이율 더 낮게주면 나라에 돈 넣을 사람 아직 많습니다. 돈많은 이들의 탁상공론이 항상 모든 정책의 제일 큰 걸림돌입니다. 국민을 대변한다는 분들이 국민을 너무 몰라요.,0,0,부정,"가점·당첨확률, 제도 불공정, 임대·대출우대 등 부가 기능",,,UgxNjJjuaI5k13JjTxV4AaABAg
2026-09-13 21:17,"그냥 옛날노래 생각난다 어릴때 했던 
우리나라 망했다 망했다 망했다 우리나라 망했다 너때문에  그게 누구일까.. 이노래 아는 사람 좋아요",0,0,해당 없음,,,,UgzNf65yWTLZbSB22bt4AaABAg
2026-09-14 01:38,쉽게말해 더불어근저당이 사람들의 내집마련의 꿈을 박살내고있다 이거다,0,0,부정,"대출규제·자금조달, 정부·정치 불신",하락,,Ugxci2G4HIzG7Blqv754AaABAg
2026-09-14 01:25,이래서 사실상 부자 자식들을 위한 제도라 부르지..,0,0,부정,제도 불공정,,,UgzPcpvdg9zexLPtL_N4AaABAg
2026-09-14 01:08,"뭔 시세차익 드립치고잇냐
기본적으로 당첨되고 분양가 마련자체가 힘든거지 뭔 현실 ㅈ도 모르네",0,0,부정,분양가·집값 부담,,,UgyajQyIqE--8zwdR2R4AaABAg
2026-09-14 01:02,난 진즉에 해지함,0,0,부정,,,해지,UgzeFe2_Y9wqIEELiAt4AaABAg
2026-09-14 00:47,내가 정확히 이 생각으로 청약 딱 한 번 넣고 안 넣음.,0,0,양가,,,,Ugz7uw8SYeOgsoG1DWh4AaABAg
2026-09-14 00:31,수도권 집중현상으로 지방이나 수도권외곽지역은  미분양이 속출하는거지 저걸해소해야하는데..,0,0,부정,수도권 집중·지방·인구,,,Ugw3vG3kiFgMdGyvmBx4AaABAg
2026-09-14 00:27,결혼한 부부 우대 좋음..... 근데 어느정도 나이가 찼는데 싱글이어도 가점을 줘야 결혼을하지 ㅠㅠ,0,0,부정,제도 불공정,,,UgwuVo8xOtjNmv7W2rh4AaABAg
2026-09-14 00:09,게다가 이거 단리임,0,0,부정,대체 투자·낮은 금리,,,UgykSDrQXLKVtg8o1nl4AaABAg
2026-09-14 00:01,"당첨 되도 서울권은 들어갈 돈도 안되고 ㅋㅋㅋ 지방권은 분양가에서 마프 붙는데 ㅋㅋ 누가 하냐고? ㅋㅋㅋ

돈있는 사람은 청약이 안되고 돈없는 사람은 청약 되도 들어갈 돈이 없음 ㅋㅋㅋ 누굴 위한 청약인지 ㅋㅋㅋ",0,0,부정,"분양가·집값 부담, 제도 불공정",,,UgwRLhQxS0vfFAhBw5J4AaABAg
2026-09-13 23:43,저도 이번에 고등학생때부터 들었던 청약 깼어요. 당첨되도 집을 살 돈도 없고 써야할 돈도 많고  차라리 그돈으로 반은 급하게 쓸돈 쓰고 반은 다른 적금으로 갈아타고 했는데 뭔가 씁쓸하더라구요.... 저는 자가에는  연이 없나봐요.  기독교지만 만약이라도 다음 생이 있다면 거북이나 달팽이로 태어나고싶어요,0,0,부정,"분양가·집값 부담, 대체 투자·낮은 금리",,,Ugx2UDz57nUvznHmVY14AaABAg
2026-09-13 23:41,점수는 저소득층에게 몰아주지만 막상 당첨되고 나면 저소득층이라 못 들어가는 아이러니,0,0,부정,제도 불공정,,,UgyBkW-oSq8hu6swzhN4AaABAg
2026-09-13 23:38,"??? : 우와~  저 당첨이래요, 연봉 얹고 대출 얹고 부모님 등골 얹고 내 피땀 얹어서 계약금 5억을 내면 집을 준대요 ^^",0,0,부정,"분양가·집값 부담, 대출규제·자금조달",,,Ugyvlgr_QRTkAHL0UZ54AaABAg
2026-09-13 23:27,"청약 조건이 너무 괴랄함 아이2명 홀부모 수준은 되야 당첨될 난이도임 ㅋㅋㅋ
심지어 붙어도 계약금이랑 선납금에 세금에 대출이자에 계산 몇 번 해보면 유지 못할 금액인거 사이즈 나와서 시도도 못하는거임
심지어 규제지역이다? 40% 한도에.. LTV 제한이면 자동차 대출 신용대출 있으면 불리하고
당첨되고 대출 승인 안나면 진짜 곤란함",0,0,부정,"분양가·집값 부담, 대출규제·자금조달, 가점·당첨확률, 제도 불공정",,,UgzzE3BW2m4NtYMxI6V4AaABAg
2026-09-13 22:02,해지하지말고 담보대출 ㄱㄱ,0,0,긍정,대출규제·자금조달,,유지,UgzPwvz8qTeVx_Susrd4AaABAg
2026-09-13 23:26,미안한 얘기일수도 있지만 우리 부모세대 50-60 베이비붐이 다 더세상 가셔야 정상화 시작임,0,0,해당 없음,,,,Ugx_RIoKFrh4rwyK_PZ4AaABAg
2026-09-13 23:18,분양가 원가공개해라~ 말도 안되는 가격임,0,0,부정,분양가·집값 부담,,,Ugwsty8Ldkapw2B56ld4AaABAg
2026-09-13 23:14,대출이 안되는데 뭔 정책이야,0,0,부정,대출규제·자금조달,,,Ugx0wS5Jks9szVo1vyd4AaABAg
2026-09-13 23:12,걍 지수추종하고 집 살때 피주고 사는게 나을듯 당첨 안될 확률이 더 높은 통장에 천년만년 넣어두는것 보다는.....,0,0,부정,대체 투자·낮은 금리,,,UgxoR1msIC-cp9X1T914AaABAg
2026-09-13 22:58,내 돈으로 남의 대출 시켜주는셈,0,0,부정,대출규제·자금조달,,,UgzgMCnTuEJ9LLTkL1J4AaABAg
2026-09-13 22:52,2년 전에 청약 해지했는데 주변에서 왜 하냐고 난리 ㅋㅋ 근데 지방은 청약 안 해도 살 수 있는데 굳이 비싼 신축 왜 사~,0,0,부정,"분양가·집값 부담, 수도권 집중·지방·인구",,해지,UgxD8jgeYoGW3uK01IZ4AaABAg
2026-09-13 22:50,"진작에 처하지 뭐하다 이제하누 
이탈 시작되면 떠나간 사람이 뭐 돌아온다냐? ㅋ",0,0,해당 없음,,,,Ugw5LHvX-tXqB9y0dCp4AaABAg
2026-09-13 22:46,ㅈㄴ 웃긴게 조건은 파트타임 알바생정도여야되는데 연봉은 8천은 돼야댐 ㅅㅂ ㅋㅋㅋㅋㅋ,0,0,부정,제도 불공정,,,UgyfjRRmLI3MfHJN1Lx4AaABAg
2026-09-13 22:30,원래 납입연수가 깡패였는데 전세사기사건 국민들한테 전가시키려고 납입금액점수를 ㅈㄴ 올려버림. 제도에 구멍이 숭숭 뚫려있는 똥을 또 서민들한테 전가시킴,0,0,부정,제도 불공정,,,Ugx07JBZptO_NK5c3C94AaABAg
2026-09-13 22:17,대출도 막고  증여 상속세는 풀어준다며 몇십년전 가격 그대로인데 집값은 오르는데  어떻게 사,0,0,부정,"분양가·집값 부담, 대출규제·자금조달",상승,,Ugw1-fNx8D1DqcNsWd94AaABAg
2026-09-13 22:16,"전 청약통장에 딱 200만 넣어놨습니다.
이렇게 해두면 제가 거래하는 은행의 주택담보대출 금리를 0.1% 낮춰주는 효과가 있거든요.",0,0,긍정,임대·대출우대 등 부가 기능,,유지,UgwhigtKHGGzwFLxGX54AaABAg
2026-09-13 22:12,민주당이 정권 잡으면 서민들 혜택보는 청약통장도 개똥이 되지만 그래도 그분들은 민주당뽑아야됨 왜? 국힘은 나쁜사람들이잖아~ ㅋㅋ,0,0,부정,정부·정치 불신,,,UgwBDQZzzdy6vfx6hgZ4AaABAg
2026-09-13 22:07,"애초에 집값이 2~3억대 정도가 아닌이상
어지간한 사람들은 청약으로 신축들어가는게 말이 안됨
뭐 대한민국 평균소득이 세후 300정도 그마저도 중위는 230정돈데
대출도 적거나 안되는데 이정도 월급으로 내집마련? 사실상 꿈도 못꿀일임 ㅋㅋㅋ",0,0,부정,"분양가·집값 부담, 대출규제·자금조달",상승,,UgyFYlvdRU6M9kERC0J4AaABAg
2026-09-13 19:03,"1. 1인가구도 큰사이즈살고싶음. 6평 7평 그런거말고 투룸쓰리룸살고싶다고..맨날 작은거만 지원가능이러니 안하지
2. 소득기준이 낮아야되는데 집값은 그소득인 사람이 할 가격이 아님
3. 대출 풀로 어케땡겼다치면....그 이자 감당이면 걍 월세 낼께.. 월세 5프로씩만 오르니까 10년 임대주택 이자뺑이랑 별차이없다
4. 평범한사람들은 못받아. 저소득이나 신혼부부나 식구많은집 말고 혼자 평범하게 살고 주거마련 적정세대인 3-40대는 청약이 그림의떡
5. 출퇴근이 너무힘든 위치들.. 자차있어야 가능한데 그것도 재산기준봐야하니ㅋㅋ
에휴 입아프다 나라에서 나오는 혜택은 어릴때 중소기업세금면제말곤 단 한번도 받아본적없음. 알바하고 사는사람들이 나보다 더벌기도 하더라",0,0,부정,"분양가·집값 부담, 대출규제·자금조달, 제도 불공정",,,Ugw4APNn3exDmERPglN4AaABAg
2026-09-13 23:27,해지가답이지,0,0,부정,,,해지,UgwlG6rPJAU-dbYYaK14AaABAg
2026-09-13 12:59,"청약통장 가입자 수를 늘리려면 간단함. 매수하고자 하는 주거형 부동산 매매가의 30%를 청약 통장 보유시 할인 혜택을 주는것임. 단 무주택자이며, 실거주 목적을 증명하는 사람에게만. 그럼 반대로 청약통장 가입자가 늘것임. 보유기간이 길수록 최대 50%까지 할인 혜택 부여한다면 청약통장 가입자수는 절대 감소하지 않음.",0,0,긍정,임대·대출우대 등 부가 기능,,유지,Ugwc_RvNfA4Y2FKbUyZ4AaABAg
2026-09-13 12:50,"청약통장 만들어도 , 결국 내돈 나가는거 똑같음. 존재 의미가 뭐가 있지?. 집사는데 대출받고, 내돈 수억나가는거 똑 같은데.",0,0,부정,대체 투자·낮은 금리,,,UgwGJl7D3Bh7nu0TtQ14AaABAg
2026-09-13 12:49,정부 정책이 잘못됐다는 뜻이지 뭐. 하나만 알고 둘은 망치는,0,0,해당 없음,정부·정치 불신,,,UgyX9t9x28AAQObvjkZ4AaABAg
2026-09-13 12:47,"새집은 6억이상이고 
대출규제는 연봉이 알바수준이고 ㅎ
한달에 300번다고 치면 아파트값으로 매달 150나가고 각종공과 관리비 나가면 뭐있냐? ㅎㅎㅎ",0,0,해당 없음,"분양가·집값 부담, 대출규제·자금조달",,,UgzQC7zny09vRFX03qd4AaABAg
2026-09-13 12:46,05:38 2030 타령 좀 고만해라.  40대의 많은 가장들도 집이 없어요 이사람아.,0,0,해당 없음,정부·정치 불신,,,Ugw0V_3IpANFebXpr5F4AaABAg
2026-09-13 12:45,미혼이지만 부모님과 살고있음. 현재 백수에다 형편이 어려워져(부모님께 손벌리기엔...) 연금보험을 깰까 청약을 깰까 빡세게 고민하고 있는데 이 영상보고 내일 청약깨러 가려고.,0,0,양가,"분양가·집값 부담, 대출규제·자금조달",,해지,UgwYVVKYDHhh36wKl0l4AaABAg
2026-09-13 12:44,우리나라는 맘에 안드는게 자꾸 나라에서 뭘 해주려고함. 성인이면 알아서 주택사고 알아서 노후 준비하는거지 국가 지원이 과함,0,0,해당 없음,정부·정치 불신,,,UgyMyYrKjjmy6G4EdrR4AaABAg
2026-09-13 12:41,근데 나는 장기적으로는 좋은 현상 같음.. 비생산적인 부동산에 다들 투기/투자 해서 시세차익 남길 바에야(물론 모든 사람이 다 그렇진 않다는 거 매우 인정!) 생산적 기업에 투자해서 선순환 하는게 더 좋을 듯! 물론 국내 기업이 더 건전해져야 하는 숙제가 남긴 했지,0,0,해당 없음,대체 투자·낮은 금리,,,UgyqmwDkzY1fGfFNCBx4AaABAg
2026-09-13 12:39,대체 어느나라가 2030이 내집마련 할 수 있다고 생각하냐? ㅋㅋㅋ 결국 그게 다 빚인데 죄다 그걸 원하니 부동산가격이 안 올라가고 배겨? ㅋㅋㅋ 다른나라가 보면 코메디 현상임 ㅋㅋㅋ,0,0,해당 없음,정부·정치 불신,,,UgxXtZm_8kmspnX0pAt4AaABAg
2026-09-13 12:37,"누구도 탓하지 마. 결국 우리나라 부동산 올린 사람들 다 돈에 눈먼 대한민국 국민들이니까. 주식,부동산 죄다 돈에 눈멀어서 시장이 이상해지지",0,0,해당 없음,,,,Ugzs8HAL-gXK0lswOAt4AaABAg
2026-09-13 12:33,이게 다 문죄명 때문이다!!!,0,0,해당 없음,,,,UgzL-4BCyeAaLAljxyh4AaABAg
2026-09-13 12:32,옛날이야기~,0,0,해당 없음,,,,UgxXEpXkPbsG2dwCtPB4AaABAg
2026-09-13 12:30,내 집 마련은 2030만의 문제가 아니예요...무주택 40대도 많답니다ㅜ,0,0,해당 없음,정부·정치 불신,,,UgypZgrLK6Wia4yv6nl4AaABAg
2026-09-13 12:30,청약은 항상 변한다 갖고있자 제발,0,0,긍정,,,유지,UgxUfu4TfpxZeBhRMcl4AaABAg
2026-09-13 18:16,지들이 쳐 올려놓고 ㅋㅋㅋㅋ,0,0,해당 없음,,,,UgywzhLD0EOsExzMMrh4AaABAg
2026-09-13 12:22,"난 저런 이유로 15년 전에 해지했는데 왜 이제야 저런 얘기가 나오는거야?
그냥 추첨제로 하면 될 걸 가지고 가점에 소득에 규제에 어휴",0,0,부정,"가점·당첨확률, 제도 불공정",,해지,UgyLgmOwRWlnrddgDJl4AaABAg
2026-09-13 12:22,대출도 막혀 시장가가 너무 높아 갚을수도 없어,0,0,부정,"분양가·집값 부담, 대출규제·자금조달",,,UgwT9S7_hrJV_P4s7E14AaABAg
2026-09-13 12:20,"임대후 분양 아파트 경우 입니다, 내 생에 첫 집 장만,,, 부부경우 둘다 집을 전에 산 이력이 없으면 취득세도 감면 합니다
기존 청약으로 lh공사 공고 넣고 당첨되서 임대 아파트에 살 때 곧바로 다시 청약 통장 3년 정도 유지하다 그 이후로 당첨된 집을 임대기간 후 내생에 첫 집을 장만할 떄...  주택 담보 대출 때 디딤돌 대출 금리를 추가로 깎아주는 유일한 무기가 됩니다.
3년 이상이면 0.5% 인하 가능,  전혀 무의미하지는 않음-
금액은 상관 없음 매달 5만원만 넣어도 금리 인하 가능",0,0,긍정,임대·대출우대 등 부가 기능,,유지,Ugz5Hz8HFQVoCDIiKld4AaABAg
2026-09-13 12:17,그냥 돈없고 그돈으로 투자하고 싶어 해약한거임~~~ 몬 큰이유가 있겠어..애초부터 청약통장은 언제가 올 좋은기회를 잡기위해 넣는거였어.. 근데 최근 경제가 안좋아지고 투자포모가 오니 그냥 해약!!,0,0,부정,대체 투자·낮은 금리,,해지,Ugx_nLXhLVGXAhR2MX54AaABAg
2026-09-13 12:13,시골에서 생활하다 결혼하면서 서울에서 직장생활 시작했음. 고시원부터 출발..... 10년 살다보니 결론이남. 난 아파트는 절대 못들어간다 부동산으로 돈버는거 절대 못하고 그냥 내가 내집이라 부를수있는 빌라로 가는게 어쩔수없는 방법이라는 생각,0,0,해당 없음,"분양가·집값 부담, 수도권 집중·지방·인구",,,UgwbVPh9scDxNCAr8Kx4AaABAg
2026-09-13 12:03,아니 웃긴게 원래 돈없으면 집 못사는건 당연한건데 빚ㅈㄴ내서 사려고하니 이게 문제처럼 비춰지는거임. 무조건적인 내집마련은 사라지고 능력있는사람만 산다면 부동산가격도 안정화되는거고,0,0,해당 없음,"분양가·집값 부담, 제도 불공정",,,UgzAWjNuaAKTxd5-tiB4AaABAg
2026-09-13 12:01,모 연예인 청약당첨으로 집샀다는 기사 봤는데,0,0,해당 없음,,,,UgwX44MJFula9twSI254AaABAg
2026-09-13 12:00,이거보고 나도 그냥 깰까 싶다,0,0,양가,,,해지,UgyceCgw7bt56cGKlm54AaABAg
2026-09-13 11:59,"머릿수 많다고 점수를 더주니까 당첨돼긴 글럿어
소형 주택을 많이지어서  1인가구도 해택을 보게 하던가",0,0,양가,"가점·당첨확률, 제도 불공정",,,Ugz1mKKJOfcK-z5eZHh4AaABAg
2026-09-13 11:54,서울에서만 그렇지 ..,0,0,해당 없음,수도권 집중·지방·인구,,,UgzXwfnJ6Ibtj2Ih_CJ4AaABAg
2026-09-13 11:53,청약통장 아직 갖고 있는 흑우 읍재?,0,0,해당 없음,,,,UgwEbN4eEZUWfjW5HwN4AaABAg
2026-09-13 11:47,"서울 한강변이나 강남 근방 핫플레이스 지역은 청약 가산점까지 짱짱해야 청약 받을까말까고, 
그 외 지역은 청약 다 미달인데 청약통장이 필요가 없어.",0,0,양가,"가점·당첨확률, 수도권 집중·지방·인구",,,UgxnvmCuzOEFKCVqQtx4AaABAg
2026-09-13 11:46,"모든 대지는 나라가 주인이 되고, 주택은 실거주자만 소유할 수 있도록 법을 만들자. 땅값은 세금으로 받고 그러면 부동산 투기니 전세사기니 하는것도 전부 사라진다.",0,0,부정,"제도 불공정, 정부·정치 불신",,,UgzaF5qFiTEA_Li_m3h4AaABAg
2026-09-13 11:44,"댓글들보면 왜 못사는사람들만 있는거같냐ㅎ
막지어도 분양다되는데 들어가는사람도 수두룩일텐데",0,0,해당 없음,,,,Ugw-pl8VdOOiW0QVkv54AaABAg
2026-09-13 12:23,일단 이율이 존나 낮아서 개빡침,0,0,부정,대체 투자·낮은 금리,,,UgyyLajogsE4KhJoAH54AaABAg
2026-09-13 14:49,"1인 평수 제한부터 풀어라
집이 있어야 결혼하는거지
결혼부터 하고 집구하라 하면
누가 결혼하냐",0,0,해당 없음,,,,UgxGNnW80p4G0EcJkKJ4AaABAg
2026-09-13 14:47,"그래도 없는 돈이다 생각하고 모은게 꽤 됨
소비로 이어질뻔한 내 돈
난 굳이 해지할 필요는 없을듯",0,0,긍정,,,유지,Ugw4XXWz_U320_OoF-Z4AaABAg
2026-09-13 14:46,그냥 소득공제용임,0,0,양가,임대·대출우대 등 부가 기능,,,UgyPHQEVKxYf7_rHekB4AaABAg
2026-09-13 14:43,국민연금도 대국민 사기극이라는걸 모르는 청년들이 있나?,0,0,해당 없음,,,,UgxXMZgO8qUAEc9nw4F4AaABAg
2026-09-13 14:33,당첨되도 분양가가 너무 비싸서 무쓸모라니까,0,0,부정,분양가·집값 부담,,,Ugw305fy_351OWXHr2p4AaABAg
2026-09-13 14:28,"대출 된다 하더라도 갚을수가 없다
굶으며 2잡 뛰어도 못삼",0,0,부정,대출규제·자금조달,,,UgyejyDKqrxLRnXnlCh4AaABAg
2026-09-13 14:23,집값이 적당하개 상승하고 돈모아서 40 50대에 집사는게 맞지 ㅅㅂ 그게 다 엉크러져서 이지랄이지,0,0,긍정,분양가·집값 부담,상승,,UgwNOUgFX8WFFb382AF4AaABAg
2026-09-13 14:18,"집은 소유가 아니라 내가 잠시 머물다 가는곳이지.
분양가가 너무 높고 신혼이나 1인가구 저소득층등 서민들에겐 갭이커져버렸고
현실적으로 차라리 10년~25년 장기임대청약통장을 만들어라 그게 더 실익이 있다.",0,0,부정,"분양가·집값 부담, 임대·대출우대 등 부가 기능",,,UgyDDp1L6n97V1aIDVR4AaABAg
2026-09-13 14:06,청약 넣으면서 청약계좌 담보 마통 대출 받으니 개꿀이더만,0,0,긍정,대출규제·자금조달,,,UgyY7pleRFQh9y7QqOt4AaABAg
2026-09-13 13:57,몇십억짜리 아파트 사는데 몇백만원이 뭔 소용임?,0,0,부정,분양가·집값 부담,,,UgxxQqdG-eoZmFsy5jt4AaABAg
2026-09-13 13:55,청약통장이 역할을 못하는데 청약 통장 역할을 강화해야지 ㅋㅋ,0,0,양가,임대·대출우대 등 부가 기능,,,UgxmPW6kOC6GCLV70vV4AaABAg
2026-09-13 13:52,주택구매자들이 가져갈 차액 이익을 주택회사가 먹을려고 하니 비싸지는 것임.,0,0,부정,제도 불공정,,,Ugx_B0g0qijksBpOWKx4AaABAg
2026-09-13 13:50,좋은 정부 좋은 부동산 정책~,0,0,긍정,,,,UgyMjyWIPRsb4gludxJ4AaABAg
2026-09-13 13:48,청약이 사실상 당첨이 된다 한들 목돈 1억이상은 현금으로 들고 있어야 비벼볼까??가 되던데,0,0,부정,"분양가·집값 부담, 가점·당첨확률",,,UgzjAybxY5Snt0RaS2F4AaABAg
2026-09-13 13:01,ㅋㅋㅋㅋㅋㅋ열심히 넣다가 부동산 공부하던 친척어른 따라 다니면서 모델하우스 몇번 봤는데. 이거 한다고 답이 없는데??? 싶어서 그냥 썩다리집 사고 해지함.,0,0,부정,가점·당첨확률,,해지,UgyRIpISNrrRh3Wb2qh4AaABAg
2026-09-13 13:45,의미없는 기준이 문제,0,0,해당 없음,,,,UgwBloypwxNdaaYBuLl4AaABAg
2026-09-13 13:41,"4인가족 청약통장 만점도 예비번호한번 안나옴...분양가 상한제도 없애고, 소득보다 분양가가 10배는 빠르게 올라가고,  대상은 청년 신혼부부에게만 주로 주다보니, 
40대후반~60대 초반까지는 걍 니 재주좋으면 사보시든가??하는 수준임.  청약통장 불법거래하고, 온갖 불법을 자행해도 그닥 처벌도 안하고, 찾아낼 의지도 없어보임. 에라이~",0,0,부정,"분양가·집값 부담, 제도 불공정",,,Ugy9iQPoXZhSOhir1bx4AaABAg
2026-09-13 13:39,건강해지고 있군 ㅋㅋ,0,0,해당 없음,,,,Ugz7okOe2xuJxzjFZWh4AaABAg
2026-09-13 13:37,"경기도 외곽쪽 사는데 근처 지하철에 근접한 청약 아파트가 6억~7억임;
신청하는 곳 가서 보니까 대부분 신혼부부나 나이가 많아도 30대 중후반이던데
부모가 돈이 있어야 겨우 살 수 있는 정도임.....",0,0,부정,"분양가·집값 부담, 대출규제·자금조달",,,UgyYI631eRZw5IyoLml4AaABAg
2026-09-13 13:33,요즘 진짜 청약통장은...그냥 약간의 절세? 딱 그정도 밖에 안됨.. 그돈으로 차라리 적금 넣는게 훨씬 이득!!! 요즘 4인가족이상 무주택 10년이상 아니면 진짜 무쓸모임!,0,0,부정,대체 투자·낮은 금리,,,Ugy_bCCMf7lxyslh06t4AaABAg
2026-09-13 13:25,분양금 10억이상인데 뭔돈으로 사?  대출? 대출이자낼수가 있냐? 결국 집값은 떨어진다,0,0,부정,"분양가·집값 부담, 대출규제·자금조달, 가점·당첨확률",하락,,UgwF6A7GdIivBrZtq4V4AaABAg
2026-09-13 13:19,"부동산 버블 너무 심함...   거품이 낄대로 껴서....  버블이 빨리 안 터지면... 나라가 망하게 생겼음....  일본 잃어버린 30년, 미국 2008년 부동산발 금융위기, 중국 부동산 폭락 조만간 따라갈 예정...",0,0,부정,"분양가·집값 부담, 정부·정치 불신",하락,,UgyzDyPPvwoB2W3_TYh4AaABAg
2026-09-13 13:17,늙으면 어느순간부터 청약으로 임대들어가는게 좋을건데 ㅎ,0,0,긍정,임대·대출우대 등 부가 기능,,,UgxDVSLAh6_ivljIyQd4AaABAg
2026-09-13 13:16,청약 없애고 후분양으로 바꿔라,0,0,부정,제도 불공정,,,UgzsY0eixQyuCI3nEnZ4AaABAg
2026-09-13 13:14,"해외주식 ETF투자 ㅋ. 1인가구는 이제 혜택 계속 줄어들거다.
신혼부부 혜택은 점점 늘어날거고 . 모든 나라가 다 그렇게 해왔음.
한국은 뭐 다를줄 아나봄. 문재인.윤석렬때 말도 안되는 1인가구 혜택을 줬으니까 
그게 스노우볼이 된거지.",0,0,부정,"제도 불공정, 대체 투자·낮은 금리, 정부·정치 불신",,,UgyB9t8G_RYn5T9TLEd4AaABAg
2026-09-13 13:11,"다들 청약통장을 해지하니깐 주택도시기금이 무너진게 아니라
주택도시기금이 제대로 일을 못하니깐 청약통장에서 탈출하는거지ㅋㅋㅋ",0,0,부정,정부·정치 불신,,,Ugygvcx8n7LmB0tCwrB4AaABAg
2026-09-13 13:09,서울 말고 경기도를 봐라.. 서울은 열심히해서 들어갈 수 있는 곳이 아니다. 가족지원 운 여러가지가 지원되야 가능하다.,0,0,긍정,수도권 집중·지방·인구,,,Ugx9ZgT4pCMjblkpXLV4AaABAg
2026-09-13 13:07,걍 피주고 사는거 대비 이득이 전혀 없는데 유지할 이유가 도대체 뭐임?,0,0,부정,대체 투자·낮은 금리,,해지,UgzF3fhujrOjRtl1RtJ4AaABAg
2026-09-13 13:06,이게 바로 찢두로효과,0,0,해당 없음,,,,UgxSIjvR_u9Hm47FsB14AaABAg
2026-09-13 13:05,ㅅㅂ 혼자사는 사람은 청약통장 왜 가지고 있어야하냐?,0,0,부정,제도 불공정,,,UgzdY3bOMcKGKtvX0E54AaABAg
2026-09-13 13:46,"얼마 전에 뉴스에 나온 내용.

계약금 (20%): 분양 계약 체결 시 집단대출 등을 활용해 납부 완료.
중도금 (60%): 1차(30%) 및 2차(30%) 중도금 역시 집단대출 등을 통해 정상 납부.
잔금 (20%): 남은 잔금 약 3억 7000여만 원을 치르기 위해 주택담보대출(잔금대출)을 받아 기존 집단대출(중도금)을 상환·전환하려 했으나, 
'6·27 대출 규제'로 대출 한도가 6억 원으로 일괄 제한되면서 자금줄이 막히게 되었습니다


대출로만 집을 사려고 했던 안일한 투기꾼들이 문제의 요지.

대한민국 가계부채

AI 개요
한국의 가계부채(가계 빚) 총액이 사상 처음으로 2,000조 원을 넘어섰습니다. 

연합뉴스TV
가계부채 현황
가계신용 잔액: 2분기 말 기준 2,019조 8천억 원을 기록했습니다.
증가 폭: 한 분기 만에 약 26조 원이 늘어나며, 4년 9개월 만에 가장 큰 증가 폭을 보였습니다.
원인: 주택담보대출 및 투자 목적의 대출(빚투) 증가가 주요 원인으로 작용했습니다. 

연합뉴스TV
 +1
경제적 영향 및 특징
세계 최고 수준: 한국의 GDP 대비 가계부채 비율은 주요국 중 최상위권에 속하며 가계 소비와 경제 안정을 압박하는 요인으로 지적됩니다.
구조적 요인: 주택 구입뿐만 아니라 전세 제도, 높은 자영업자 비중 등이 복합적으로 영향을 미치고 있습니다.

대출 빚갚는데 수입의 대부분이 지출 된다면 내수가 망하게 될 건 눈에 뻔하지.
정부가 두고 볼 수는 없는 지경까지 왔다는게 팩트.",0,0,양가,대출규제·자금조달,,,Ugxo-H8vzLD4iBuoagp4AaABAg
2026-09-17 19:31,"한달 최소천원 최대10만원이라 치자 달달히 꾸준히 넣었는데 30평 아파트가 1억이면 이해하겠다만 뭔 
3억 이상인데 어떻게 돈을 장만해서 집을 하겠다는거지???? 이해가 1도안되는데",0,0,부정,분양가·집값 부담,,,UgxlDcm2XMZC1DxY3iV4AaABAg
2026-09-17 19:30,"나도 미혼에 싱글이지만 결혼가정, 애키우는 가정 지원이 우선이라고 생각하고 소외감 느껴본적은 없는데ㅋㅋㅋㅋ 혼자는 솔직히 살만함 결혼하고 애키우는 집이 진짜 나라에 큰 기여하는거지..(물론 싱글이 기여를 안한다는건 절대 아님)",0,0,양가,제도 불공정,,,UgyeAJR7tzsR4M9xf0h4AaABAg
2026-09-17 19:27,청약 당첨되면 머함..대출이 그만큼 안되는데..,0,0,부정,"대출규제·자금조달, 가점·당첨확률",,,Ugxc4WDnJob3J2BZF1N4AaABAg
2026-09-19 10:30,요약 : 지방 사는 사람들은 청약 필요없음,0,0,해당 없음,수도권 집중·지방·인구,,,Ugx8eJ-LtxGf1lBY5Al4AaABAg
2026-09-13 10:25,부의 대물림,0,0,해당 없음,,,,UgyT-MDlJFi0mdzILHZ4AaABAg
2026-09-13 10:23,조선은 남들할때 쫓아하면 손해보는나라임... 남들 해지한다고 해지하면 후회한다,0,0,해당 없음,,,,Ugx635DyQ9yJDNVWZnx4AaABAg
2026-09-13 10:20,근데 말만 그리하지 대부분 수도권에 집한채씩은 있잖아?,0,0,양가,수도권 집중·지방·인구,,,Ugy5FTuZT7Ul--U9u914AaABAg
2026-09-13 10:19,나도 올해 초에 몇낸째 넣던 청약 해지했지. 근데 저런 이유는 아니고 주식 때문에...,0,0,부정,대체 투자·낮은 금리,,해지,Ugz-RqH1wzdPo47ieyx4AaABAg
2026-09-13 10:18,"혜택 받을 확률은 낮은데,
쥐꼬리만한 이율 주면서
남의 돈 이용하려는 프로세스가 무너지는 거지",0,0,부정,"제도 불공정, 대체 투자·낮은 금리",,,UgyySidnMVxuvlOv4Oh4AaABAg
2026-09-13 10:03,멍청한 소리. 규제는 매년 바뀌었음. 적금통장이라 생각하고 모으면 되지. 해지를 왜해?,0,0,긍정,,,유지,UgwaiKEJ1cGEUE2bV5B4AaABAg
2026-09-19 11:16,"주택가격 인상의 근본적인 문제인 수도이전을 해야지
댐은 이미 터졌는데, 댐을 막을 생각은 없고 넘쳐나는 물만 퍼내고 있으니 해결이 될리가 있나
표심때문에 수도이전도 안되고, 결국 다같이 죽는방법밖에",0,0,해당 없음,,,,Ugw3DFhawnQSf5P2JEl4AaABAg
2026-09-13 10:03,아 내 돈이 무능력자한테 가는거였음? 청약 해지하러갑니다,0,0,부정,제도 불공정,,해지,UgzqrsZaaPWSh1n2-S54AaABAg
2026-09-13 10:00,"아파트 이삼억할때나 청약매리트 있지
지금은 칠억이상주고 사서 1억 오름ㅋ",0,0,부정,분양가·집값 부담,,,UgyuCTSwQNRc97LTSP54AaABAg
2026-09-13 10:00,청년 사다리 개박살은 역시 대재인 대재명^^7 고마워요!,0,0,해당 없음,,,,Ugws-XL_wEdrjJQh-F54AaABAg
2026-09-13 11:37,ㄹㅇ 하나도 의미 없음 ㅋㅋㅋㅋㅋ,0,0,해당 없음,,,,Ugzvb_UIoCqI0EIupTB4AaABAg
2026-09-13 09:54,결론 너무 비싸구 돈이없구 소득 자산요건은 말이 안되구 진짜 필요없는 통장임,0,0,부정,"분양가·집값 부담, 제도 불공정",,,Ugx3wd7AF_lIjDbR4Vp4AaABAg
2026-09-13 09:47,이자만 백만원 이백만원 수년 수십년 내야되는데 애를 어케 키웁니까 ㅋㅋㅋㅋ,0,0,부정,대체 투자·낮은 금리,,,Ugwl78HfNZj60WcxlO94AaABAg
2026-09-13 09:33,당첨도 안되고 당첨돼도 집값이 씹창나서 대출도 안나와,0,0,부정,"분양가·집값 부담, 대출규제·자금조달, 가점·당첨확률",,,UgwTuRFaCQlOexLV9V14AaABAg
2026-09-13 09:25,사람들이 미래에 대한 기대감이 낮아졌다는거겠지,0,0,해당 없음,,,,UgwgdkxK_YCXcR3tyIR4AaABAg
2026-09-13 09:24,당첨되도 계약금 낼 수 있는 사람이 거의 없음..ㅋㅋㅋ,0,0,부정,"분양가·집값 부담, 가점·당첨확률",,,UgzDbOwX_Mt01On4SUt4AaABAg
2026-09-13 09:22,돌아가면서 청약부자한태 돌아가면서 아파트 나눠주기  청약통장이런 거지같은구조를없애라,0,0,부정,제도 불공정,,,UgzTlrZeCCjN2eDRz5d4AaABAg
2026-09-13 09:21,모든 다단계형 사업이 그렇듯   초반에는  대박이고  뒤로 갈수록  똔똔  마지막은 독박임    이 시장도 끝나거임,0,0,부정,,,,UgzjFFJF0f88sxtSG7B4AaABAg
2026-09-13 09:17,근데 솔직히 언제부터 2030들이 바로 내집마련하고 살고있었냐???,0,0,해당 없음,,,,UgwhXsB6NoEg4h_8_B14AaABAg
2026-09-13 09:14,"연예인들은 50억 100억씩 대출 받아 부동산 투자하는데 서민들은 어쩌다가 운 좋게 청약 당첨되도 대출이 안되서 로또도 날리는 현실ㅎ 부자는 더욱 부자로, 가난뱅이는 더욱 가난뱅이로",0,0,부정,"대출규제·자금조달, 제도 불공정",,,UgzePMJ-lvONF4aMIUF4AaABAg
2026-09-13 09:08,청약 시스템 유지할거면 별도의 청약 주담대를 주고 주거한다는 내용을 중심으로 혜택을 주고 그래야지 뭔,0,0,양가,"대출규제·자금조달, 임대·대출우대 등 부가 기능",,,UgyODVbNFIF7jTjBQDd4AaABAg
2026-09-13 08:55,가격이 비싸지니 차라리 꺠고 어디 다른곳 알아보는게 속편하긴하지.,0,0,부정,분양가·집값 부담,,해지,UgxcsyXwB-o0sBbznDJ4AaABAg
2026-09-13 08:39,"애초에 미친 경쟁률을 뚫는것부터가 난관인데 뭐..
급한 돈이 필요하면 청약통장해지하는것도 방법이 맞지",0,0,양가,"대출규제·자금조달, 가점·당첨확률",,해지,UgxReeI2jJSwAy4HG1x4AaABAg
2026-09-13 08:27,"당첨되더라도
서울권은 10~20억
수도권은 7억~10억대임
근데 6억이상은 또 대출도 안나옴 
ㅋㅋㅋㅋ현금으로 수십억 들고있어야함",0,0,부정,"분양가·집값 부담, 대출규제·자금조달, 수도권 집중·지방·인구",,,UgyWW4YQot5UjoaFE1t4AaABAg
2026-09-19 09:30,lh 임대주택 청약점수 최대로해도 당첨이안됨,0,0,부정,가점·당첨확률,,,UgxYiAeNY-kU-nQ21hJ4AaABAg
2026-09-13 09:58,"1인 가구면 걍 깨서 주식이나 넣어라
공공임대 기생충은 사람 아니니까 난 쓸모있던데 ㅇㅈㄹ하지말고",0,0,부정,"제도 불공정, 대체 투자·낮은 금리",,해지,UgwfoCrkTBNNCFTUMX54AaABAg
2026-09-13 11:37,ㄹㅇ 하나도 의미 없음 ㅋㅋㅋㅋㅋ,0,0,해당 없음,,,,Ugx6eRd4Yd2VXKDIpXF4AaABAg
2026-09-13 11:35,"부루조아 무주택자를 위해 가난한 청년보고 상부상조하라는 거지
10억,20억 로또당첨에 청약하는 사람을 도와주는게 맞냐?  
로또청약 없애고 시세에 분양하고 그 차액으로 청년임대주택 재원으로 쓰는게 맞냐?
글구 청약을 복잡하게 해서 아는사람만 하게 만든게 맞냐?
위장결혼, 위장부모부양, 심지어 입양까지..  온갖불법을 만들고.. 
임대든 분양이든 시장가대비 최대80퍼만 인정하게 해라..
과도한 혜택은 혜택의 고마움보다 오만한 권리자만 양산한다.",0,0,부정,"제도 불공정, 정부·정치 불신",,,UgxR3hJ6tBEwpbOpT3d4AaABAg
2026-09-13 10:55,간단하지 집값을 내리면됨,0,0,긍정,분양가·집값 부담,하락,,UgyXn0I8LzIDwFzbwMB4AaABAg
2026-09-13 10:40,"사람 살만한 지역 아파트는 뷴양가 평균 20억인데 그돈이 없으니 그렇지...그렇다고 거주하기 위험한 동네가서 살 순 없잖아. 전기톱살인사건, 냉동창고시체보관 사건 등등... 다 경기도 외곽지역에서 발생하는 사건들이다... 그니까 신축 대단지에 분양가도 4억인데도 미분양이지",0,0,부정,"분양가·집값 부담, 수도권 집중·지방·인구",,,Ugxko0TwvIWCLjkkF_F4AaABAg
2026-09-13 10:39,그래서 저도 해지할까 싶어요... 청년 임대도 보증금보면 대출 없으면 들어가지도 못하겠던데... 차라리 남은 돈 주식 투자나 적금 들어가는 게 더 나은 느낌.,0,0,양가,대체 투자·낮은 금리,,해지,UgwcLKasGvBJHnFDGLR4AaABAg
2026-09-13 10:31,정권바뀌면 또 어떻게 바뀔지 모르는데 해지를 정말 많이 할까?,0,0,양가,정부·정치 불신,,,UgylJSHG6eW33CFkJd54AaABAg
2026-09-18 14:19,청약의 의미가 지역 아파트들보다 싼값에 사는건데 별차이도없고 대출도 안나오고 ㅋㅋㅋㅋㅋ,0,0,부정,대출규제·자금조달,,,UgyM_2GrlVvg5J1Vyj54AaABAg
2026-09-18 14:11,"어차피 되도 못사면 분양권 팔면되는거 아냐?
10년전에 친구는 당첨되서
분양권을 2천만원 정도에 팔던데?",0,0,양가,대체 투자·낮은 금리,,,Ugz34fZJmiVnqAVE00x4AaABAg
2026-09-18 13:01,분양가 문제지 매매랑 같은데 왜분야을 하냐,0,0,부정,분양가·집값 부담,,,UgxBSs_PBBj0EW7wd4B4AaABAg
2026-09-18 12:58,1000만채  집을 지어도  집은 모자라 왜   싹쓸이 하는 놈들이 있거든,0,0,해당 없음,수도권 집중·지방·인구,,,UgwL6_x0vEus3lo0S014AaABAg
2026-09-18 12:45,청약통장 담보대출을 받어,0,0,양가,대출규제·자금조달,,,UgzJiK88jdHyOWmQ9a94AaABAg
2026-09-18 12:19,지방은 청약 경쟁 1도 안되니께..,0,0,양가,"가점·당첨확률, 수도권 집중·지방·인구",,,Ugx61xBCY7qYGKsUoRF4AaABAg
2026-09-18 11:34,임대주택이라도 들갈라고 해도 당청기준이 청약통장 납입횟수보다 월소득으로 갈리는거 같던데.. 도대체 어따 씀? 이제 좀 연봉도 올랏겟다 이직하고 독립할려니까 소득 높다고 임대도 못 들어가 월급이 오르면 전월세로 돈이 또 나가.. 부모한테 의지할수도 없는 청년들은 어떻게 자산 형성하고 결혼 하라는건지..,0,0,부정,"대출규제·자금조달, 제도 불공정",,,UgxOLToZXOKVBFet_DB4AaABAg
2026-09-19 13:49,"너랑 너희 부모가 뽑은 대통령이다
악으로 깡으로 버텨라☺️",0,0,해당 없음,,,,UgyU1wtdpFPI7EtTwnZ4AaABAg
2026-09-17 19:54,돈이 없어~~,0,0,해당 없음,,,,Ugybh0590pBpEiBIU-t4AaABAg
2026-09-18 09:04,1인가구가 불리한건 그대로 유지해야댐.,0,0,양가,제도 불공정,,,UgzIW9WQmC3wK32ZhJt4AaABAg
2026-09-18 08:55,돈이 없어.,0,0,해당 없음,,,,UgwVsyDMkfZM9DyP3rh4AaABAg
2026-09-18 08:00,나는 이거 10년도 전에 알아서 의미가 없다 생각해서 바로 깼는데... 다들 왜 깨냐고 호들갑이더라...,0,0,부정,,,해지,UgybSnsBg6C_zm8Br4R4AaABAg
2026-09-18 07:44,"대출받고 어찌저찌 살고있는데 진짜 단 하루도 쉴 생각을 할수가 없습니다... 진짜 죽을것같은 생각을 하루 하루 매일해요..
그리고 한국 제도들 특성상 한 번 무너지기 시작하면 다시 못 살아납니다. 명심하세요.",0,0,부정,"분양가·집값 부담, 대출규제·자금조달, 제도 불공정, 정부·정치 불신",,,Ugz782D1iEUAJ4PZMUN4AaABAg
2026-09-18 07:10,"인건비 물가상승 때문에 분양가가 높을수밖에 없다곤하지만.....
이게.....이 이게 말이되나?ㅠㅠ",0,0,부정,분양가·집값 부담,,,Ugxv6mwwO-YRO6YHmCx4AaABAg
2026-09-18 06:18,당첨되면 되팔렘 금지 시켜라,0,0,양가,제도 불공정,,,Ugxs1y0V4sgWx7NFoDR4AaABAg
2026-09-18 05:36,"부모 도움 안받으면 못들어가는 수준인데 청약이 무의미 하게 만들어 놓으니 그모양이지
선분양으로 건축회사들 돈은 벌고 책임은 제대로 안지고...
의식주 가지고 장난치면 무조건 법정  최고형 때려야 된다.",0,0,부정,"분양가·집값 부담, 제도 불공정, 정부·정치 불신",,,Ugxt5faIidK5YHxgxPp4AaABAg
2026-09-18 05:06,저도 해지할까 고민중인데 쓸모가 없음 그냥 그돈 적금넣는게 이득,0,0,부정,대체 투자·낮은 금리,,해지,UgyCNdInBp9a1EbwpHp4AaABAg
2026-09-18 04:57,"너무 경쟁자들이 치열해서
청약 서류보는 사람한테 돈좀 쥐어주면
당첨되겠지 ㅋ",0,0,해당 없음,,,,UgwSPg4qyw49LqsYMPt4AaABAg
2026-09-18 04:28,매달 10만원씩 지금까지 700만원 쌓여있는데 그냥 예금통장이라고 생각하고 그냥 넣는중.  청약으로는 기능상실. 목돈 필요할때 해지해야지,0,0,부정,대체 투자·낮은 금리,,해지,UgzH7jeK0wfCkNTU4RN4AaABAg
2026-09-18 01:51,아직도 뭐가 문제인지 모름ㅋㅋㅋㅋ웃음벨,0,0,해당 없음,,,,UgywX62uroM48Itc80d4AaABAg
2026-09-17 23:27,지금 청약 정책은 돈 묶어두는 사기임,0,0,부정,대체 투자·낮은 금리,,,UgxMAZ-c0uRNtF_TP_R4AaABAg
2026-09-17 21:15,민주당작품,0,0,해당 없음,,,,UgxOVB8UPxQBr3UJeQd4AaABAg
2026-09-17 20:09,청약통장이 필요한 서민들은 청약당첨 되어봐야 낼 돈을 마련할 길이 없음 ㅋㅋ 결혼하면 남편이나 아내 둘 중 하나만 되어도 다른쪽 한 사람은 자동 권한 상실 ㅋㅋㅋ,0,0,부정,"분양가·집값 부담, 제도 불공정",,,Ugw0gZ2lEHPb8puEND54AaABAg
2026-09-17 20:00,"근데 진짜 이제 유지할 이유가 머임... 
아직 안 깬 사람들도 혹시 몰라서, 관성으로 들고있는거지",0,0,양가,,,,Ugwf4SDWBjTeZLgqC-R4AaABAg
2026-09-18 10:01,"옛날에나 정상작동한거지
청약제도는 그대로인데 부동산 정책 대출은 미친듯이바뀌어버림

부동산투기꾼이 어떻게든 빌고 꼬면서 우회했고 그걸 또 정책으로 틀어막고

땅값 집값은 날이걸수록 미친놈마냥 두배 세배 단위로 존나기오름

청약 당첨은 거의 뭐 우주에 기도해야되는 수준인데

당첨되도 자본 대출이 문제고
실제로살아보면 집수준이 썩 좋은 수준도 아님

당첨확률도 극악
당첨되도 돈도없고 대출안돼
다구해서 살고있으면 별로 좋은집도아닌데 몇십년 묶임

걍 어릴때부터 부모님들이 나대신넣어준 저축통장 이상 이하도 아님",0,0,부정,"분양가·집값 부담, 대출규제·자금조달, 가점·당첨확률, 제도 불공정, 정부·정치 불신, 수도권 집중·지방·인구",상승,,Ugz2QmV9MpPEf7DoRSR4AaABAg
2026-09-13 18:09,"예전부터 이해가 안되는 시스템 중 하나 였던 청약통장 시스템 .

뇌피셜 이긴 하지만 국가와 은행의
유착 관계도 한번 의심해볼만 함",0,0,부정,제도 불공정,,,UgwzgwxftHf5YRa63-N4AaABAg
2026-09-13 18:05,"저도 싱글에 10년 1300정도 납입 했는데 의미 없더라구요...
(계속 납입 중 인 호구1)",0,0,부정,,,,UgxxPOZ4lU3TxIKI6xJ4AaABAg
2026-09-13 18:04,이렇게 하나씩 하나씩 공공주택으로 진행중.,0,0,양가,,,,UgxUXqzv8X4oNcZ1FjV4AaABAg
2026-09-13 18:02,나도 어차피 청약당첨되어도 대출로도 그금액 감당 안돼서 안한다고 해지함,0,0,부정,"분양가·집값 부담, 대출규제·자금조달",,해지,UgwNiAOLKWg_lTSzrlR4AaABAg
2026-09-13 17:58,"중상류층만을 위한 혜택이지 일반 서민들이 든다고
애초에 대출도 집값도 낼수가 없는 구조인데ㅋㅋ",0,0,부정,"분양가·집값 부담, 대출규제·자금조달, 제도 불공정",,,UgwFFPWKkecLPkqczMN4AaABAg
2026-09-13 17:57,그래도 1찍 할거면서,0,0,긍정,가점·당첨확률,,유지,UgzlB648feYyYeW0gxx4AaABAg
2026-09-13 17:54,재명이가 대출 다 막아놔서 당첨되도 의미 없지,0,0,부정,대출규제·자금조달,,,UgyiS3nF09xy9_dVDXt4AaABAg
2026-09-13 17:53,나중에 집 살때 후회하는건 본인 몫임. 생각보다 기능 많으니까,0,0,양가,임대·대출우대 등 부가 기능,,,UgxmClvgCbiEwHQhPx54AaABAg
2026-09-13 17:52,대출규제 풀어줘도 못사는 것들이 뭔 대출 타령 하고있어  ㅋㅋㅋㅋㅋㅋㅋㅋㅋㅋ,0,0,부정,대출규제·자금조달,,,UgysSP9SSjW4-7G0K8t4AaABAg
2026-09-13 17:47,청약 없애라.,0,0,부정,제도 불공정,,,Ugx0jPybMTOmQKWHi514AaABAg
2026-09-13 17:46,마쟈 나도 그래서 청약신청도 포기했는데,0,0,부정,분양가·집값 부담,,,UgxgdOa4KozxwKcKBFZ4AaABAg
2026-09-13 17:45,"청약이 되어도, 확정적으로 내집 마련을 할 수 없다는게 문제.
주택청약이 당첨되면, 국가에서 주택청약 금액을 묶고, 당첨자에게 무상으로 임대해주면서, 관리비나 이런것들을 주택청약 통장에서 빠져나가게 하는데, 그 역시 일부는 국가에서 대주고, 주택청약통장에 금액이 모자라면, 사비로 내되. 이건 국가에서 지원하지 않은 걸로 하면 되지 않나?
주택청약으로 당첨된 내집을 개인의 자산으로 치는게 아니라, 국가에서 임대해주는 국가의 자산으로 치는거. 비싼 내집마련을 하려고 주택청약을 넣는거지. 내 자산을 불리기 위한 부동산 당첨으로 넣는 목적으로 하지 않으면 좋을듯.",0,0,부정,"제도 불공정, 임대·대출우대 등 부가 기능",,,Ugw-fX9i6-3tyrdJMRd4AaABAg
2026-09-13 17:41,해지말고 존버해라,0,0,긍정,,,유지,UgwB3YyRMKCS01KqN5x4AaABAg
2026-09-13 17:38,빌라살때  디딤돌대출신청해서 청약통장으로 0.2퍼센트? 할인받았습니다.,0,0,양가,임대·대출우대 등 부가 기능,,유지,Ugwkiy7UKoCAgAeWoi54AaABAg
2026-09-13 14:50,돈은 한정되어 있는대 선심성 돈 뿌리기만 하고 있으니 나라가 망조가 들었다.,0,0,부정,정부·정치 불신,,,Ugw_imjV98sZkjd_3sp4AaABAg
2026-09-13 17:34,좌파 정권은 청년 부수기에 성공했다,0,0,부정,정부·정치 불신,,,Ugz37H9i7NAZzEv-qnh4AaABAg
2026-09-13 17:28,+전세사기로 해지한사람도 있겠지,0,0,해당 없음,,,,UgwhQZgaxgyGU5_Fl7V4AaABAg
2026-09-13 17:27,"시세차익이 문제가 아니라, 청년들은 당첨되도 살수가 없다고",0,0,부정,분양가·집값 부담,,,Ugw9qwX56L9Wel8Lblp4AaABAg
2026-09-13 17:22,걍 완전 랜덤으로해라. 누구는 더좋게 하지말고,0,0,양가,가점·당첨확률,,,UgygZ2I9LyR-frRd5WV4AaABAg
2026-09-13 17:21,결론은 청약통장 의미가 없음. 그냥 복리로 적금 붙는다고 생각하시고 넣으시는게 좋을듯합니다.,0,0,긍정,대체 투자·낮은 금리,,유지,UgzBIWwpavCmycjZ0PB4AaABAg
2026-09-13 17:19,정정당당하게 운으로 승부하자 추첨을해,0,0,양가,가점·당첨확률,,,UgyQKNXvLd72m8gkURh4AaABAg
2026-09-13 17:18,아파트 분양가로 초럭셔리 빌라도 살수 있다는...,0,0,부정,분양가·집값 부담,,,UgwSSL18XArdqunFwRV4AaABAg
2026-09-13 17:16,분양가 상한제부터 없애라.  미친 법임.  원주민의 이득을 왜  로또 청약되는 놈한테 나눠줘야함?  미친거아님? 나라가?,0,0,부정,"분양가·집값 부담, 제도 불공정",,,Ugz3NFF4_WJ16MQnqwh4AaABAg
2026-09-13 17:11,솔직히 그냥 연말정산땜에 넣고 있는거지. 그외엔 무쓸모 딱히 쓸모없음,0,0,부정,임대·대출우대 등 부가 기능,,,UgwepKLjCTpXTE2ISmx4AaABAg
2026-09-13 17:08,"소득금액 충족 조건은 낮은데, 돈은 많이 들고 있어야함.
일례로 수도권 어느 지역은 소득조건은 부부합산 7천인데, 쌩 돈 4억을 들고 있어야되더라ㅋㅋㅋ
아니 물가가 얼만데 7천 받는다고 7천이 다 모아지냐고ㅋㅋㅋㅋㅋ",0,0,부정,"분양가·집값 부담, 제도 불공정",,,UgyJshPg1rpWrAkokbp4AaABAg
2026-09-13 17:08,아직도 청약 붓는 능지처참이 있었단 ㅎㄷㄷㄷ,0,0,해당 없음,,,,Ugwr61rpQX0UyOBcwUp4AaABAg
2026-09-13 17:07,"어느 선진국 수도에 30살이 집을 살 수있냐 선직국 수도에 30살이 집을 산다는건 꿈이야 근로소득으로 원래부터 안된다고 대출 이야기하는데 변제할 능력은 되고? 많이 모아 2억잡고 10억대출 나온다 쳐도 니자 간당할 수 있냐 참나 설마 그것도 세금으로 지원해주길 바라냐
청약 들기 싫으면 하지마 누가보면 엄청 많이 모은 줄 알겠네 그런데 이런 글을 쓰는 애들중 대출 심사 받아본 사람 얼마될까 싶다 돈 없는거 아님 유지해",0,0,부정,"분양가·집값 부담, 대출규제·자금조달, 제도 불공정, 정부·정치 불신",하락,,UgxZeiNorFwd5gyU0fF4AaABAg
2026-09-13 17:05,혹시나 반 귀찮아서 반 그냥 비상금으로 놔둔 1인;;;,0,0,양가,대체 투자·낮은 금리,,유지,UgyyRWb94URhJipZGMp4AaABAg
2026-09-13 17:04,"집값이 너무 오르니깐 그렇지
집있는 사람들 개무시해버리고
집값을 80년대 수준으로 돌려야됨!!!!

그리고 자살 극단사망을 포함한 사망자수를 집값처럼 심하게 폭증과 자살극단사망은 나몰라라 방치 시켜서
다시 집값처럼 배로 올릴필요가 있습니다

한국 한해 사망자수를 집값처럼 폭증시켜 최소 일본 한해 사망자수를 
추월할필요가 있으니 그로 인해 인구를 대폭줄여 집값을 70 80년대 수준으로 대폭 낮출필요가 있습니다

또 인구도 경제와 미래따위 대비할필요가 없다 봅니다 

감염병 그런거 생각하면 무조건 지금당장 한국을 비롯 출산율보다  사망자수를 집값처럼 대폭 올려버리는것이 효율적이라 봅니다.",0,0,해당 없음,,,,UgzBq4GLsKNrzRvgfHV4AaABAg
2026-09-13 17:35,청약으로 서울에 집을 산다고?,0,0,양가,"분양가·집값 부담, 수도권 집중·지방·인구",,,UgwixpAn-Xza3UFCP1F4AaABAg
2026-09-13 19:02,누가요새 청약을함??ㅋㅋㅋㅋ,0,0,양가,,,,Ugw71NdlKYSqTPicEax4AaABAg
2026-09-13 18:57,혼자사는 사람들도 늘었는데 점수는 30대 이상부터 증가가 되기 시작하고 혼자 살면 점수가 절대 높을 수가 없음. 다세대가 안 되면 점수가 높을 수가 없기도 한데 지금 지방 신축이 1군 브랜드도 아닌데 5억 이 후인 경우도 흔하고 청약으로 당첨되는 경우도 없어서 피를 주고 구매 하는게 정신 건강에 이로움.,0,0,부정,"가점·당첨확률, 수도권 집중·지방·인구",,,UgwpWAJD14WIDMXTW-h4AaABAg
2026-09-13 18:56,청약통장에있는 1300만원.. 갖고싶다,0,0,긍정,대체 투자·낮은 금리,,,UgyHcp76C8MNyCoqKLd4AaABAg
2026-09-13 18:53,사전청약 당첨되면 뭐하나요... 복정 2지구 5년 밀리고 분양가 5억5천대에서 8억분양가 올려버려서 다포기하게만드는데 통장 자체 무쓸모 내가 모으고 기다리는 시간보다 아파트값이 더올라감..,0,0,부정,분양가·집값 부담,상승,,UgyhSsRjmJVHOl9gJC54AaABAg
2026-09-13 18:52,투룸이나 사서 평생 혼자~ 살아야지,0,0,해당 없음,,,,UgxsQI4U6QYerMOjHwl4AaABAg
2026-09-13 18:50,돈없으면 구축으로가,0,0,해당 없음,,,,UgzKbFAls_IG0SprH2x4AaABAg
2026-09-13 18:49,사기두꺼비 정책.,0,0,부정,제도 불공정,,,UgzRA-SPkLRkbmBa8AJ4AaABAg
2026-09-13 18:48,애초에 9억이상 분양가 아파트는 규제지역일 경우 중도금 대출도 안되는데 그럼 그 60프로를 무슨돈으로 내냐,0,0,부정,"대출규제·자금조달, 제도 불공정",,,UgwbVlHclRjmoYZv4x14AaABAg
2026-09-13 18:48,"내겐 아주 감사한 제도
덕분에 마흔 전에 아파트 마련함",0,0,긍정,임대·대출우대 등 부가 기능,,유지,Ugyv1OC3VuoDkNxRqV14AaABAg
2026-09-13 18:47,내돈으로 청약든 돈 찾으려면 대출 명목으로 ㅋㅋ 이자떼고 돈 받아먹음 ㅋㅋㅋ 심지어 4.5% 이상 ㅌㅋㅌㅌ 내돈 내가 이자 내고 써라잉,0,0,부정,"대출규제·자금조달, 대체 투자·낮은 금리",,,UgyUU1DDs10vpKJM7dd4AaABAg
2026-09-13 18:45,그럼뭐 해지하면 뭐가 달라지고?? 청약이 있으면 가능성이 희박해도 있기는 있지만 없으면 아예 가능성 0이다 그깟거 몇푼이나 들어간다고 나도 내집어찌사나 했는데 사람일 모르더라 잊고살던 청약덕에 필요할때 샀음,0,0,양가,가점·당첨확률,,,Ugzk4lWIC_K2kHKK7N94AaABAg
2026-09-13 18:43,청약 당첨되어도 결국 돈이 있어야 살거 아녀 ㅋㅋㅋㅋ 그럼 있으나 마나지.,0,0,부정,"분양가·집값 부담, 가점·당첨확률",,,Ugx8Io8BMiPZH2ch4W14AaABAg
2026-09-13 18:42,출산율 포기하고 부동산 지키는 어른들 존경합니다.,0,0,해당 없음,,,,UgzYp0cg0Ty3wFJtgZJ4AaABAg
2026-09-13 18:41,외사촌 부부 송파 어디 비싼 곳18억짜리 청약 당첨됐다는데 이게 부모 도움없이 30대 신혼부부가 마련할 수 있는 금액인가 싶더라..,0,0,부정,"분양가·집값 부담, 제도 불공정",,,UgzXqpM7QfqWyAepEhl4AaABAg
2026-09-13 18:10,청약통장 유지하고 연간 300만원 한도내의 40퍼 소득공제 받으세요. 집은 포기했지만 소득공제용으로 유지중이에요.,0,0,긍정,임대·대출우대 등 부가 기능,,유지,UgyadzLxXSwVXPTPxTJ4AaABAg
2026-09-13 18:40,청약에 당첨되더라도 저층에 배정받거나 날림 공사로 아파트 자체 하자가 심하면 어찌 할 수 없는것도 문제라고 생각합니다. 청약 받는게 별 큰 메리트가 없다고 느껴저서 저는 그냥 형편에 맞게 빌라를 매입했습니다.,0,0,부정,신축 품질·하자,,,UgyaMUsfjrt-L1g7q3h4AaABAg
2026-09-13 18:37,"당첨되도 돈 없어서 해지하는사람도 있는반면, 나처럼 돈은 있는데 신축아파트 들어가기위한 경쟁률때문에 가입한경우에도 이제 필요없음,, 지방이라 그런가 굳이 가입안해도 신축아파트 입주자 다 못채우는 경우가 99프로라 입주 경쟁률때문에 가입할필요가 사라짐.. 뭐 가입하면 좋은 동 호수 고르는데 이점있을수도 있겠지만 굳이?",0,0,양가,"가점·당첨확률, 수도권 집중·지방·인구",,,UgwENinpHR8xjkxCWll4AaABAg
2026-09-13 18:37,22년에해지한 1인,0,0,양가,,,해지,UgxCAYg_6qpzS9velr54AaABAg
2026-09-13 18:34,"이런 제도는 다 눈속임일 뿐이지 
윗대가리들  정상적인  사람들로  못 채우면 
빈부격차는 더 늘어날테고 
세금도둑만 있을 뿐  2040년이 지금보다 
더 지옥일껄",0,0,부정,"제도 불공정, 정부·정치 불신",,,UgwTVRG7RDiAx7MpApN4AaABAg
2026-09-13 18:34,예전에 기존아파트보다 분양아파트가 싸니까 청약넣고 하는게 이득인데 요즘은 분양아파트가 너무 비싸고 입지도 그렇고 그래서,0,0,부정,"분양가·집값 부담, 가점·당첨확률",,,UgxsOrTcik_BIJ9LWB14AaABAg
2026-09-13 18:33,"ㅋㅋㅋ
헛된꿈.",0,0,해당 없음,,,,UgwCr9Thy5iZhKegUep4AaABAg
2026-09-13 18:33,"ㅋㅋㅋ
헛된꿈.",0,0,해당 없음,,,,Ugx_5Hxu2e0s5OSTU114AaABAg
2026-09-13 18:31,월세는 오르고 전세는 사기치고 매매는 불가능.. 한국은 기성세대가 죽어야 살아난다,0,0,해당 없음,,,,Ugwp80s30SFXaiCvXP14AaABAg
2026-09-13 18:28,Ltv를 최저로 낮췄는데 무슨 의미가 있냐 지들은 LTV 최대치로 받고 사놓고 대놓고 사다리 걷어차기임 ㅋㅋㅋㅋㅋㅋㅋ,0,0,해당 없음,대출규제·자금조달,,,UgzIOoV3Z5oRajfYXSV4AaABAg
2026-09-13 18:25,"청약당첨을 기대합니까? 그렇게 순진합니까?

시위를 하십시오, 이나라는 그게 가장 빠릅니다.",0,0,부정,가점·당첨확률,,,UgzGCSjbhUMCHSRDFkR4AaABAg
2026-09-13 18:23,월급 1년에 3프로오르는데...후..,0,0,해당 없음,,,,UgzjA4WRlNtjlBTHxpF4AaABAg
2026-09-13 18:18,"모든게 고소득층, 다인가구 기준인데 저/중소득층이 더 많고 1인가구가 많아지니 당연하지..",0,0,부정,제도 불공정,,,Ugzed0r-M0VKQsHQEYx4AaABAg
2026-09-13 18:17,"청약 통장에 얼마나 들어 있길래 해지를 하지 옛날에 해서 월 10만원씩 10년을 해도 1200만원인데 20년이면 2400만원이고
그리고 자본금도 없이 6억이상 대출 받는 것도 말이 안되는거 아닌가 ㅋㅋㅋ",0,0,부정,"분양가·집값 부담, 대출규제·자금조달",,,Ugzuj3KbeCZDM7errW94AaABAg
2026-09-13 18:17,"분양가 정부가 개입하면 폭동나요 한국은 건설공화국이라서🇰🇷
분양가 산정 기준 제시하라면 기업비밀이에요 그러면 끝이거든요
아무튼 시간이 지날수록 분양가는 계속 올라갈거에요
국제 원자재값 폭락해도 ㅋ",0,0,해당 없음,분양가·집값 부담,상승,,UgxAEp5IKAOob7ra-1t4AaABAg
2026-09-14 08:32,계약금도 못냄,0,0,부정,분양가·집값 부담,,,UgwIlH4bDuvaTyuWcNt4AaABAg
2026-09-13 18:41,집 사면 바로 은행의 노예가 되는데 어떻게 ..............................하니..   30~40년을 은행 노예로 살아야 됨..    집값이 적당히 높아야지..,0,0,부정,"대출규제·자금조달, 정부·정치 불신",,,UgxcU-K70Xq0ziqEG-94AaABAg
2026-09-13 15:49,아파트를 극혐하는 나같은 사람들도 조금은 있을 듯,0,0,해당 없음,,,,Ugys1jczNnHhilz90P14AaABAg
2026-09-13 15:46,경기도로 눈을 돌리셈 4억대 신축도 많음..주거가 아닌 부동산으로 인생 바꿀려는 의도면 지금처럼 서민들은 시도조차 못하게 만드는게 맞다고 봅니다,0,0,부정,"분양가·집값 부담, 제도 불공정, 수도권 집중·지방·인구",,,UgxJY6_otyGMCNh0z414AaABAg
2026-09-13 15:45,"청년 1인가구가 20-30대 란 사실을 알지만 두눈감고 모른채한다… 40-50먹어도 지금 분양가나 보증금을 감당하기 힘들고 나날이 갈수록 가격만 오르는데, 왜 청년들이 미혼자가 급증하는지 알아보면 답이 나올텐데

과거엔 청약 넣으면 나도 내집을 마련할수있을거라고 생각했지만 실상 헛된 꿈이고, 청년들이 살아갈수있는 평수는 이게 우리인지 고시원인지 그 코딱지만한 평수가 1-2억하고…",0,0,부정,"분양가·집값 부담, 제도 불공정, 정부·정치 불신",상승,,UgxrVCoozSKLKyIC-HN4AaABAg
2026-09-13 15:39,게임에서 보면 길드에 인원이 없으면 합병한다. 한국은 나라 합병해야할것같은데 ㅋ 몽골이라던지 ㅋ,0,0,해당 없음,,,,UgzHzTB8sYLSDkXrjzN4AaABAg
2026-09-13 15:34,"청약통장이라는 제도 존재 자체가 문제인데 뭘 생각을 해 ㅋㅋ 
청약통장이 아파트값 상승에 일부분 기여를 하고 있고 
아파트값을 잡으려면 주거인식 자체를 바까야함 
삼성이 하고있는 모듈러주택이나 단독 주택들을 아파트에 비해 저렴하게 공급하고 
동네마다 하고있는 제건축같은거는 좀 그만좀 하고 해야지 
은행이랑 건설사 먹여살릴라고 뭐하는짓임",0,0,부정,"분양가·집값 부담, 제도 불공정, 정부·정치 불신, 임대·대출우대 등 부가 기능",,,UgyztYa1uqniSyXkQXV4AaABAg
2026-09-13 15:34,그 30만명 중 하나는 나다ㅋㅋ 작년에 해지함... 들어놓음 뭐해 경기도권 아파트도 이젠 분양가 너무 높아져서 못사못사,0,0,부정,"분양가·집값 부담, 수도권 집중·지방·인구",,해지,UgzO1sUUdkRXohkCX2J4AaABAg
2026-09-13 15:34,금리 안올려서 그럼,0,0,해당 없음,,,,UgyApv2vCSOvpdC4POl4AaABAg
2026-09-13 15:30,계약결혼할사람,0,0,해당 없음,,,,UgwhzCLThLguqOn4FKB4AaABAg
2026-09-13 15:30,"1인가구, 청약 천만원 있지만 분양받아 갚아나갈 자신이 없다.야무 의미 없이 붓고 있음",0,0,부정,분양가·집값 부담,,,Ugy8Qs3u2y1CHmKngY54AaABAg
2026-09-13 15:28,돈많은 백수나 되야 당첨 가능,0,0,부정,"가점·당첨확률, 제도 불공정",,,Ugx8EpmxCPUwtD789tN4AaABAg
2026-09-13 15:25,무쓸모 통장... 해외주식이나 할껄 시간낭비...,0,0,부정,대체 투자·낮은 금리,,,UgwdUqu6rlANT9pvsup4AaABAg
2026-09-13 15:25,청약의 본질이 사라짐..결국 당첨되면 그 딱지를 팔아 목돈을 벌 투기목적이 강해짐,0,0,부정,,,,UgyhCGn8NJPU6LUiI4F4AaABAg
2026-09-13 15:25,잘 몰라서 그러는데 청약 통장이 있고 해야 임대 아파트라던지 임대 주택 이라던지 이런데들어 갈때도 유리 한거 아닌가여 ??,0,0,양가,임대·대출우대 등 부가 기능,,,Ugz9X65CKnEkv5Qutr94AaABAg
2026-09-13 15:25,지금 이재명이 부동산 정책 내놓은 꼬라지 봐라.. 나도 애엄마랑 애기랑 살려고 미혼때부터 5년이상 모았지만 당첨은 되도 대출?? 전혀 안돼고 그냥 전세 사는게 맞다고 생각해서 여찌저찌 살고있다...,0,0,부정,"대출규제·자금조달, 정부·정치 불신",,,Ugw_IWYSZ-m1OJby_tR4AaABAg
2026-09-13 17:03,"주택마련을 위해 청약통장 써서 당첨됐고 계약금 마련하려고 당첨될때 쓴 통장 어차피 또는 못쓰니까 깨서 계약금냄

입주를 앞두고 있는 지금 십년 넘게 납입했던 내 기존 청약통장 없앴다고 디딤돌 금리우대가 날아감

납입내역서랑 거래확인서 별 자료를 다 들이대도 소용이 없음. 이건 뭐 당첨 되도 돈필요해도 깨지말고 갖고있으란 거냐? ㅆㅍ 생각할수록 욕나오네",0,0,부정,임대·대출우대 등 부가 기능,,해지,Ugwzz47Es1kxhuwpKs14AaABAg
2026-09-13 15:22,집값이 수십억 청약 통장 수백만원으로 택도 없음,0,0,부정,분양가·집값 부담,,,Ugxk7xvxVVNz5EHXI6h4AaABAg
2026-09-13 15:21,나도 해지함..어짜피 당첨되도 못삼ㅋㅋㅋㅋ,0,0,부정,,,해지,UgxFkRXB_c_mU7-QYEB4AaABAg
2026-09-13 15:16,청약 해지하고 그 돈으로 스페이스x 사서 화성가즈아~~~,0,0,부정,대체 투자·낮은 금리,,해지,UgwCFFomj3Vi4iRmYWx4AaABAg
2026-09-13 15:14,"코로나직전 내가 가족들이랑 살던 서울 역세권 18년된 17평 아파트가 
4억에 팔고 나고 한달지나니 6 7억을 넘겼음 진짜 미쳣나 싶었지
이사하고 평수좀 늘려 뭣도 없는 신도시라고 하는곳에 이사해서 쭉 사는데 점점 여기도 이제 미친듯이 오를거같음",0,0,긍정,분양가·집값 부담,상승,,UgzgXv6SmSokkUfQrKp4AaABAg
2026-09-13 15:11,일단 아파트를 당첨제라는걸로 운영하는것도 웃김 ㅋㅋㅋ 무슨 복권이야?,0,0,부정,가점·당첨확률,,,Ugz3cWv_3lmP6io4bwB4AaABAg
2026-09-13 15:00,한번도 경험하지 못한 나라~~,0,0,해당 없음,,,,UgyQYP26hI-Aw-8W9l54AaABAg
2026-09-13 14:59,그래도 갖고 계시다면 결혼하신분들은 해지하지말고 아이한테 물려주세요. 아님 걍 삼전 사서 물려주는게 나을까…? ㅜㅜ 고민되네,0,0,양가,임대·대출우대 등 부가 기능,,유지,UgwWhJG8qD8aQYTE1Ax4AaABAg
2026-09-13 14:55,"사실 우리는 마지막 재건축 세대일지 몰라요
30층 넘는 아파트들... 30년~40년 후에는 재건축될까? 건설사 수익그조에선 최소 50층은 넘어야 하는데 
인구수가 절벽인데... 누가 분양해",0,0,양가,"수도권 집중·지방·인구, 신축 품질·하자",,,Ugx6HzfiD5Bo19M3wpN4AaABAg
2026-09-13 14:54,청약 당첨되도 높은 분양가 때문에 목돈 부족 으로 부담... 및 입주포기 겨우겨우 입주 해도 부실공사 때문에 절망,0,0,부정,"분양가·집값 부담, 신축 품질·하자",,,UgyRgJaWRoQOmWNUH7x4AaABAg
2026-09-13 14:52,난 대출금 할인 받는 치트키  통장용~^^,0,0,긍정,임대·대출우대 등 부가 기능,,유지,Ugz5n9peev3SsjFglnZ4AaABAg
2026-09-13 14:52,지방 소도시 사는데 공급과잉임 필요가없음,0,0,부정,수도권 집중·지방·인구,하락,,Ugzb--R-F6gKsuFdwMR4AaABAg
2026-09-13 14:52,얼마 되지도 않은 젊은이들 돈 슈킹하려는 개수작,0,0,부정,제도 불공정,,,Ugwy4kLUK6KKUjGLecN4AaABAg
2026-09-13 14:51,일찌감치 해지 하고 주식으로 투자했는데 이게 왠걸,0,0,양가,대체 투자·낮은 금리,,해지,UgxiDVO1PhUqhH4e1kx4AaABAg
2026-09-13 14:50,"청약은 무슨 당첨될려고 가입하는 줄 아니?
이자가 좀 되니까 그냥 놔두는 거지",0,0,양가,대체 투자·낮은 금리,,유지,UgzDmqF7QhCgXsa5UGt4AaABAg
2026-09-13 15:25,"청약 제도를 그냥 없애는게 맞는듯..
뭔 의미가 있지?",0,0,부정,제도 불공정,,,Ugz-CteTz1M2OF2Bg6N4AaABAg
2026-09-13 17:03,"당첨돼도 문제인 게, 로또는 당첨되면 돈을 주는데  
청약은 당첨되면 돈을 내라고 함. 근데 그 돈이 없음",0,0,부정,"분양가·집값 부담, 가점·당첨확률",,,Ugx5JOtIZWRwqCAdzHp4AaABAg
2026-09-13 17:03,"청약제도 기준을 보면
2030이 열받을만한게
2018년도 전후 정도가 일반인 살수있는 거의 막차였던것 같음
물론 그때도 억단위로 돈이 필요했지만
그래도 가능성이라도 있었지
지금은 10억~15억이 분양가인데
대출도 안 나오니 그냥 접근자체가 불가능",0,0,부정,"분양가·집값 부담, 대출규제·자금조달, 제도 불공정",,,Ugx9_tHtbUXR0Ihu-TV4AaABAg
2026-09-13 17:02,"들고 있어라 납입 횟수 120회 넘으면 나중에 기금든든 대출 받을때 금리 할인된다.
연봉6000넘으면 안되는게 단점이지만",0,0,긍정,임대·대출우대 등 부가 기능,,유지,Ugw1eqOALgElaiRiGqN4AaABAg
2026-09-13 16:58,"20대 초반부터 달에 10만원씩 넣던거 30대중반 코로나시기 
5프로정도 수익으로 해지하고 미국주식으로 넘어가서 3배좀 넘게 불렸네요...
망할 청약통장",0,0,부정,대체 투자·낮은 금리,,해지,UgwDTtAYTrohJ-PL9_54AaABAg
2026-09-13 16:57,이 또한 쫘좡면 씨의 은혜겠지요..,0,0,해당 없음,,,,UgzYuRSD7pmATvZMGxl4AaABAg
2026-09-13 16:47,찢짜이밍이 쏘아올린 작은공,0,0,해당 없음,,,,Ugyfo7IoRhC9SlLuORN4AaABAg
2026-09-13 16:46,걍 대출 금리 낮춰주는 용도로만 유지 중임..,0,0,긍정,임대·대출우대 등 부가 기능,,유지,UgxMc2nsWdg0Iem_stt4AaABAg
2026-09-13 16:46,2군위 3순위는 절대안되고 무조건 1순위 이어야하는데 거기서도 경쟁 치열하지,0,0,부정,가점·당첨확률,,,Ugye-qtspv8Ji35wDhF4AaABAg
2026-09-13 16:41,당연하게  고분양가를 쟙이야 청약통장 가입 의미가 있은거 같아요 또한 50%는 청약통장만 있으면 무순위 당첨돼게 바꾸고,0,0,부정,"분양가·집값 부담, 제도 불공정",,,UgyoCF16l_Ue78PpVK14AaABAg
2026-09-13 16:38,하 난 안뽑았다,0,0,양가,가점·당첨확률,,,UgzWuXccUFk6iD8T5RN4AaABAg
2026-09-13 16:34,청약이 되도 살 능력이 안되니...,0,0,부정,분양가·집값 부담,,,UgzSma4V921_njmGZvh4AaABAg
2026-09-13 16:33,"기다리면 넘쳐나는 공급, 부족한 월급
굳이 살 이유도 없어지는 듯
새 아파트는 앞으로 수요보다 공급이 더 늘어날 것",0,0,부정,분양가·집값 부담,하락,,UgwkY9vrCbZwS_eZpEJ4AaABAg
2026-09-13 16:27,민주당의 배급견 만들기 착착 진행중,0,0,해당 없음,정부·정치 불신,,,UgxMLzkK37-8JPlYSNp4AaABAg
2026-09-13 16:26,역시 집값 떡상은 민주당이지~,0,0,해당 없음,"분양가·집값 부담, 정부·정치 불신",상승,,UgzkXkvblchaCQlEn8N4AaABAg
2026-09-13 15:55,"당첨되도 돈이 없고, 대출이 가능해도 부족하고, 당첨 가능성도 낮고.... 아무 의미가 없는데 유지할 필요가 있나?",0,0,부정,"분양가·집값 부담, 대출규제·자금조달, 가점·당첨확률",,,UgxMs6IFCX76jkwK7QN4AaABAg
2026-09-13 16:24,ㅋㅋㅋㅋㅋㅋㅋ청약은 무슨 시부래,0,0,해당 없음,,,,UgwC5HVpQudNAEaIMFJ4AaABAg
2026-09-13 16:23,진짜 너무 신혼부부 위주던데 1인가구는 해지하는게 당연하더군요 어휴,0,0,부정,제도 불공정,,해지,UgyFlLbETA8tGqt9sIN4AaABAg
2026-09-13 16:23,나도 걍 해지 해야것다~ ㅋㅋㅋ 의미없노~~,0,0,부정,,,해지,UgzSHSfCm0USFRPv6ft4AaABAg
2026-09-13 16:21,청약 당첨돼서 들어가는 경우는 .. 소득이 안잡히는 불법적인 일 하면 ㅋㅋㅋ;;,0,0,부정,"가점·당첨확률, 제도 불공정",,,Ugxvk0xCGU86dCqGQup4AaABAg
2026-09-13 16:16,혼자사는사람  나이들면  끝.,0,0,해당 없음,,,,Ugy6E4v6rQkqcKL8r6h4AaABAg
2026-09-13 16:15,"청약통장은 2만*61회 납입후 그냥 놔두고, 소득 자산 낮을때의 임대주택 지원 용도, 쓸모가 그거밖에 없음.
거기에 넣을 돈으로 투자 하는게 세제혜택보다 더 좋거든요.
학생 및 초년생분들 2만*61회만 넣고 임대주택 가점으로 쓰시면 됩니다. 더 넣지 말고요. 
청약은 포기하세요. 
청년은 저런거 당첨 불가고, 되어도 부모 도움 없으면 그 돈 마련못해요.",0,0,부정,"제도 불공정, 대체 투자·낮은 금리, 임대·대출우대 등 부가 기능",,해지,UgzXfTrLf3QLiUryUaZ4AaABAg
2026-09-13 16:10,10억을 대출받아서 값으라는게 말이 되는소리냐?,0,0,부정,"분양가·집값 부담, 대출규제·자금조달",,,Ugz9c9QxhEbVHCZSuGB4AaABAg
2026-09-13 16:06,미국 중국 일본 다 못믿는다 자주방어가 답,0,0,해당 없음,,,,UgwQ9hOfXAezJvyxXsJ4AaABAg
2026-09-13 16:03,찢재명구속,0,0,해당 없음,정부·정치 불신,,,UgzRsttjWZ2f1n3brIN4AaABAg
2026-09-13 16:00,거지같은 제도 폐지해라,0,0,부정,"제도 불공정, 정부·정치 불신",,,UgzIh5qRZHSrtsArpPp4AaABAg
2026-09-13 16:00,로또 되는게  빠르겠다 ... 당첨 되고 분양가에 대출에  일반인이 꿈도 못꾸것다...,0,0,부정,"분양가·집값 부담, 대출규제·자금조달",,,UgyItMuFOOHLsr_mT754AaABAg
2026-09-13 15:59,존나 의미없기때문,0,0,부정,,,,Ugy--WFgVsKboAUjVmx4AaABAg
2026-09-13 15:59,아무 의미없다 부양가족이나 가족이 없으면 헛소리하냐 혜택?ㅋㅋ 니들 다 가져라 혼자사는 사람들에게는 100년 뒤 이야기다,0,0,부정,제도 불공정,,,UgyCmKUuu7dF879qFZd4AaABAg
2026-09-13 15:57,광역시도 신축  8억부터시작 ㅋㅋㄱㅋㅋ,0,0,양가,분양가·집값 부담,,,UgzR9hMzeyGXj_q16kN4AaABAg
2026-09-13 15:57,시세차익 얻을만한 곳은 어차피 당첨확률이 적고 나머지는 오히려 감가가 생기는 시대임. 애매한 계륵이 되어버렸어,0,0,부정,"분양가·집값 부담, 가점·당첨확률",하락,,Ugyt6t7Sli_b6NNyPpp4AaABAg
2026-09-13 16:25,대구는 33평 신축 4억에 살수있고 25평은 3억에 살수가 있어서.. 궂이  청약을 안해도...신축들어감 ㅋㅋㅋㅋㅋ 집이 남아돈다,0,0,부정,"분양가·집값 부담, 수도권 집중·지방·인구",,,Ugy5JAyeV7Yf3ImaJGd4AaABAg
2026-09-15 20:42,청약 가지고 있어도 결혼안하면 겁나 의미도 없슴.. 그냥 주변 매매하는게 속편함,0,0,부정,제도 불공정,,,UgzWG7HJLT3zvy0e03p4AaABAg
2026-09-15 20:30,"민주당이  집권하면 , 5년후 반듯이 2배 뛴다 ㅡ집값",0,0,해당 없음,정부·정치 불신,상승,,Ugw4NQ0H_7XZ0-S2n4p4AaABAg
2026-09-15 20:24,이재명이 만든 세상,0,0,해당 없음,정부·정치 불신,,,UgzC5k4LACnIwFdEfZx4AaABAg
2026-09-15 20:17,"인플레라는 핑계가 너무 반가운 건설사들이 어쩔수 없이 분양가를 올렸다라고 온갖 가증스런 연기를 하고, 감독기관은 그들의 손을 들어주고 머를 받아 먹었는지...
한해에 평균 15퍼씩 올린다.

돈 있어도 안산다.",0,0,부정,"분양가·집값 부담, 제도 불공정",,,Ugxx-MlSGCou2yRTXGZ4AaABAg
2026-09-15 20:09,걍 적금 넣는다 생각하고 매달 25만원씩 자동 이체 해놓고 없는 돈이다 하는중ㅋㅋㅋㅋㅋ,0,0,양가,대체 투자·낮은 금리,,유지,Ugy5Oplb59pdlQDgveZ4AaABAg
2026-09-15 20:08,"점수가 1등급이떠도 결국 1인가구는 절대 당첨이 될 수 없음.
진짜 벼락맞을 확률로 당첨이 된다해도 돈이없음 ㅋ",0,0,부정,"가점·당첨확률, 제도 불공정",,,UgzuR7HmwWh8YTSDQy94AaABAg
2026-09-15 20:04,한달에 5만원 넣는거 그거 얼마나 된다고 해지를 하냐,0,0,양가,대체 투자·낮은 금리,,유지,UgyNbBi-usMaGVd_UJB4AaABAg
2026-09-15 20:04,"앞으로는, 집을 산다고해도 그집을 팔지를 못할듯하다. 신중해지거라! 인구소멸각이다. 나혼자산다. 큰집필요없다. 현찰가지고있으면서 혼자쓰고 저먼곳으로 가는게 좋을듯.",0,0,해당 없음,수도권 집중·지방·인구,하락,,UgwxCY2ws67ZhY4n-JN4AaABAg
2026-09-15 19:49,젊은 세대는 윗 세대 탓하면 좀 마음만 좀 편해짐?,0,2,해당 없음,정부·정치 불신,,,Ugx2WV-VJlLDQvvFjrJ4AaABAg
2026-09-15 19:48,"30대때는 모르지 사십 되가니까 온몸이 아프고 일하기 싫다 ㅜㅜ 그 빚 갚느라고 허리 휘느니 님들 많이 가져라❤ 난 진짜 포기
나는 미분양 주웠다가 포기함
지금 생각해보니 잘했음 구축적당한거 사서
복세편살 할래~~~ 다시 복세편살
욜로의 시대가 오기르를!!! 
여행다니고 맛집 다니고 즐기며 삽세",0,0,해당 없음,정부·정치 불신,,,UgwpiTlYly8hoIATryx4AaABAg
2026-09-15 19:43,당첨되도 개똥위치 제일핫바리집준다,0,0,부정,가점·당첨확률,,,UgydX9ZpaGFZuwjCNQh4AaABAg
2026-09-15 19:35,이재명이 꿈꾸던 세상,0,0,해당 없음,정부·정치 불신,,,UgyII29hNbzc9cRXhkh4AaABAg
2026-09-15 19:35,"신혼부부건 부양가족많던 한쪽만 혜택있으면 당연히 다른쪽은 할 필요가 없어지지
요즘 미국채 이자도 5%주는데 굳이",0,0,부정,제도 불공정,,,UgxSt9eUMWhVbTLWcdV4AaABAg
2026-09-15 19:34,청약통장은 적금 및 연말소득공제용으로나 사용한다 생각하고 두는게 나을듯..,0,0,양가,"대체 투자·낮은 금리, 임대·대출우대 등 부가 기능",,,UgweTAb4RNDT6D10wz94AaABAg
2026-09-13 08:22,결혼도 안하는데 집은 무슨...,0,0,해당 없음,,,,Ugz0jKe4eNy4OdPU3et4AaABAg
2026-09-15 19:24,국민이 선택한 사회주의,0,0,해당 없음,,,,UgyYmF780A-KBbpy0AV4AaABAg
2026-09-15 19:18,전부 청약깨고 미장으로 갑시다욧!!!!!,0,0,긍정,,,해지,UgyYC_mZGTqP_Fu7u0t4AaABAg
2026-09-15 19:13,"청약 당첨 되도 계약금 몇 천만원, 중도금 몇 억은 현금으로 가지고 있어야함. 
청약 당첨 된다고 집을 공짜로 주는게 아님.",0,0,부정,"분양가·집값 부담, 가점·당첨확률",,,UgyGu_15p-_VVtCSW754AaABAg
2026-09-15 19:12,"난 아직 가지고 있음. 부동산은 돌고 돌아요. 나중에 또 어떻게 될지는 모름. 
그런데 난 아파트보다 주택이나 상가주택을 선호해서.....",0,0,양가,,,유지,UgywOvAJuaXX4TnZAjZ4AaABAg
2026-09-15 19:09,나도 이번달에 걍 해지했음. 카톡으로 1순위 청약 추려서 오는거 보면... 분양가가 4억5억... 뭐 아무것도 안되는구나 해서 해지하고 치킨먹음,0,0,부정,"분양가·집값 부담, 가점·당첨확률",,해지,UgyxCMS-3qyLZLyhNB54AaABAg
2026-09-15 19:07,"대출 다 막아두고 집값은 올려놓으니까 지금 기준이 쓸모가 없음
이러니 경험해보지 못 한 나라라는 말을 했구나",0,0,부정,"분양가·집값 부담, 대출규제·자금조달, 정부·정치 불신",,,UgxBc2er_uCGgr5g6Td4AaABAg
2026-09-15 18:57,"가장 중요한건 당첨이 되고 말고가아니라 집을 살돈이 없다는거임 20,30 빡세게 모아도 1~2억 정도 일텐데 대출껴도 나한테 3~4억 또는 그이상이 있어야 되니 못먹는감 그냥 안쳐다보는게 나을지경",0,0,부정,"분양가·집값 부담, 대출규제·자금조달, 가점·당첨확률",,,UgwsqCozHMJlYZNW40J4AaABAg
2026-09-15 18:51,마지막부분 보니까 개미들 돈 긁어모아서 있는 사람들 대출 해주고 외제차 타는 사람들이 임대아파트 들어가고 하는데 돈 대주고 했다는걸 잘알겠구만,0,0,부정,"대출규제·자금조달, 제도 불공정",,,UgwC7fsA2swqtc35P5h4AaABAg
2026-09-15 18:50,걸려도 돈이 없는걸 머....,0,0,부정,분양가·집값 부담,,,Ugxgq4zo1vrdvu3Ejih4AaABAg
2026-09-15 18:47,20대초에 한 5년넣고 10년간 잊고 있다가 얼마전에 걍 해지했는데 이자쌓여서 용돈 낭낭하게 씀,0,0,부정,대체 투자·낮은 금리,,해지,UgxSu9gXfd9iK_KyjvF4AaABAg
2026-09-15 18:45,분양 줬다는 수치가 있어야 건물을 더 지을 수 있을테니...,0,0,양가,,,,Ugzp65RrvHHah9URnct4AaABAg
2026-09-15 18:44,초기금 중도금 상환이 불가능한 청약 ㅋㅋㅋㅋ 에휴,0,0,부정,"분양가·집값 부담, 대출규제·자금조달",,,UgwCaggbfiLxQ48Uyhx4AaABAg
2026-09-15 18:42,참 .... 전문가 집단 인터뷰 봐라,0,0,해당 없음,,,,UgxPqvBGUsefQHj-wnN4AaABAg
2026-09-15 18:21,원래 청약통장 목적이 계약금 내라고 만든거라 못해도 청약자격을 3천만원 정도로 올려야됨.,0,0,양가,"제도 불공정, 임대·대출우대 등 부가 기능",,,Ugw0uMO3rqVAUBiQClZ4AaABAg
2026-09-15 19:29,기성세대들이 집값 ㅈㄴ게 올려놔서 당첨돼봤자 대출을 어마어마하게 받아야함. 근데 대출도 막는다며?,0,0,부정,"분양가·집값 부담, 대출규제·자금조달",,,Ugxvn7YLYQq1Fuw8TQ94AaABAg
2026-09-16 13:28,"정부가 시장에 개입하는 순간 망한거임
대한민국에 부동산 시장은 단순하게 첫발을 내딛는게 힘들다가 아니라
그만큼의 가치가 있기에 모두가 들어오고 싶어했던 시장이라는게 큰데

정부가 첫발을 내딛게 해주려고 가치를 낮춰버리니
상품에 메리트가 사라져 버렸음

내집마련이라는 단어가 어느새 꿈보다는 족쇄가 되어 버리니 에휴 등X 같으니",0,0,해당 없음,정부·정치 불신,하락,,UgxHKeiKTgnRMh5o-DB4AaABAg
2026-09-16 12:52,"14억짜리 계산해봤는데
중소기업 부부가 애도 안낳고 밥도 안먹고 여행도 안가고 돈만 모아야 14억 생기더라..
암만 대출 도움을 받는다고 하지만...",0,0,부정,"분양가·집값 부담, 대출규제·자금조달",하락,,UgxmR6iZDPueuHEhvDV4AaABAg
2026-09-16 12:12,"신한은 내돈인데 대출방식도 참 희한하게 불편하게해둠.
아파트당첨은 운이후 이야기고 그사이 대출도 불편한데 유지하겠나",0,0,양가,"대출규제·자금조달, 임대·대출우대 등 부가 기능",,유지,Ugz8cysLQ63z6-p543J4AaABAg
2026-09-16 11:48,난 아직 해지는 안하고 있긴한데 진짜 필요없는거같긴함ㅋㅋ,0,0,양가,대체 투자·낮은 금리,,해지,UgzEFAY-LTXwdbHwUx14AaABAg
2026-09-16 11:10,"청약이 무조건 2030, 3040, 4050 으로 나눠져야 함.
아파트 가격, 평수, 등등 으로 세분화 해서 그 세대에 맞는 청약 시스템으로 바껴야 함.
2030이 서울에 84타입으로 당첨되도 그거 살수 있는 정상적인 2030이 어디있냐
나도 2030인데 그냥 59타입이면 만족한다.
왜 다들 84타입으로 아파트 사서 결혼해야 되는거냐(물론 남녀 둘중 하나가 서울 84타입 아파트 아니면 안된다고 할 수 도 있지만, 현실적으로 2030은 불가능이다.)
20대는 15평, 4억 이내.
30대는 25평, 6억 이내. 청약 만들어주면 좋겠다.
2030  가점으로 84타입 불가능이다.",0,0,양가,분양가·집값 부담,,유지,UgwnMCP1zcgrv5hsq7F4AaABAg
2026-09-16 11:04,"나 20대 500만원 모으는게 목표 였는데 왜 맨날 2030 정책만 있는겨
요즘 청년들은 몇 억씩 있나 보네",0,0,양가,분양가·집값 부담,,,UgziyaL106IP6KDMo8B4AaABAg
2026-09-16 10:29,22년에 청약 막차타서 정말다행… 워 간이 서늘하네,0,0,긍정,가점·당첨확률,상승,유지,UgyKUZ-65LqLww-hm_l4AaABAg
2026-09-16 09:14,그냥 이재명의 한계임 ㅋㅋㅋㅋ,0,0,해당 없음,정부·정치 불신,,,Ugw73LwDIuKEmUWEn0p4AaABAg
2026-09-16 08:12,집값이 이미 감당이 안됨 청약따위로 어떻게 해볼수 있는 단계가 아닌 거. 부동산은 잡아야 하는데 부동산으로 돈벌겠다는 사람은 많으니 내 집값떨어지는건 못보겠으니 집값은 한없이 올라가고 감당이 안되는 수준까지 온거.,0,0,부정,"분양가·집값 부담, 정부·정치 불신",상승,,UgwL0yX6dKqVJ2RzOKF4AaABAg
2026-09-16 08:07,된다해도 무리하게 지르는 순간 노예확정~,0,0,부정,,,,UgyMy6hY9xVgPylbauR4AaABAg
2026-09-16 07:52,해지하고 꺼져주면 나야 고맙지 ㅋㅋㅋ,0,0,부정,,,해지,UgzowsmcfqmAbBmnA-N4AaABAg
2026-09-16 07:52,"30년된 아파트 1채 사는데
100억 200억 하면 웃기겠다ㅋ",0,0,부정,분양가·집값 부담,,,UgzJ9ILUoEO_K4677Oh4AaABAg
2026-09-16 07:19,"동대문구 청량리 사는데 건너편달동네
재개발로 롯데캐슬 8동 지었는데
32평 분양가 13억ㅋㅋㅋ
시바ㅋㅋ어떻게 들어가는데
20 30대가 40대는 가능하고?",0,0,양가,"분양가·집값 부담, 가점·당첨확률",,,UgwV2fdSpDCgA1wyUzR4AaABAg
2026-09-16 06:34,진짜 이 정부는 얼마나 빠른속도로 나라를 박살내는거,0,0,해당 없음,정부·정치 불신,,,UgwvF5zJcs2Le74hUO94AaABAg
2026-09-15 20:46,청약통장 의미없음..청약점수 의미도 없음..,0,0,부정,제도 불공정,,,Ugx8PjGFXZPSpn6XFKp4AaABAg
2026-09-16 03:02,"그럼에도 들고 있는 이유

-현재 이거 깰 정도로 생활이 크게 궁핍하거나 현금 필요할 일 없음
-청약통장이 집 살 때만 쓰는 게 아님
-앞으로 가입자 이탈이 가속화되면 대응 차원에서 어떻게 혜택이 또 바뀔지 모름",0,0,긍정,임대·대출우대 등 부가 기능,,유지,UgxeTjxkytG2PiwIOgZ4AaABAg
2026-09-16 02:32,대통령 효과 ㅋㅋㅋ 소름돋는건 인제 1년 좀 넘었다 ㅋㅋㅋ 앞으로 얼마나 더 말아 먹을지...,0,0,해당 없음,정부·정치 불신,,,UgwlqrOuNpfa1dFpEH94AaABAg
2026-09-16 02:29,대출 제한때문에 청약을 집값 싼집에만 넣어야됨 ㅋㅋ 청약을 왜함 그럴거면 ㅋㅋ,0,0,부정,"분양가·집값 부담, 대출규제·자금조달",,,Ugx1uoYC328taOrmIYR4AaABAg
2026-09-16 01:33,😊,0,0,해당 없음,,,,Ugw9i0pszBQXsIqxyc94AaABAg
2026-09-16 01:02,그래도 가지고 있어야한다고 생각하는사람들은 참.....,0,0,긍정,,,유지,UgwhAdD3BcsnHS5IJL14AaABAg
2026-09-16 00:58,청약해봐야순위꼴찌인데 뭐따러함 이자도안주는데 ㅋㅋㅋㅋ,0,0,부정,"가점·당첨확률, 대체 투자·낮은 금리",,,UgwvLsc3CuSIRobo61V4AaABAg
2026-09-16 00:33,미친 부동산의 나라 . .. .돈이 다 저기에 쳐 박혀있으니  경기가 이 모양이지,0,0,해당 없음,정부·정치 불신,,,UgyNwJebt73Z8GrecM14AaABAg
2026-09-15 23:47,더불어근저당 때분에 부동산 가격이 미친듯이 오르긴함,0,0,해당 없음,분양가·집값 부담,상승,,Ugw3Wfy8IBn3nyyl_IZ4AaABAg
2026-09-15 23:09,당첨되어도 순살치킨 아파트잖아,0,0,부정,신축 품질·하자,,,UgwHO3W42deXyrp68AV4AaABAg
2026-09-15 22:57,당첨되도 영끌해야 하는 리스크 누가 요즘 그런 리스크 끌어앉고 삽니까 금융투자 주식이나 주식이나 주식이나 미친놈들은 코인해서 끝과 끝을 보지 성실하게 모아서 저축 투자? ㅈㄹ을 ㅋㅋㅋㅋㅋㅋㅋ,0,0,부정,"대출규제·자금조달, 대체 투자·낮은 금리",,,Ugyh2ECKoVAh7GD7mMx4AaABAg
2026-09-15 22:56,유명무실 딱 네글자로...,0,0,부정,제도 불공정,,,UgySsVIsogP81tYbK2B4AaABAg
2026-09-15 22:39,비과세 에 이율도 젤 높을텐데 왜 깨지....?,0,0,양가,"대체 투자·낮은 금리, 임대·대출우대 등 부가 기능",,,Ugy-bZVGBBu7Ga_MEt94AaABAg
2026-09-15 22:27,난 그냥 달 2만원 짜리 적금이라 생각하고 냅둠 ㅋㅋ,0,1,양가,대체 투자·낮은 금리,,유지,Ugz2vFOfRI1iVG6NGSx4AaABAg
2026-09-15 21:35,연봉 1억 이하는 대출도 안되고 내집마련은 고사하고 사기 우려때문에 전셋집도 못얻어 고시원에 처박혀 살게되는 사회를 만들어놓고 집값은 못잡아서 근처 아파트 죄다 5억은 족히 넘는데 이제 막 최저시급이라도 받으면 감사한 청년들은 대다수ㅋㅋ,0,0,부정,"분양가·집값 부담, 대출규제·자금조달",,,UgztpzSBI55Fn1v4gch4AaABAg
2026-09-16 04:28,"내가 이래서 진작 안함 ㅋㅋㅋ 
뻔히 보이거든",0,0,해당 없음,,,,Ugzx2779LpbsMO5nPbd4AaABAg
2026-09-15 16:10,애초에 현금 갖고 있어야하고 대출 해봐야 연예인 비례해서 나오지도 않는데 청년한테 청약 가입 강조하면서 그 돈 모아서 이자 불리는 은행과 정책이 문제인거지,0,0,부정,"대출규제·자금조달, 제도 불공정, 대체 투자·낮은 금리",,,UgwRTd3gD6eqpTTrSKl4AaABAg
2026-09-15 16:09,"교육이든 정책이든
통제와 압박은 당장 눈 앞에 결과가 바뀌기는거 같지만 시간이 지나면 지날수록 큰 화로 되돌아온다",0,0,해당 없음,정부·정치 불신,,,UgwPr1dTm1TXaks3kt54AaABAg
2026-09-15 16:01,투자가아니라 거주목적인데도 당첨되면 못삼…,0,0,부정,가점·당첨확률,,,UgyFgzUXXd0GUa3sziJ4AaABAg
2026-09-15 15:54,근데 임대주택에 청약통장 납부기한이 가산점이긴한데,0,0,양가,임대·대출우대 등 부가 기능,,,UgzaUbXzrJA3jx__sjd4AaABAg
2026-09-15 15:52,정치인들이 다 해쳐먹음 끝,0,0,해당 없음,정부·정치 불신,,,UgzZokLYAB9u4S9KYM54AaABAg
2026-09-15 15:47,이런거 보고 해지하는 사람들보다 우위에 서려면 그냥 갖고 있어야겠다,0,0,긍정,임대·대출우대 등 부가 기능,,유지,UgyFNd7EOF8KVvpwl5t4AaABAg
2026-09-15 15:41,ㅋㅋ 정책은 바뀌기 마련인데 성급하네,0,0,양가,정부·정치 불신,,,UgwwX5bWe3SFDzWRMlx4AaABAg
2026-09-15 15:33,이제 사다리 끊김,0,0,해당 없음,정부·정치 불신,,,Ugz48h2rjaCe5Bgj3ed4AaABAg
2026-09-15 15:21,"청약되도 주담대 대출 다처막았는데
청약은 무슨 ㅋㅋ",0,0,부정,"대출규제·자금조달, 가점·당첨확률",,,UgxIsxSrwSNAPM0Y59d4AaABAg
2026-09-15 15:17,분양 전환 되는 임대 아파트 청약 통장으로 당첨되어서 어떻게든 대출받고 퇴직금까지 땡겨받아 6년차에 조기분양 받았는데 임대 살 때보다 가난해짐. 우리집만 생각하면 내 집이다 해서 희망 가지고 살겠지만 주변 이웃들 임대 유지하는 사람들보면 여행도 다니고 더 풍족하게 잘 살음... 결과적으로 내 집 마련했다는 안정감보다 임대 주택 임차인으로 사는 복지가 안정감이 더 큰 상태,0,0,부정,"분양가·집값 부담, 대출규제·자금조달, 제도 불공정",,,UgxyWzO-rpzhyuHRUXx4AaABAg
2026-09-15 15:12,애초에 하는거 자체가 이해가 안됐음 이거할빠에 냉정하게 은행 예금이 나음 친구들한테 다말렸는데,0,0,부정,대체 투자·낮은 금리,,,Ugzcp9_SnkVyV8D7gGh4AaABAg
2026-09-15 15:04,"나만 깬게 아니구나,,",0,0,양가,,,,Ugx31EsD7_iNBq3oTSN4AaABAg
2026-09-15 15:00,저도 천만원이 넘는 돈이 청약통장에 묶여 있는데 1인가구고 앞으로도 그럴 가능성이 높은지라 고민중이네요. 서울은 아닐지라도 경기도권내에서 보고 있는데 입지가 괜찮은 곳은 분양가가 천정부지라 어려울거 같고 이러면 일하기 어려운 나이가 되면 현금성 자본으로 주식이나 채권등으로 배당 혹은 이자소득으로 생활을 꾸리는 형태로 나가면서 집은 지방 광역시에 저렴한 것으로 매수하는게 낫지 않나 싶기도 합니다. 저런 신축이 되더라도 결국 20~30년 금리 3~7%로 매월 족쇄를 찬체 살아야 하는데 40세에 청약이 되었다고 한들 최소 20년이면 60세 즉 은퇴할때까지 갚아나가야 한다는 이야기니 그게 맞는지 모르겠네요. 서민이면 오히려 주거지에 대한 비용을 줄이고 노후를 대비해서 금융소득을 만드는게 맞다고 생각이 듭니다.,0,0,양가,"분양가·집값 부담, 대출규제·자금조달, 대체 투자·낮은 금리, 임대·대출우대 등 부가 기능",,,UgxK2sFQ1xhfFAtTVaR4AaABAg
2026-09-15 14:57,그냥 소액 적금든다 생각하고 놔둔다,0,0,양가,대체 투자·낮은 금리,,유지,UgwYuQTKAUxWkYixP-94AaABAg
2026-09-15 18:18,집없는 징징이들 많네 ㅋㅋ 여기서 징징거려봤자 뭐하냐,0,0,해당 없음,,,,UgzN2KlLGU4W9r91zcZ4AaABAg
2026-09-15 14:49,이재명정부의 부동산 완화정책 실패때문임,0,0,부정,정부·정치 불신,,,UgyL2z2GCxfgQifZ6W94AaABAg
2026-09-15 14:49,당장 원룸 월세 내는 걸로도 빠듯한데 청약을 어떻게 해...,0,0,부정,"분양가·집값 부담, 대출규제·자금조달",,,UgzFadQSACMqLhHqqNp4AaABAg
2026-09-15 14:49,ㅈ도쓸모없어진 정책ㅋㅋ,0,0,부정,,,,UgyvkMi7oOt7wt7hLzx4AaABAg
2026-09-15 14:48,청약을 왜하냐? 로또에 남의 배 불려주는 일을 주식에나 투자해라 미국 snp500에 계속 짱박아라 어차피 결혼도 안하고 혼자 살건데 미래를 설계해야지,0,0,부정,대체 투자·낮은 금리,,해지,UgxlKQ6vcaT2ZboxwR94AaABAg
2026-09-15 14:48,"청년층은 당첨돼봐야 들어가서 살지를 못하는데 굳이?ㅋㅋㅋ
40대 이상을 위한 복권인듯",0,0,부정,,,,UgxMmW-UR0WcrN4Q2uN4AaABAg
2026-09-15 14:48,집사면 개 역적 취급하는 나라에서 ㅋㅋ 청약통장의 가치란,0,0,해당 없음,,,,Ugxwk9OfUDjnrpss6FR4AaABAg
2026-09-15 14:46,"잼버리, 섬박람회 이런것만 안해도 좋을듯. 다 청년탓을 할 필요는 없지",0,0,해당 없음,정부·정치 불신,,,UgzdRUwHi7Oo-D6uLeJ4AaABAg
2026-09-15 14:45,당첨되도 돈이 부족해요 대출해도 부족하고 대출한다해도 이자값이 너무 높구요 당연히 포기하죠 부모빽없이는 못사요,0,0,부정,"분양가·집값 부담, 대출규제·자금조달",,해지,UgyC85-rjLpwOYocQuF4AaABAg
2026-09-15 14:44,타먹는 사람은 더 돈도 많고 꼼수로 먼저 타먹는,0,0,부정,제도 불공정,,,Ugw9-Lc1ZqjWARSNc8x4AaABAg
2026-09-15 14:42,"청약되도 살 돈도 없고, 순살아파트로 불안하고, 대출로 들어간다 해도 이자보다 월세가 싸고, 1인가구라 점수도 제대로 못 받아서 확률도 떨어지고,
월 25만원으로 올려버리니 목돈을 계속 묶어 두는 것보다 혼자 가는 인생, 하고 싶은거에 쓰거나 다른 곳에 투자하는게 더 낫다고 생각해서 해지했지....",0,0,부정,"분양가·집값 부담, 대출규제·자금조달, 가점·당첨확률, 제도 불공정, 대체 투자·낮은 금리, 신축 품질·하자",,해지,UgwOrBPv8aTQ6ZaVgkd4AaABAg
2026-09-15 14:42,2년전에 인천 청약당첨됬는데 너무 비싸서 포기....지금 시세보니까 분양가에서 30% 집값 떨어져서 무리해서 안산게 다행이었음,0,0,부정,분양가·집값 부담,하락,해지,UgxBauQE-Dqa-BJ8x5N4AaABAg
2026-09-15 14:41,왜 2030에만 집중되는지 모르겠다. 4050중에도 집없는 사람 많던데요. 20대에 아파트 사는게 노멀한건 아니지. 다양한 세대를 위해 생애 첫 주택구입시 대출 한도나 이자 등 혜택을 주면 좋겠어.,0,0,양가,"제도 불공정, 정부·정치 불신",,,Ugy_quuGAolRW2rkcO14AaABAg
2026-09-15 14:30,유지하면서 외곽으로 시선을 돌리면 가능한거같은뎁…..,0,0,양가,,,유지,UgxD-XjZpkQn-uO6QpZ4AaABAg
2026-09-15 14:23,청약된 집으로 집담보 대출도 안되는데 뭐하러 청약함 ㅋㅋㅋㅋㅋ,0,0,부정,"대출규제·자금조달, 제도 불공정",,,Ugz4bKmvGgOwSaLEM6h4AaABAg
2026-09-15 14:54,90년대생들이 날개를 피게해줘야하는데 왜 계속 90년대생이 못살게만드냐~,0,0,해당 없음,정부·정치 불신,,,UgyCn21QlWndfPg1UsJ4AaABAg
2026-09-15 18:17,월급은 안오르고 아파트값은 눈감았다 뜨면 오르는데 어케 사노 😂,0,0,부정,"분양가·집값 부담, 정부·정치 불신",상승,,UgycrKun62lHmra3V9J4AaABAg
2026-09-15 18:08,"40대 후반이 될 때까지 혜택이라고 마련해 놓은 것들 지원 받아본 적이 없다. 그 때는 없었고 지금은 안된단다.
여전히 청약통장 들고는 있는데 될 거라는 기대는 1도 없다...
젊어서 청약 당첨된 사람은 줍줍으로 된 사람 이야기가 대부분이고, 돈 낸 사람 따로 혜택보는 사람 따로라면 (굳이 세금도 많이 내는데) 자기 살길은 알아서 찾아야 하지 않을까?",0,0,부정,"분양가·집값 부담, 제도 불공정, 임대·대출우대 등 부가 기능",,유지,Ugx173LqsbTahmAP78F4AaABAg
2026-09-15 18:00,"비혼자들은 아예 사람취급안하는게 진짜 짜증나더라
신혼특공 신혼희망타운 등등
비혼자들에게는 기회도 안줌.",0,0,부정,제도 불공정,,,UgwHjq9bn1y9aNmbPxR4AaABAg
2026-09-15 17:59,분양가가 집 시세랑 비슷하거나 높은데 누가사,0,0,부정,분양가·집값 부담,,,UgyxTCpWHw074SNPtb14AaABAg
2026-09-15 17:57,"돈없으면 집사지말고 전월세 살아 왜 비싸다고 욕하면서 집을 사려해 ㅋㅋㅋ 지방은 싫어하면서 존나 서울에서 1,2억주고 살고는 싶고 돈은없고 ㅋㅋ",0,0,부정,"분양가·집값 부담, 수도권 집중·지방·인구",,,UgxxZwadFP8UcoHfYJN4AaABAg
2026-09-15 17:55,당연한거 아냐? 당첨도 개짝센데 당첨된다 한들 살수가 없는데ㅋㅋㅋㅋ 저 잔문가도 말하네. 답없음 바로 해지해도 된다고ㅋㅋ,0,0,부정,"분양가·집값 부담, 가점·당첨확률",,해지,UgzC5_odTY3JgNqGZfB4AaABAg
2026-09-15 17:52,맞긴해 지방도 신축 3~4억은 빚 지고 사야됨 ㅋㅋㅋㅋ청년들은 그냥 적금통장으로 접근하고 있음,0,0,양가,"대출규제·자금조달, 대체 투자·낮은 금리",,,Ugx1an87sSWKSfbN9Jl4AaABAg
2026-09-15 17:49,용인 사는데 구성 옛날 서울우유 자리에 아파트 분양 한데서 청약통장으로 신청 하려고 모델하우스 가서 상담 받았는데 30평때가 분양 가격이 10~13억 이라고해서 월요일 되자마자 천만원 들어있던 청약통장 해지했다 시발 다른 이사할때 전세 자금에 보탤라고 기다리기는 개뿔 청약있어도 분양 못받음 지방 가고싶어도 직장도 그렇고 모든 연고지가 이쪽인데 모든거 내려놓고 다른지역 가는게 쉽나ㅡㅡ,0,0,부정,"분양가·집값 부담, 대출규제·자금조달, 수도권 집중·지방·인구",,해지,Ugw8QZ5ATNQPiVhyeLN4AaABAg
2026-09-15 17:47,아파트 설거지 해 줄 필요 없음,0,0,해당 없음,,,,UgxGPQsQ48OjYfOYNpB4AaABAg
2026-09-15 17:46,"청약 통장 있으면 뭐해.. 작은 집이라도 있으면, 청약통장 무쓸모인대ㅔ",0,0,부정,분양가·집값 부담,,,UgxQ7UZZbtskeuQ7S2F4AaABAg
2026-09-15 17:40,청약해지 해야되는거 깜빡했었는데 이거보고 생각났음,0,0,부정,,,해지,Ugy4XGgBdiL-fvOjRw54AaABAg
2026-09-15 17:39,ㅆ바 신혼특공으로 된다쳐 지방도 새집 5억이야 1억~2억모아도 3억을 대출 끼고 시작 해야된다고 하아... 이게 맞냐?,0,0,부정,"분양가·집값 부담, 대출규제·자금조달",,,UgwJ7JXCEd0IlHqFf2p4AaABAg
2026-09-15 17:33,모든아파트가 거진 10~20억하니 못사지 정부가 어떻게해야함,0,0,부정,"분양가·집값 부담, 정부·정치 불신",,,UgzpxVUjm6RuICTaVmV4AaABAg
2026-09-15 17:28,청약받고 집사는게 더비쌈ㅋㅋㅋㅋ,0,0,부정,분양가·집값 부담,,,UgwpR2zO552o18VT9DF4AaABAg
2026-09-15 16:12,분양가가 미쳐서 ...  되도 난감,0,0,부정,분양가·집값 부담,,,UgyD1TNDORffszogT9d4AaABAg
2026-09-15 17:26,애초에 청약은 돈있는 사람만 해당되는거였음 돈없으면 결혼도 못해서 애도없고 청약 조건 달성 자체가 안됨,0,0,부정,"분양가·집값 부담, 제도 불공정",,,UgzZwhZfRVqevMSqEMl4AaABAg
2026-09-15 17:20,가점이 문제가아니라 대출을 땡겨도 불가능하다는게 제일 큰 문제인데 ㅋㅋㅋ,0,0,부정,"대출규제·자금조달, 가점·당첨확률",,,UgxsP9GEmlMWAtgmZ7F4AaABAg
2026-09-15 17:13,청약10만원씩 171회 넣었는데 작년에 깨서 구축 아파트 샀음 혼자라 당첨 된다는 보장도 없을뿐더러 대출 받기는 힘듦 구축도 사면서 대출 간신히 맞춰서 샀는데 신축은 엄두가 안나더라,0,0,양가,"대출규제·자금조달, 가점·당첨확률, 임대·대출우대 등 부가 기능",,유지,Ugx_CBG5lPKedG_7pGR4AaABAg
2026-09-15 17:06,"나도 혹시나 하는 생각으로 쥐고는 있는데, 솔직히 희망이 있어 보이지는 않음",0,0,양가,,,,UgyIy1XTeIqFOhJxoiR4AaABAg
2026-09-15 17:06,나도 깨고 배당주에 넣을까 생각 중인데...,0,0,부정,대체 투자·낮은 금리,,해지,Ugy5Wn-yxuggaHkh-Nh4AaABAg
2026-09-15 16:59,우리 한테 돌아오는건 없는데 패널티만 더 쌓이면 ㄹㅇ 이게 맞는 정책인지 한번 쯤 돌아 봐야 하는거 아님? 이지경이 올때 까지 아무것도 안한거만 너무 무능한데,0,0,부정,"제도 불공정, 정부·정치 불신",,,UgzLg1IkwQNpKfInnwd4AaABAg
2026-09-15 16:49,이제 알다니 고객돈으로 기득권 좋은일들 시켰지,0,0,부정,"제도 불공정, 정부·정치 불신",,,Ugwv9L-PMR0lr6OYJ7V4AaABAg
2026-09-15 16:48,나 20년 전부터 사회생활했는디 솔직히 그때부터 청약 왜 들지 싶었음. 당시엔 좀 들어도 되는 상황이긴 했는데 뭔지 모르게 뭔가 좀 안맞다는 생각이 들어서 아 몰라 하고 안들었음. 근데 지금 빚으로 살고 있긴해도 작고 초라해도 내 집있음 ㅎㅎ,0,0,양가,,,,UgzSFOC2uquKWszLpTR4AaABAg
2026-09-15 16:41,나도 이거 의미없다생각해서 20대때 그냥 해지했어요….해지되도 아무 차이도 없음….,0,0,부정,,,해지,UgyyUoc289O7ozhW1Kd4AaABAg
2026-09-15 16:33,국민들이 아파트가지고 재산늘려서 중산층사면 안되니까 사다리 차버리는거지 정부에서  재산없는 사람이 늘어나면 웃는사람은 누구일까,0,0,해당 없음,정부·정치 불신,,,UgzdWv2lyw-ppyYSAX94AaABAg
2026-09-15 16:32,"청약 가지고있어봐야 
절대 집 못사",0,0,부정,가점·당첨확률,,,Ugz-PTGsiV2pxsojUml4AaABAg
2026-09-15 16:20,그리고 청약도 평수가 창렬함 걍 돈모아서 사는게,0,0,부정,분양가·집값 부담,,,UgzoBmFvxUSIbDfBbt54AaABAg
2026-09-15 16:19,오 나도 저번달에 해지했는데...,0,0,부정,,,해지,UgwPAAiywVN5XulcHm14AaABAg
2026-09-15 16:17,얘들아 절대 그래도 해지하지마라 ㅋㅋ 그냥 적금이라 생각하고 넣어둬라 절대 해지마라,0,2,긍정,임대·대출우대 등 부가 기능,,유지,Ugy5kFt5v0LVWRXL3zJ4AaABAg
2026-09-15 16:17,재명아!,0,0,해당 없음,정부·정치 불신,,,UgzD-s4St_PJG2GMPIt4AaABAg
2026-09-15 17:26,이래저래 있는 사람들은 대출이 잘 돼서 몇십채씩 갖고있고 없는 사람은 대출도 안돼 집값 비싸 엄두도 안남 없는 사람은. 집 사는걸 포기하게 만드는 구조,0,0,부정,"분양가·집값 부담, 대출규제·자금조달, 정부·정치 불신",,,UgzhB8vJdB4vFRsam514AaABAg
2026-09-13 03:52,집값이 너무 비싸,0,0,양가,분양가·집값 부담,,,Ugy9v4dDf3oqvxAEVyV4AaABAg
2026-09-13 03:39,분양가를 낮추세요 뭔ㅋㅋㅋ,0,0,부정,분양가·집값 부담,,,UgzN5S3FhsHsQDTgvnZ4AaABAg
2026-09-13 03:38,나도 깨려고 생각중…,0,0,양가,,,,UgzVqEltMvCJ-rJnchF4AaABAg
2026-09-13 03:10,"서울, 강남만 보는 인간들은 자기 주제도 모르고 징징징~~~  욜로나 하자!! ㅋㅋㅋㅋㅋ",0,0,해당 없음,,,,UgxbzpFlXrtrvQ8V6_14AaABAg
2026-09-13 03:08,그래서 금리 4.5%길래 기대 1도 안하고 적금 굴리듯이 넣는중ㅋ,0,0,양가,대체 투자·낮은 금리,,,Ugwrm6NwjaPQsDm2owR4AaABAg
2026-09-13 02:57,시세차익 얻을려는게 도둑놈심보 아닌가,0,0,부정,분양가·집값 부담,,,UgyxwPYyn5N0zp5EPut4AaABAg
2026-09-13 02:42,"정권탓을 왜 하고 그래프가 항상 정권에 따라 움직이는지 이해하면됨
집은 누가만들고(인건비) , 어떻게 물류하고 (물류비) , 어떤 소재로 사용하는지 (자재비) 
그냥 이 3개만 비교해봐 최저임금상승률봐도 느낌이 안온다면 아직 맹~~한거야",0,0,해당 없음,,,,UgwFVcK0WocqB-AVgFB4AaABAg
2026-09-13 02:15,걍 집 없이 살면 맘편함 ㅋㅋㅋㅋ,0,0,부정,분양가·집값 부담,,,UgxDq8bKM3T-gflcfZB4AaABAg
2026-09-13 02:09,"좋은 집 당첨안되고 당첨돼도 못 삼.
안좋은 집은 애당초 청약 필요없음.
공실 남아돔.",0,0,부정,"분양가·집값 부담, 가점·당첨확률",,,UgwRJuuRY_P-gFIHmAR4AaABAg
2026-09-13 01:56,"비혼 1인가구 빼액들 방법있음
그래 그럼 사게해주고
결혼후 판매 그리고 판매후 20년기간동안 이혼시 세금 판매금에 90프로 로 때리자
마찬가지로 
6년내 판메 결혼도안하고 판매시 판메금액에 세금 90프로 
5년이내 비결혼시 현 부동산(공시시가아님)시세 판메금액에 세금 90프로 가즈아 이러면
투기도아니고 결혼 약속 하고구입이지 암
참고로 1억팔았다 9천만원이 세금 이라는거임 알았죠?
근데 난에 3명인데도 인서울 꿈도 못꾸것던데 도대체 월급이 얼마인데 1인인데 사겠다는건지 개부럽네",0,0,부정,"제도 불공정, 정부·정치 불신",,,UgyOqyNr4kIeWIvvQU54AaABAg
2026-09-13 01:42,"혼자 살아도 안되고, 돈 많이 벌어도 안되고, 돈 못벌면 뽑혀도 못사고, 요즘 신축 꼬라지보면 들어갔다가 스트레스가 더 많을거같고",0,0,부정,"가점·당첨확률, 신축 품질·하자",,,Ugz-oKcBwXrTyJLsBLF4AaABAg
2026-09-13 01:39,"주변사람, 전문가들 등등 주위에서 이래라 저래라 가스라이팅에 휘둘리지 말고
사람일 한치 앞을 모른다고, 일단 계속 유지하세요.. 단돈 3~5만원 술값 한번 세이브한다는 마인드로
국가 정책이라는게 언제 크게 바뀔지 아무도 모릅니다. 정책이 1인가구 기준 더 않좋게 바뀔수도 있지만 훨씬 더 좋게 정책이 바뀔수도 있는겁니다.
1~3인 소규모 가구가 나날히 증가하는데 가만히 앉아서 표값 끊길일을 스스로 하는 정부는 없습니다.",0,0,긍정,임대·대출우대 등 부가 기능,,유지,Ugwkr4ne80fjPAUTDfN4AaABAg
2026-09-13 01:31,야나도!!   진~ 작에 깼다 가고싶은 곳은 된다하더라도 계약금조차도 낼수가 없다,0,0,부정,분양가·집값 부담,,,UgyGaEYt3oU0vGSbRhR4AaABAg
2026-09-13 01:25,"레버리지 손해보고
미국장에서 복구 했습니다
한국에사 주식 절대 안함",0,0,해당 없음,,,,Ugwz8E67be2KqVx9Ual4AaABAg
2026-09-16 13:40,미혼이나 싱글은 사람 아닌게 맞음,0,0,해당 없음,제도 불공정,,,Ugyb2E-fUAYyqqNBMzR4AaABAg
2026-09-13 00:32,"10만원 10년 되어 가고  있었는데 25만원으로 올리고 일단 내고 있는데 1인가구이고
정말 필요한지 모르겠네요ㅜ",0,0,양가,분양가·집값 부담,,,UgydtSSDBcjn6F7KdvB4AaABAg
2026-09-19 11:30,대출막는건 진짜 레전드ㅋㅋㅋㅋㅋㅋㅋㅋㅋㅋㅋㅋㅋㅋㅋㅋㅋㅋㅋㅋ,0,0,부정,대출규제·자금조달,,,UgwJKjWpV68g5tn6xrZ4AaABAg
2026-09-17 18:42,어 제발 다깨 나빼고 다깨줘 제발😂,0,0,부정,,,,Ugxt9E4LIdVaxHxjRBF4AaABAg
2026-09-17 17:32,"오늘 미국 연준 금리 올리는거 다들 안봄?? 미 국채 생각하면 앞으로 더 올릴거고, 한국은 금리가 미국보다는 높아야 경제지표 방어된다는거 생각하면 결국 이번 정부내에서도 미국 지금 3.75 보다는 무조건 높아지는건 당연한거고, 기준금리 4.5~5.0 보는건 생각해야함. 근데 이러면 주담대 대출 이자만 해도 ㅈㄴ게 빡센데 ㅋㅋㅋㅋ? 그러면 금리를 안올리면 안되냐고? 그러면 외화 계속 빠져나가는거. 걍 이젠 이거도 저거도 답이 없다",0,0,양가,"대출규제·자금조달, 대체 투자·낮은 금리, 정부·정치 불신",,,UgwmJutjKpS8VewiZOF4AaABAg
2026-09-17 17:07,"솔직히 집값이 싸져서 내집마련이 쉬워지면 
돈을 몇억할 정도로 모을필요없어지고 적당한 묵돈과 생활비만 있으면 일생을 살아갈 수 있으니까
결혼하는데 부담없고 결혼했는데 집도 있겠다 아기도 많이 낳을거고..라고 간단하게 생각이 들지만 세상은 간단하지 않겠죠..?",0,0,양가,분양가·집값 부담,하락,,Ugxg0Mhz-1x-N1iXwQt4AaABAg
2026-09-17 16:04,와 나도 3년전에 해지했는데 ㅋㅋㅋㅋ,0,0,양가,,,해지,UgynvbJZKihQ6rjV3i94AaABAg
2026-09-17 15:47,그 사다리를 붕괴시킨게 짜이밍...,0,0,해당 없음,,,,UgxsUIXadNWpjvEDCUl4AaABAg
2026-09-17 14:29,이천만들어놓고 그냥 예금통장? 됐음..^,0,0,부정,대체 투자·낮은 금리,,,UgzXMXPWQubepRsozZN4AaABAg
2026-09-17 14:02,250이면 그냥 없는 셈치고 놔둘 만함,0,0,부정,대체 투자·낮은 금리,,해지,Ugw99xjdoV5KFxRBB314AaABAg
2026-09-17 13:52,근데 분양가를 못 맞출 수준이면 분양신청을 안 넣고 기다렸다가 수중에 현금이 모이고 능력될때 다른 아파트 지어지면 그때 신청 넣으면 되잖아 왜 징징거리는거지?,0,0,양가,분양가·집값 부담,,,UgycBQB5aWOsX6i-GNN4AaABAg
2026-09-17 13:40,이미 지방권은 경매로 나오는 괜찮은 집도 많고 청약해서 굳이 빚도 못 내는거 유지해서 뭐하나 싶어서 깨버림. 나중에 좀 사람 줄어들면 적당히 모아서 경매로 물건 사서 직접 뜯어 고쳐 살지 뭐..,0,0,부정,"대출규제·자금조달, 대체 투자·낮은 금리, 수도권 집중·지방·인구",,해지,UgxgbOgBR_sViryh75B4AaABAg
2026-09-17 13:05,"나라를 살리는길은 미안하지만 노인이 아니라 이미 아이들을 키우는 사람한테 혜택을줘야지. 탁상공론 ㅉㅉ
실제 매매할수없는 금액으로 뭔 정책을 운영한다고",0,0,부정,"분양가·집값 부담, 제도 불공정, 정부·정치 불신",,,UgyKJNE2-pNmRpme8d14AaABAg
2026-09-17 12:39,"지방은 아파트 남아도는데도
계속 짓는 중 ㅋㅋㅋ",0,0,해당 없음,수도권 집중·지방·인구,,,Ugy7l9ivg51X5pOA7g14AaABAg
2026-09-17 10:42,"웃긴게 청약통장 만땅으로 몇천 모아놔도 
1순위에는 한부모가정, 기초수급자,탈북민, 중위소득 낮은 사람들 위주로 받아버리니,,;; 그냥 청약통장에 대한 이점이 없음",0,0,부정,제도 불공정,,,UgwqFqmb7ohzqjD9GSh4AaABAg
2026-09-13 01:09,20억이 넘는 아파트에 저소득 특공이라는 이게 무슨 개소리인지...ㅋㅋ 그냥 금수저 특공이잖아?,0,0,부정,제도 불공정,,,UgyDdm9M6-Jw2IhCZNp4AaABAg
2026-09-19 09:26,"매번 정책 낼때마다 들리는 이야기. 
'소외감'
결혼 하지 않은 미혼들이 결혼한 사람보다 더 많은 혜택 누린다고
결혼식은 올렸지만 정작 혼인 신고서는 작성 안하고 살던 사람 많아졌고
자녀 있는 사람들의 혜택보다 자녀가 없는 사람들이 
이거 해소 해야한다고 결혼도 하고 자녀가 있는 사람들이 혜택을 더 받을 수 있게 하준다니

미혼이고 자녀가 없는 사람들이 혜택을 덜 받는다????
ㅋㅋㅋㅋㅋㅋㅋㅋㅋ",0,0,부정,"제도 불공정, 정부·정치 불신",,,UgwLRzcnGqsp_gUgzSl4AaABAg
2026-09-19 07:57,연말정산+디딤돌 이자혜택이 있는데 해지 할 이유가 있나요? 최소금액으로만 유지해도 될거같은데,0,0,양가,임대·대출우대 등 부가 기능,,유지,UgyczZVN2wMsiDrF7654AaABAg
2026-09-19 02:12,버스에서 살라던데 ㅋㅋ,0,0,해당 없음,,,,UgwZb9MfrRyReLXDdDF4AaABAg
2026-09-19 01:25,1인가구는 무조건 후순위라서 걍 무주택으로 계속 살고있음,0,0,부정,제도 불공정,,,UgzZjtSxNA89d_bfeoh4AaABAg
2026-09-19 01:22,청약 당첨된적 있는데 돈 없어서 그냥 빠이빠이함...ㅎ... 그 이후로 청약통장 안 만들었음 ㅜㅜ,0,0,부정,가점·당첨확률,,해지,UgzgXjLcxAszMXb8Hwx4AaABAg
2026-09-18 23:23,오 나도 청약 해지하고 글카나 사야겠다,0,0,부정,,,해지,Ugyb0vbBT5mTUF0HLlx4AaABAg
2026-09-18 20:25,애초에 가입안함 어머니도 굳이 시골에서 살꺼면 할 필요없다고 말림,0,0,부정,,,,UgyS3uVIo4FvaAEqBLl4AaABAg
2026-09-18 18:46,교통사고 한번 나고 병원에 누워있는데 청약에서 돈 빠져나가는 알람보고 시발 이게 뭐하는거지 하면서 바로 해지했다,0,0,부정,,,해지,Ugws-R6Wmdk0SehS-8Z4AaABAg
2026-09-18 17:47,청약에 넣을돈으로 삼성전자 꾸준히 샀으면 하는 생각한사람,0,0,부정,대체 투자·낮은 금리,,,UgwEJlTmA-dPxH8q6Wx4AaABAg
2026-09-18 15:17,당첨됐을때 청약 통장 가입년수마다 대출금리 줄여주면 안되나?,0,0,양가,임대·대출우대 등 부가 기능,,,Ugx3RcEDuqhHnx5xY6V4AaABAg
2026-09-18 15:14,ㅋㅋㅋ다들 많이 해지해라ㅋㅋ 난 부모님 지원받아서 아파트 살께~,0,0,양가,,,,UgwNXJpYk_S2hhd6IYN4AaABAg
2026-09-18 14:40,"10년전엔 청약 어쩌고 했는데
지금 청약은 의미가 있나 싶음
세금감면 그거때문에 그냥 넣던거 넣는거 뿐이지",0,0,양가,,,,UgwIon7GDA5I-5-jQ6R4AaABAg
2026-09-18 14:37,나도 깼음,0,0,부정,,,해지,Ugxmy0nQgZXtd3uHSO14AaABAg
2026-09-13 10:03,애키워바라 59 개짝다,0,0,해당 없음,,,,UgyAUp5LmoluKgqw7cN4AaABAg
2026-09-13 04:17,진짜 돈이 좀 있고 잘사는 집안에 복권같은 느낌으로 가질것이 아니면 J도 필요가 하나 없음,0,0,해당 없음,,,,UgwhWQ_9nwMfPwLJO2p4AaABAg
2026-09-13 07:04,일단 전세집에서 살고있는데 쫓겨나서 청약 안하고 매매했음. 무주택은 이제 의미가 없음.,0,0,부정,제도 불공정,,,UgytAuvng2HpOGZtntx4AaABAg
2026-09-13 08:11,"부산이고 3,4년전에  강서구 하단에 에코어쩌고 제발 청약넣어달라고 전화오더니 그 아파트 개 망함 ㅋㅋㅋㅋㅋㅋ뭐 되가만하면 로또라고 온갖 ㅈㄹ하더니 ㅈ됨",0,0,부정,"가점·당첨확률, 신축 품질·하자",,,Ugw5HFgUaWZ-dgRUvHJ4AaABAg
2026-09-18 10:57,지방이 삶의 터전이 아니면.. 굳이.. 서울에서는 그냥 공돈 묶어놓는 느낌임.. 십몇년 갖고있던것 재작년 해지함.,0,0,부정,"분양가·집값 부담, 수도권 집중·지방·인구",,해지,Ugzt67JGhfRSohyATcJ4AaABAg
2026-09-19 14:53,"청년들 보고 트럭에서 살라고 하는 정부인데
내집마련...ㅠㅠ 하...",0,0,해당 없음,정부·정치 불신,,,UgzPmKCf7sHLOOWEFdF4AaABAg
2026-09-13 08:09,4:47 어차피 대출 못받는데 뭔 상관,0,0,부정,대출규제·자금조달,,,UgxZ_hmmSkQpH7XBucJ4AaABAg
2026-09-13 07:57,대재명,0,0,해당 없음,,,,UgwgmK5aqX2St13KB-F4AaABAg
2026-09-13 07:51,청약을 포기하는 순간 내집마련의 길이 열림.,0,0,긍정,,,해지,UgyB9nDMe3axUM0sE9F4AaABAg
2026-09-13 07:39,미혼자가 많아지면 나혼자 공급도 늘려야지,0,0,양가,제도 불공정,,,UgxesCkLEDR9jCFx-TZ4AaABAg
2026-09-13 07:37,분양가가 터무니없으니 포기하죠.,0,0,부정,분양가·집값 부담,,,UgxutnNcx7r00g2URPp4AaABAg
2026-09-13 07:20,전 꾸준히 납입할거예요~,0,0,긍정,,,유지,Ugz3q6LBkj6hgmD5reV4AaABAg
2026-09-19 09:50,소식듣고 들어가도 분양가 10억 밑이 없다 근데 현실적으로 6억 대출 받기 힘듬. 받았다 치자 그럼 대출에 추가 최소 4억 이상 들고있어야되는데 ㅋㅋ 장난 하나,0,0,부정,"분양가·집값 부담, 대출규제·자금조달",,,UgznGddCUu_kXC4gIxN4AaABAg
2026-09-13 07:03,현재 금리로 대출 3억이면 월이자 220만원임,0,0,양가,대출규제·자금조달,,,UgxbhEzvfUiiuPf14Qh4AaABAg
2026-09-13 06:37,다주택자들꺼 뺏어서 배포하자,0,0,부정,제도 불공정,,,UgxnON6El7XcOkv2PB14AaABAg
2026-09-13 04:50,당첨되면 뭐해? 이재명이 대출을 다 막아버렸는데..,0,0,부정,"대출규제·자금조달, 제도 불공정",,,UgyHALQkn4Tb6IN3EPZ4AaABAg
2026-09-13 04:42,정부 일 진짜 더럽게 못하네,0,0,부정,정부·정치 불신,,,UgwpKaksykWjgSUvFGt4AaABAg
2026-09-17 18:43,"28년 된 청약 통장 올해 3월에 해지했습니다 
네 아시다시피 금리도 너무 낮고 돈 도 묶이고 취업하고서는 오로지 연말정산 혜택용으로 사용했고요 
lh 에 사용하려니 세전 월300 조금 넘게 벌었다고 자격박탈 당해서 주택에 들어가본적도 없고요
타지역은 모르겠습니다 충청 경상 지역은 입지 좋은곳은 기본 7 ~ 8억 스타트라 청약통장 사용해봤자 너무 비싸서 사용 할 생각조차 없고
입지 그다지 좋지않고 나름 저렴한 아파트 5 ~ 6억 스타트 아파트는 미 분양이 너무 많이나서 오히려 필요가없고 
뭐 개인 생각대로 가시는게 좋지않을까 생각합니다 제 생각은 청약통장이 많이 강화된다는 내용이없다면 굳이 청약통장 가지고 있어야할 필요가 있을지는 의문 입니다.",0,0,부정,"분양가·집값 부담, 대체 투자·낮은 금리",,해지,UgwWyjWy1-PjywJey1d4AaABAg
2026-09-16 20:46,와청약통장을 아직도 가지고있는분이있었군,0,0,양가,,,,UgzuMdNN_CkYJKIkCFd4AaABAg
2026-09-16 20:36,지방도 마찬가지일까..?,0,0,해당 없음,수도권 집중·지방·인구,,,UgxCkr_ebiNnebCbLZt4AaABAg
2026-09-16 20:30,신축 아파트의 분양은 누구나 다 할 수 있으니까 .. 굳이 …,0,0,양가,,,,Ugz9_Xr3r-W7aXGJ6-N4AaABAg
2026-09-16 20:29,이게 지금 대통령중에 부동산 잡은 인물이 있냐 오히려 더 역효과만 나오지,0,0,해당 없음,정부·정치 불신,,,UgwBC6KeJWDW9TamDut4AaABAg
2026-09-16 20:22,대출안대는데  그거 왜함  계약금은  땅파서주나?,0,0,부정,대출규제·자금조달,,,Ugyl_1GodgfGFoRm6B14AaABAg
2026-09-16 19:56,"나도 해지함 ㅋㅋ
청약 되면 뭐하냐고 가진 돈이 없는데
분양가 어케 맞춤 ㄷㄷ",0,0,부정,분양가·집값 부담,,해지,UgznFR2tswJl3Gx1toZ4AaABAg
2026-09-16 19:52,진짜 나라 꼬라지ㅋㅋㅋㅋㅋ,0,0,해당 없음,정부·정치 불신,,,Ugz-_1wI8jjjYguLhKJ4AaABAg
2026-09-16 19:46,걍 점수고 자시고 작은 방하나 거실하나 있는거 8억 9억 이러더라 ㅋㅋ 어케사누 ㅋㅋㅋ,0,0,부정,"분양가·집값 부담, 가점·당첨확률",,,Ugyz1-qZYQRBXEb6Etl4AaABAg
2026-09-16 19:40,디딤돌대출 금리우대용 그이상 그이하도 아님,0,0,양가,임대·대출우대 등 부가 기능,,,Ugx1DmwFZptt8-pV5k14AaABAg
2026-09-16 19:35,"영원히 의미없어서 주식과 예금으로 분산했다

그리고 주식 쪽이 500만원 씩이나 훅훅 터졌다, 하필이면 트럼프와 시기가 겹쳐서

명심해라, 경제를 말아먹는 건 정치인이고, 그 정치인을 '우루루루 앉히는' 것들은, 찬성표, 반대표 모두 합쳐서 우리라는 사실을.",0,0,해당 없음,"대체 투자·낮은 금리, 정부·정치 불신",,,Ugy9ev0uXCAgY28D3lF4AaABAg
2026-09-16 19:18,로또1등 되도 집 못삼. 그 정도로 집값이 비쌈. 그렇다고 대출을 받으려고 해도 감당도 안됨. 사는 것도 고소득자나 고소득자가 부모님으로 있는..부동산가격이 살인적이지 않았으면 지금쯤 내 집 하나 있었겠지.,0,0,부정,"분양가·집값 부담, 대출규제·자금조달, 제도 불공정",,,UgyEd-jKGfs5J8JLlFJ4AaABAg
2026-09-16 19:17,"청약되더라도 심각하게 비싸고.
비싼돈 주고 들어갔더니. 부실공사에 
하자투성이에. 10년 내외 어느정도
검증된 아파트 매매하는게 현실적이지",0,0,부정,"분양가·집값 부담, 신축 품질·하자",,,UgyV_foBovn182Rc2wN4AaABAg
2026-09-16 19:13,이제 서민이 집 살수있는 시대는 지났잖아,0,0,부정,"분양가·집값 부담, 제도 불공정",,,Ugw4TeOhqGZC5QW9m8J4AaABAg
2026-09-16 18:54,당첨도 안되는데 당첨되도 아무고토 못함 ㅋㅋ 존재 이유가 없음,0,0,부정,가점·당첨확률,,,Ugxb05kHgGIa-Ltmz3t4AaABAg
2026-09-17 10:13,돈이 있다치더라도 요즘 신축은 너무 부실이 많아서 계약하면 안됌,0,0,부정,신축 품질·하자,,,Ugy1nfdX8Hy5jqqLKX54AaABAg
2026-09-16 17:34,경기도 안산 분양가가 6억이 넘는 게 말이되냐 ??   27년 입주예정 장상지구 아직 첫 삽도 안 뜬 거 이게 맞냐 ?,0,0,부정,"분양가·집값 부담, 수도권 집중·지방·인구",,,UgzGt-t1miiCm9ErM9Z4AaABAg
2026-09-16 16:34,담청되도 못사는데 무슨 ㅋㅋ,0,0,부정,"분양가·집값 부담, 가점·당첨확률",,,UgwBXn2Eq4Fa3BsFEqV4AaABAg
2026-09-16 16:32,나도 지방에 당첨 된 거 있는데 이거 들고 있어도 문제... 이거 어떻게 갚으면서 살지하는 막막함이 너무 큼...,0,0,부정,"분양가·집값 부담, 대출규제·자금조달, 가점·당첨확률",,,Ugzp9Ne-prFW4Fox9kR4AaABAg
2026-09-16 16:06,전쟁나서 부동산값 똥값되면 좋겠다,0,0,해당 없음,분양가·집값 부담,하락,,UgyBhj211USbyAin18x4AaABAg
2026-09-16 15:46,집 포기 -> 결혼 포기 -> 출산 포기...의식주가 기반이 돼야 사람이 살아가고 유지가 되지 가장 기본적인 '주'가 해결이 안 되는데 무슨 결혼이고 출산이냐,0,0,해당 없음,분양가·집값 부담,,,Ugyi7Zf4eRSgymP7sZl4AaABAg
2026-09-16 15:41,"서민이 인생역전시킬수있는 마지막수단도 없앴다..담청되면 실입주 능력안되면 부자들한테 팔수도 있었고... 공산당들은 더 괴롭힐것이다.
달게 받아라",0,0,부정,제도 불공정,,,UgwQk9a0Oks_ZVwMUjl4AaABAg
2026-09-16 15:34,"로우 리스크 하이리턴이어도 모자랄판에 미들리스크 로우 리턴 쯤 포지션이
됐는데 뭐 어쩌라는거임 ㅋㅋㅋ",0,0,해당 없음,대체 투자·낮은 금리,,,Ugwey3BehFA-2fzQpBJ4AaABAg
2026-09-16 15:32,소득은 낮고 재산은 많은 기초생활수급자..,0,0,해당 없음,제도 불공정,,,Ugx5t9stct2yeGjqZ2t4AaABAg
2026-09-16 15:24,애초에 지금 정부 믿고 만드는게 지능문제임,0,0,해당 없음,정부·정치 불신,,,UgzIctNf3y3CcH01zm54AaABAg
2026-09-16 14:36,이미 진작에 깻음...,0,0,해당 없음,,,,UgwgMxkbnwCWnFGpyRl4AaABAg
2026-09-16 14:28,갖고있는 애들만 나중에 뭐라도 할 수 있음 깰 사람은 제발 깨줘라,0,0,부정,제도 불공정,,해지,UgyplukaWizpKzyBwop4AaABAg
2026-09-16 14:08,"집을 분양받고 살 일이 없는데
왜 거기에 필요한 통장을 유지함? ㅋㅋ
뭐 연말정산? ㅋㅋㅋㅋㅋ
차라리 나스닥100을 매달 사",0,0,양가,대체 투자·낮은 금리,,해지,UgyS0pYjn7MgLjlqekh4AaABAg
2026-09-16 13:50,거따가 지지율때문에 2030 세대 징벌하느라 더 어렵게 만드는중,0,0,해당 없음,정부·정치 불신,,,Ugz8cvCZXcdGH1oWEsl4AaABAg
2026-09-16 13:46,"수도권 2030 당사자임. 이유 정리해봄.
1. 분양가가 감당가능한 4~6억이면 어디 허허벌판 귀퉁이임(3기신도시 안산장상같은곳. 집값은 내 30대기준으로도 환갑은 돼야 도심이 될거같은곳)

2. 4~6억 분양가면 그돈씨가 절로나오는게 차라리 (지금은 늦엇지만) 노원구같은곳 구춛 들어가서 몸테크하는게 훨씬나음. 

3. 내가 늙기전에 집값올라서 갈아타기할만한곳은 분양가 10억부터 시작함. 2030 월급쟁이는 6억도 빡쌘디ㅋㅋ 

그러므로 2030입장에서는 

""청약ㅈ까 집값으로 5년10년에 1,2억따리 먹느니 걍 집은 적당히 살면서 나스닥에 고정지출 나가고 남는거 몰빵치고만다ㅅㄱ""

가 솔직한 생각임",0,0,양가,분양가·집값 부담,상승,,UgyLHjM1ljiFHFFFofd4AaABAg
2026-09-16 17:48,청약가능한 집은 ㅈㄴ 비싸서 구입할 여력도 안 되고 구축사면 청약 헤택 거의 다 사라지니 굳이 유지할 필요없지,0,0,부정,"분양가·집값 부담, 제도 불공정, 대체 투자·낮은 금리",,해지,UgzfsOW9c4a-WBb4g0F4AaABAg
2026-09-17 09:19,"운빨 + 부모님 찬스 아니면 불가능한 구조
부모님도 사실 힘듬",0,0,부정,제도 불공정,,,Ugxx7Rm_albdbqOyCL54AaABAg
2026-09-17 09:14,그냥 이만원씩만 들어가게 해놓음.. 천만원있는데 천만원 가지고 뭘 하겠냐 싶어서,0,0,부정,대체 투자·낮은 금리,,,Ugwo-O9INeQdszTDy-N4AaABAg
2026-09-17 08:29,"왜 느리게  준비하는과정을  다들 무시하게 만드는 방송, sns만 넘쳐나는지...",0,1,해당 없음,,,,UgwLGWGTIylNVQ9bfSV4AaABAg
2026-09-17 08:29,청약깨는건 안좋은 선택같다.. 나중에 집사면서 대출 받아보면 알겠지만 청약통장 우대금리 무시못함,0,0,긍정,임대·대출우대 등 부가 기능,,유지,Ugynvv14wgOgUdMxxXx4AaABAg
2026-09-17 08:11,서울을 안가면 어느정도 해결되지 않음?,0,1,양가,수도권 집중·지방·인구,,,UgwH8eis4UMcazVgf-N4AaABAg
2026-09-17 08:09,그냥 주변에 청약으로 잘됐다고 들은적이 없음,0,0,부정,가점·당첨확률,,,UgytSOuUleEKBx5T83h4AaABAg
2026-09-17 08:00,"무쓸모임
당첨되도 살수가 없는 가격인데",0,0,부정,분양가·집값 부담,,,UgwGeVrRCDulzlZLyVV4AaABAg
2026-09-17 07:58,작은 집 하나가 2.5억. 월 270받는 애들이 계약금 500만원 낸다 치고. 절반? 회사가 무이자 대출 해준다 치고. 나머지 절반 대출? 어떻게 받음? 아니 대출 받았다 치고. 그거 이자 어떻게 감당해? 어떻게 갚을거야?,0,0,부정,"분양가·집값 부담, 대출규제·자금조달",,,UgzSxefp3oU0c-dhQH14AaABAg
2026-09-17 07:49,"청약 진짜 계속 안좋아지는구나..
경기 부천에 빌라 매매로 유주택이지만 청약 넣고 있는데.. 뭐가 나은건지 모르겠네요;
청약 1천 모아놨고 앞으로 만원씩 넣으려 하는데 청약되도 적게는 2~3억
많게는 5~6억원이 필요한데
살고있는 집을 팔아도 턱없이 부족하니
어찌할지ㅠ",0,0,부정,"분양가·집값 부담, 대출규제·자금조달, 가점·당첨확률",,,UgxGFbzCAbYj7R6D5MJ4AaABAg
2026-09-17 07:44,집값이 현실성 없어,0,0,해당 없음,,,,UgxcjXIR0jzFNOWCb-d4AaABAg
2026-09-17 07:42,댓글들 보면 죄다 서울이냐? 애초에 그걸 싸게 사면 니들이 나머지 땅값 프리미엄 다먹는 구조인데 그것도 수십억을 편하게 꿀꺽하려는게 더 도둑놈 심보 아님?,0,0,해당 없음,"정부·정치 불신, 수도권 집중·지방·인구",,,UgzgAVyjGoh5RbkFhiB4AaABAg
2026-09-17 07:17,어지간히 많이 빼나보다 뉴스에서도 징징거리는게 ㅋㅋ,0,0,해당 없음,,,,Ugy0YP3rzIEYsFuPyex4AaABAg
2026-09-17 07:16,진짜.. 청약통장에 몇 천만원 아니면 그냥 깨고 적금을 하든 다른 곳에 유용하게 쓰는 것이 나음..,0,0,부정,대체 투자·낮은 금리,,해지,Ugw2iWCN4_5Em7J55XJ4AaABAg
2026-09-17 06:52,저걸아직도하고있었어?? 답없는거보고 해약한지 6 7년된거같,0,0,부정,,,해지,UgzTKzQ460B12O0oVEd4AaABAg
2026-09-16 20:53,2:56 교수님 개인의 의견이 아닌 은행원 놈들을 뺀 우리 국민 모두의 의견임ㅋㅋ,0,0,해당 없음,,,,UgzqpyKX86O1NfjxEKN4AaABAg
2026-09-17 06:23,청년 혜택좀 없애고 애잇는 사람에게 복지를,0,0,부정,정부·정치 불신,,,UgyFqnjsZecg0z_7IEx4AaABAg
2026-09-17 05:46,이 정부는 청년들이 가난하길 바라는것 같다,0,0,부정,정부·정치 불신,,,Ugx_jbbm9GPDNfeEMGl4AaABAg
2026-09-17 05:40,청약 아직도 잘 모르겠다,0,0,양가,,,,UgytbMT8gvukmPuCdn54AaABAg
2026-09-17 05:22,1인 가구는 당첨 되는 확률도 너무 터무니없이 낮기도하고 당첨되었다고 해도 분양가가 너무 높음. 그렇다고 연고지도 없는 인구감소지역에 넣을것도 아니고,0,0,부정,"분양가·집값 부담, 가점·당첨확률, 제도 불공정",,,Ugy1X5giLNW2v76euDZ4AaABAg
2026-09-17 03:41,"당첨돼도문제~ 대출받고 이자내는것도 문제~ 
걍 나라가 문제투성이임",0,0,부정,"대출규제·자금조달, 정부·정치 불신",,,Ugwot9wBQ8M1sEuLaBt4AaABAg
2026-09-17 01:52,"말도 안되는 소득기준이나 손 봐라... 소득 기준이 소득 신고 제대로 안하는 자영업자나, 공무원들만 좋게 되어 있고, 서울 경기 사는 왠만한 직장인 월급 기준보다 훨씬 낮은데.. 어떤 넘들이 조사한거냐?",0,0,부정,제도 불공정,,,Ugyd5pe7RwFsMbxCyWR4AaABAg
2026-09-17 01:20,진짜 집값은 몇억 몇십억이고,0,0,해당 없음,,,,UgwN8q2TVB_Zl2G58r94AaABAg
2026-09-17 00:58,해지해라..의미없다,0,0,부정,,,해지,UgxiZ84V6S_dzroJE4F4AaABAg
2026-09-17 00:18,ㄹㅇ 왜함 ㅋㅋ,0,0,해당 없음,,,,UgzkHUEGaB2poadWwKF4AaABAg
2026-09-16 23:25,솔직히 청약통장 자체가 나라가 부동산 도박하라는 제도~ 부동산 잡는다면서 뭔 청약통장인지... 해지한지 삼만년~ 에잇 안사!!! ㅠㅠ 개슬프다...,0,0,부정,"제도 불공정, 정부·정치 불신",,해지,UgzZtALFI5eL9bzplEx4AaABAg
2026-09-16 23:17,"난 유지해보련다, 로또 당첨될 수도 있잖어",0,0,긍정,,,유지,Ugw3km8JnSDj8AYZUmR4AaABAg
2026-09-16 21:46,청년세대 아닌 사람은 가지고 있을 이유가 없구나...낼 바로 해지해야겠다.,0,0,부정,제도 불공정,,해지,UgwBtTUg3Sey3L4zqyt4AaABAg
2026-09-16 21:27,어니 다들 엄마 아빠 없음? 집사는데 그정도도 안빌려준다고?,0,0,부정,대출규제·자금조달,,,Ugwsf08t4oayPUGto_p4AaABAg
2026-09-16 21:15,아파트 가격 자체가 말이 안됨;;,0,0,해당 없음,분양가·집값 부담,,,UgzhcrGZ-6akzElIAE14AaABAg
2026-09-16 20:54,130회차 내고있는 33살 청년인데 대체 이걸 왜 내고 있는지 이해가안됨 쩝.. 친구들에 비해서 연봉이 높은편인데 그거도 오히려 청약에 안좋고 그렇다고 이 나이에 모은돈이 수억이 있는거도 아니고 .. 그냥 제도 자체가 왜있나 싶음..,0,0,부정,"제도 불공정, 대체 투자·낮은 금리",,,UgzfiLf9L0-vasrjZkV4AaABAg
2026-09-17 06:34,아 나도 해지할까...,0,0,양가,,,,UgyebcCOUtpQbHQcP5R4AaABAg
2026-09-14 22:09,청약 절대 해지하면 안됨. 이게있어야 청약신청을 꽤 괜찮은건 해볼수가있음,0,0,긍정,임대·대출우대 등 부가 기능,,유지,UgzOYtGEwDk0fS3O_w14AaABAg
2026-09-14 21:54,A와 B중 사람들은 B가 더 좋아라고 말하는 사람이 증가한다는 것인데...  개인적인 기준으로 꾸준한 A가 혜택볼 수 있게 설계해야 하는거 아닌가 라는 의문이 드네요. 일희일비에 흔들리지 않게,0,0,양가,제도 불공정,,,UgytxHm6Jvq1XW0p6Bp4AaABAg
2026-09-14 21:51,국개의원놈들은 우리가 집을 가지던 말던 전혀 상관안합니다,0,0,해당 없음,정부·정치 불신,,,UgzHuaMXsdrqXEW-W4h4AaABAg
2026-09-14 21:41,지방 3억 초중반대 대단지아파트는요?,0,0,양가,"분양가·집값 부담, 수도권 집중·지방·인구",,,Ugx3VBDXaXyKBKrzuLt4AaABAg
2026-09-14 21:37,"서민들은 집이 없어서 쳥약하고 대출받고 난리를 쳐도 집 하나 살까말까, 신축 아파트 공실 기사는 계속 나오고 정부는 대출규제하고 청약규제하고 다들 뭐하는건지 모르겠는데",0,0,부정,"분양가·집값 부담, 대출규제·자금조달, 정부·정치 불신",,,UgxgF_gIPwWMyj8doh94AaABAg
2026-09-14 21:20,"당첨 = 목돈부족, 대출불가, 당첨취소, 기회박탈",0,0,부정,"대출규제·자금조달, 가점·당첨확률",,,Ugyo38U7Xagvf-rVi_B4AaABAg
2026-09-14 21:19,2년전부터 모든 적금통장 다 깨고 달러로 환전후 미국주식 하고있습니다 ㅎㅎ,0,0,해당 없음,,,,UgxQRGBBhd_kI_epdYV4AaABAg
2026-09-14 21:05,농협 청약통장에 2만원 있음 투자 안하길 잘 한듯,0,0,양가,,,,Ugz9OQWy30kiZQ7cVn94AaABAg
2026-09-14 20:32,오늘 청약 해지하고 아싸 꽁돈~ 하고있었는데 현실 팩폭 하지말라고,0,0,부정,,,해지,UgwZ0kf8m_2FGscATZZ4AaABAg
2026-09-14 20:22,이 미친 정책은 빨리 폐기해라,0,0,부정,"제도 불공정, 정부·정치 불신",,,Ugw9rdYWnqIkLSTH2k14AaABAg
2026-09-14 20:13,청약통장 서울 아니면 의미 없다고 생각함지방이나 경기도 외곽 보면 미분양 넘쳐남,0,0,부정,수도권 집중·지방·인구,,,UgxmNC4PawgV0b0M_fh4AaABAg
2026-09-14 20:12,"굳이  돈 놀이 하는. 것들에. 희생양이.  굳이. 또 서울 인천. 살 필요가.   편하게. 살 라고 하니. 나락을.  가니. ..
처등. 나와도.  어촌. 에서 연 2억. 벌면서. 나누리고 여행. 잘다니는데.  굳이. 대학 나와서 나락을 가는것이",0,0,해당 없음,,,,UgxeWZJe7W6GsPKLUad4AaABAg
2026-09-14 20:03,이번정권이 중산층으로 올라가는 사다리 확실하게 끉어버림,0,0,부정,정부·정치 불신,,,UgzlVndxhKiyM0RJ24R4AaABAg
2026-09-14 20:01,"그래도 집 없음 들고 있긴해야됨
중간에 그돈으로 주식, ETF한다는애 있는데 개멍청한 소리임",0,0,긍정,대체 투자·낮은 금리,,유지,UgzP2EtoDN0FOkFVPgV4AaABAg
2026-09-15 14:21,10년전만해도 청약되면 로또였음 1억정도 넣으면 사자마자 4억에서 5억정도였으니 지금은? 분양가랑 청약가랑 똑같음 굳이 청약을 할 이유가 없다~ 그렇다고 당첨되면 돈버는 로또 청약은? 투기과열로 대출규제다~~ 답이없쥬? 청약시스템도 개선을 하긴 해야됩니다,0,0,부정,"분양가·집값 부담, 대출규제·자금조달, 제도 불공정",,,Ugy8R5Z-V1xL_OOW4IB4AaABAg
2026-09-14 19:51,고소득이 많구나 ㄷㄷ 난 월 250버는데 ㄷㄷ 청약통장 있음 금리 낮춰주는데 그게 별로인가??,0,0,양가,대체 투자·낮은 금리,,,Ugxq0xtBWQoJRtmXmV14AaABAg
2026-09-14 19:47,집이 있어야 결혼하는데 결혼해야 당첨확률이 생기는 웃긴 구조 ㅋㅋㅋㅋㅋ,0,0,부정,가점·당첨확률,,,Ugy_Ddp8XrN_9KOQ5RZ4AaABAg
2026-09-14 19:47,"비현실적인 주택가격....가진자가 투자하면 계속 자산이 불어나 재투자로
자산이 늘어나지만
스스로 벌어서 생활하는 서민은 집한채가 평생의 꿈.......

삶의 기반이 집인데 그 기반을 마련하는데 평생을 바쳐야 
한다면 인생 그 자체가 지옥아닌가?",0,0,부정,분양가·집값 부담,,,UgylUVr-geYuH6JB2nF4AaABAg
2026-09-14 19:36,ㅋㅋㅋㅋㅋ그냥 은행 배불리기,0,0,해당 없음,,,,Ugw2ywES7nMzHMMimxp4AaABAg
2026-09-14 19:32,"사전청약 당첨됐던 집이 분양가 3억후반에서 코로나로 공사일정 지연되는 동안 4억이상으로 스타트해버려서... 이대로 가다간 5억찍겠다 싶어서 포기
결국 적당한 구축 매매함... 청약통장은 그저 디딤돌대출 금리 인하용 ㅠㅠ",0,0,양가,"분양가·집값 부담, 임대·대출우대 등 부가 기능",상승,,UgxR10AurRLTmEQUPTp4AaABAg
2026-09-14 19:03,점수도 만점나오려면 온가족 다 끌어안고 좁은 집에서 ㅁ몇십년 살아야는데 이것도 의문이다..,0,0,부정,"가점·당첨확률, 제도 불공정",,,UgxDojRXWdPukayPXdZ4AaABAg
2026-09-14 18:56,"나 13살 때 이혼하시고 청약 통장에 매달 50만원 씩, 허리띠 졸라메고 날 성인으로 키우신 엄마... 그 덕분에 돈 없던 설움에서 벗어나 내 집을 갖게 되셨지... 정말 고마워요. 계속 효도할게요...",0,0,긍정,,,유지,UgzoAYTsVdvy36uoY894AaABAg
2026-09-14 18:30,당첨되어도 가질수 없다..,0,0,부정,분양가·집값 부담,,,Ugx3u9QfpdiVbvOcWk54AaABAg
2026-09-14 18:17,정부의 최대 실책,0,0,부정,정부·정치 불신,,,UgyyUxE0WOOhlOPzcxN4AaABAg
2026-09-14 18:11,얼마나 심각한 사태인지 아직 그들은 깨닫지 못하고 있다,0,0,부정,정부·정치 불신,,,Ugw9FlOOj3UNxPBWwJt4AaABAg
2026-09-14 18:09,ㅋㅋㅋ 여기서도 세대갈등이냐 ㅉㅉㅉ 에효,0,0,해당 없음,정부·정치 불신,,,UgxNHVCBtyJ0i_MZnp94AaABAg
2026-09-14 18:03,"급격한 경제성장으로 제도가 현실을 따라가지 못하고 한세대만에 선진국 대열에 오르니 그 세대가 제도적 보완점을 어떻게 구상해야하는지 배우지 못한상태에서 선진국 제도 복붙 느낌으로 시스템을 구축해놓으니 한국 실정이랑 안맞아서 부작용이 계속 나오는것

안정적인 제도가 구축되려면 두세대 정도는 지나야 가능할듯 그마저도 가능할까싶지만..",0,0,부정,"제도 불공정, 정부·정치 불신",,,UgxCpzWco51LBRvCsS14AaABAg
2026-09-14 18:01,딱 이런영상이 분열시키기 딱좋은 주제거든 누가보면 윤석렬때 이명박근혜때는 청년들한테 집을 퍼다준지알겠네,0,0,해당 없음,정부·정치 불신,,,UgyYR4Xj5yPmBW6CM6R4AaABAg
2026-09-14 17:57,청약은 기득권자들이 만든 합법적 도둑질이다. 더러운세상,0,0,부정,제도 불공정,,,UgxDQzK09GfoPn5VKEZ4AaABAg
2026-09-14 19:56,대출규제가 싹다 망쳤지 낟 해지 할까하니까 이게 뜨네 해지하러간다,0,0,부정,대출규제·자금조달,,해지,Ugz-gaKX_KwQUv0iiMF4AaABAg
2026-09-15 03:40,"서울 아파트는 부모의 인생 목표이었지만, 나는 아니다.",0,0,해당 없음,,,,UgzZP6DHMz7wDiAd88B4AaABAg
2026-09-15 03:16,"2~30대 중위 연봉이 3~4천 이러는데 수도권 좀 좋은 위치다 싶은 것들은 죄다 20억대부터 시작임
연봉만 기준으로 할때 4~50년을 안쓰고 모아야 겨우 분양 받을 가격인데 미래가 보이겠냐고
해결방법은 누구나 알고 있지만 절대로 시행안하고 밑빠진 독에 물만 쳐붓는데 해결이 되겠냐",0,0,부정,"분양가·집값 부담, 대출규제·자금조달, 제도 불공정",하락,,Ugw0VeIqj4W4pVmVlR14AaABAg
2026-09-15 03:08,"부부 합산소득 1억2천인데 집못삼 대출 6억 밖에 안되서 더더욱 안됨 거이 불가능수준임.. 서울 이라 못사는건맞는데 
서울아니고서는 직업을 못구함.. 그리고 전세사기를 없애라고 했지 전세를 없애 버림  그냥 빌라 월세 말고는 답없어보임",0,0,부정,"분양가·집값 부담, 대출규제·자금조달",하락,,UgzT9lZhYscFPYk5VS54AaABAg
2026-09-15 02:23,당첨되도 살돈없고 대출도안됨 그리고 혼자라 당첨가능성 희박 거기에 목돈모였을때 이자도없고 해지할때 다뜯어감 ㅇㅇ,0,0,부정,"분양가·집값 부담, 대출규제·자금조달, 가점·당첨확률",하락,해지,UgwCMbAS4bvzENtWy0t4AaABAg
2026-09-15 02:05,1인가구 당첨 가능성이 있기는 하냐?,0,0,양가,가점·당첨확률,,,UgxyiPo7tlu1lapJEkp4AaABAg
2026-09-15 02:05,분양가가 말이안되는데 ㅋㅋㅋㅋㅋㅋ,0,0,부정,분양가·집값 부담,,,UgxgH-TX7RxLjDEyujt4AaABAg
2026-09-15 01:55,"이게 옳게 된 방향 아닌가요?
능력도 없는데 로또라고 다 청약하는게 잘못된거",0,0,양가,제도 불공정,,,UgyZh6GjR1gRWDwQ4i14AaABAg
2026-09-15 01:48,청약으로 돈버는 시대가 안되니 그만둬야지 돈도 없고 대출도 힘들고,0,0,부정,"분양가·집값 부담, 대출규제·자금조달",하락,,UgxdRC9SXOyHOF9zT5N4AaABAg
2026-09-15 01:46,청년들은 월급받고살면 그냥 월세살아야합니다 집값 지방도 너무비싸요 솔직히 월 200~400받는사람들이 대다수일텐데 이돈가지고 몇억짜리집을 어떻게삽니까?? 집이부유하지않는이상 젊은나이층에서 집사는건 정말 극소수겠죠  대출이나온다해도 몇억갚을려면 몇년이나걸리나요 ㅋㅋㅋㅋ  이렇게말하면 싼집도 많다 이러는 사람들도있을텐데 누가모르나요 다 좋은집살고싶지 다무너져가는집 내돈주고 구매하고싶진않겠죠,0,0,부정,"분양가·집값 부담, 대출규제·자금조달, 수도권 집중·지방·인구",하락,,UgyDT4gJR3Mp8VsBRkd4AaABAg
2026-09-15 01:40,"난 청약을 넣지도 않았다ㅋㅋ 당첨이 되면 뭐해 돈이 없어서 사질 못하는데  청약이라는 시스템을 처음 알게됐을때 
저 생각을 하고 아예 들지도 않았음ㅋㅋㅋ",0,0,양가,분양가·집값 부담,,,UgxBvQxU3trbxoxSwoR4AaABAg
2026-09-15 01:38,부자들이 더 해쳐 먹겠다는 심보,0,0,부정,"제도 불공정, 정부·정치 불신",,,UgzBGO4T4ZTsanJoA_x4AaABAg
2026-09-15 01:08,"저소득층, 다둥이가족이 당첨가능인데 정작 그들중 돈있는사람이 들어갈수있는 뜨거운아이스아메리카노같은 존재..",0,0,부정,제도 불공정,,,UgyUWPM57ZCjaiOTxcd4AaABAg
2026-09-15 00:56,돈은 돈으로 버는겁니다. 2년 3년이라는 시간동안 돈을 얼마든지 크게 불릴 수 잇답니다.2년 기다려서 500 받을거 다른방법으로는 천만.1억도 만들수잇음 ㅇㅇ,0,0,해당 없음,대체 투자·낮은 금리,,,UgxQi5pZNnPucxxxcqV4AaABAg
2026-09-15 00:48,소득 조건이랑  분양가랑 존나 언밸란스 라니까 ??,0,0,부정,"분양가·집값 부담, 제도 불공정",,,Ugx8adeMHEcG2QHVHDt4AaABAg
2026-09-14 22:12,집값이 비정상적으로 너무 높음 애초에 대출이 문제였음 집값오르고 대출하고 집값오르고 대출하고 이젠 불가능해졌음 그냥 전쟁나고 리셋되지 않는이상..아니면 인구가 완전 소멸해서 아에 집이 필요없어질정도가 되야함,0,0,부정,"분양가·집값 부담, 대출규제·자금조달, 정부·정치 불신",,,Ugyz7lfUTJC3FVSb2S54AaABAg
2026-09-15 00:15,"일찍이 청약 통장 담보대출 받아서 주식함. 정책이 또 언제 오래된 청약 통장 가치 올려치는걸로 바뀔지 모르기 때문에 해지는 안했고, 주식 떨어져서 빡치긴 하지만 투자 공부 값이라 여겨서 후회는 없음!",0,0,긍정,"대체 투자·낮은 금리, 임대·대출우대 등 부가 기능",,유지,UgwSrAV7FwPLxtQDXF14AaABAg
2026-09-14 23:32,흥미로운 건 청약에 넣는 돈 자체도 세액공제가 아니라 소득공제라서 고소득자에게 유리함 ㅋㅋㅋㅋㅋㅋ 고소득자는 들지 않을 이유가 없음...,0,0,부정,"제도 불공정, 임대·대출우대 등 부가 기능",,,UgyiT2X12fDZk_g0Nkt4AaABAg
2026-09-14 23:30,궁금한게 외국인은 대출규제 잇음?,0,0,양가,대출규제·자금조달,,,UgwDNGVOEmeUI2ePaFN4AaABAg
2026-09-14 23:24,내가 살집 하나쯤은 없다 서울이면 절대 없고 경기도권이면 평범한직장에서 20년은 넘게.일해야 못갚고 지방은 글쎄 그냥 5초보고 끈다 그래서,0,0,부정,"분양가·집값 부담, 대출규제·자금조달, 수도권 집중·지방·인구",하락,,Ugzf0HWQsnhsYXC8MYF4AaABAg
2026-09-14 23:24,"7~8년전이었나... 지방에 LH 신축 청약 됐었는데 분양가가 2억 3천이었음....여기에 아파트 옵션 좀 넣고 하면 2억 5천...공급이 21평형이었나?24였고 실평수는 18평짜리...분양가 2~30% 내고 나머지 대출한다고 해도 매달 150만원가량 나가는게 너무 부담스러워서 그냥 포기하고,현실 깨닫고 청약도 해지함. 지금은 구축 1억 2천짜리 리모델링 한 아파트 사서 살고 있는데 그 때 안 들어가고 구축 매입해서 사는거 진짜 선택 잘 한 느낌임.
너무 새 집만 찾아 다니지마시고,내 형편 맞게 리모델링 구축도 나쁘지 않다는거  아셨음 좋겠네요.",0,0,부정,"분양가·집값 부담, 대출규제·자금조달",,해지,UgyC92ZFMIbo4SoDAzB4AaABAg
2026-09-14 23:18,이렇게 다들 해지하면 또 반대로 남는놈이 승자가될때가있더라 ㅋㅋㅋ 세상 아이러니해,0,0,해당 없음,,,,UgyBYRfAXgXUmsE7DpZ4AaABAg
2026-09-14 23:17,애 낳아서 17살 까지 키우면 아버지 어머니 한테 1억씩 총 2억 주는 정책 만들어라 바로 올라간다,0,0,해당 없음,제도 불공정,,,Ugz_Mzrkx167ABJssop4AaABAg
2026-09-14 23:05,"요새는 대부분 10년 넘게 박아서 당첨 확률도 낮은데 
당첨돼도 대출도 안되는데 수 억을 어디서 찾아 
그 돈이 있었음 그냥 빌라나 안 비싼 아파트를 들어갔지 
고액 아파트 살 돈이 있을 정도면 청약 없어도 됨",0,0,부정,"분양가·집값 부담, 대출규제·자금조달, 가점·당첨확률",,,UgxIcpn3oVU5EvwpwUF4AaABAg
2026-09-14 22:53,난 어차피 2만원씩 넣는거라 30년후에도 당첨될일 희박해서 적금식으로 넣어야지 ㅋㅋㅋㅋㅋ,0,0,부정,가점·당첨확률,,,UgwyHYP5gT6BzeaZ4cp4AaABAg
2026-09-14 22:49,"된다 해도 수원 지방자락도 지금 국평 분양 받으려면 개 싸야 10억임....

아니 걍 25평 따리 분양받으려고 해도 지금 8억대가 넘어가는데 저걸 어떻게 분양받냐 ㅋㅋㅋㅋㅋㅋㅋㅋㅋㅋㅋㅋㅋㅋㅋㅋㅋ

민주당 찍어놔서 대출다 규제 때려놧는데 해지하는게 맞지 ㅋㅋㅋ

아....다 해지할때 유지해 놔야 나중에 국힘 정권 바뀌었을때 써먹을 수 있을거임",0,0,부정,"분양가·집값 부담, 대출규제·자금조달, 정부·정치 불신",,해지,UgwyrQ1L8S7FoE2PLmN4AaABAg
2026-09-14 22:47,해지하지들 마시오 신생아특례대출받을때 청약통장 보유기간에따라 우대금리 적용 가능합니다.,0,0,긍정,임대·대출우대 등 부가 기능,,유지,UgyRo4t3IRb9gHdux8V4AaABAg
2026-09-14 22:34,"걍 저 청약제도는 국민 연봉 수익 상위10%만 모집해야 한다!!아무런 의미가 없는 제도입니다.이제는 청약제도 손봐야 합니다.의사,변호사,판사,고소득사업수익자들만 모아서 청약제도 운영해야 하지 서민 한테는 아무런 필요가 없어요.",0,0,부정,제도 불공정,,,Ugwd1ZxdJLNYW4ucas54AaABAg
2026-09-14 22:30,통계 나왔는데 자금조달 55% 이상이 부모 지원입니다 ㅎㅎ,0,0,양가,,,,Ugwpaaeh53C6Kkxq3iR4AaABAg
2026-09-14 22:26,인생한번뿐인데 왜 집하나 사서 노예자처함?,0,0,부정,분양가·집값 부담,,,UgwOWJ-T7cRoHsP2K0h4AaABAg
2026-09-15 00:27,10년뒤에 틀니들 다 임종하면 빈집 넘치는데  😂 지금 아득바득?? 왜??,0,0,해당 없음,수도권 집중·지방·인구,,,UgzbTUNvB8SsGw_zM1d4AaABAg
2026-09-14 11:59,애초에 청약당첨되서 들어가는사람들이 집에서 도와주니 돈있어서 결혼하고 애있고 집도 집에서 해주는 사람들인데 청약까지 당첨시켜주니 있는놈들이 더버는 세상이지,0,0,부정,제도 불공정,,,UgxQwTmQaPgKNBeVr-x4AaABAg
2026-09-14 11:56,"근데 저거 만점가까이 나올라면
나이 45에 자식들도 있어야는데
그럼 금수저들 꼼수부리지는 못하겠네",0,0,부정,제도 불공정,,,UgwCUczZBl_fVBTC2xF4AaABAg
2026-09-14 11:53,결혼 출산율 내려가고 이민자들 들어오겠지,0,0,해당 없음,,,,UgxBzYKq64GVhoK8crV4AaABAg
2026-09-14 11:52,국민은 중국산먹고 재벌은 국내산 먹고 나라가 진짜 잘사는사람만 잘사는나라,0,0,해당 없음,,,,UgwlXDh7lAyspkG5wzx4AaABAg
2026-09-14 11:30,드디어 당첨!! 입성! 와 천장  누수 덤탱이 부실공사 당첨!,0,0,긍정,신축 품질·하자,,,Ugzzi_MBnjrql77i-al4AaABAg
2026-09-14 11:27,그냥 그만큼 먹고살기 힘들어진거지 뭐..,0,0,해당 없음,,,,UgyS3BIQdNejwznWIih4AaABAg
2026-09-14 11:24,미분양도 엄청 많아.,0,0,해당 없음,,,,Ugz9uQx-aLIc6KHGs-d4AaABAg
2026-09-14 11:22,청약 13년 넣었는데 뭐 당첨 하나도 안돼서 그냥 뺐음,0,0,부정,가점·당첨확률,,해지,UgwDMNVLVUKQwKu1pQl4AaABAg
2026-09-14 11:21,결국엔 정부가 청년들 내집마련을 막고 전월세 살게 하는데 다주택자 규제로 전월세도 폭등시켜버림ㅋㅋㅋㅋ정확히 의도한대로 국민들 살기 힘들게 만듦,0,0,부정,"제도 불공정, 정부·정치 불신",,,UgwfEEGs4KLkeaDVUYZ4AaABAg
2026-09-14 11:20,청약 통장 이자율 써져 있는 건 도대체 언제 줌?,0,0,양가,대체 투자·낮은 금리,,,UgzNDLSclE76b_g75s14AaABAg
2026-09-14 11:07,그냥 적금 통장일뿐 ㅋ,0,0,양가,대체 투자·낮은 금리,,,Ugw-hlgLlHii9wUIyo14AaABAg
2026-09-14 11:03,"근데 왜 지방을 지역 이라고 해요??
지방이란 단어가 차별적 단어에요?",0,0,해당 없음,,,,UgzvSsy1m_a_jQYF4-V4AaABAg
2026-09-14 10:56,우리끼리 싸울 필요 없다,0,0,해당 없음,,,,UgzcITFg6AiF-BvX7854AaABAg
2026-09-14 10:48,저돈내고 외딴곳+하자투성이 살바에 그냥 인프라 다 갖춰진 잘지어진 구축사는게 훨 낫지,0,0,해당 없음,,,,UgzsVPoV5wKiIIe51QB4AaABAg
2026-09-14 17:55,나는 대출해주던데 뭐지,0,0,양가,대출규제·자금조달,,,UgzN9zeTl4OpBwCUCMp4AaABAg
2026-09-14 10:27,점수 낮아서 어짜피 안되는데 당첨되도 ㅈㄴ비싸고 지금짓는집들 하자생각하면 스트레스 개오짐...,0,0,부정,"분양가·집값 부담, 가점·당첨확률, 신축 품질·하자",,,Ugzwhu4BAFZ-3mDHlnJ4AaABAg
2026-09-14 10:20,청약통장 금리를 대출금리 수준으로 올려라,0,0,양가,대체 투자·낮은 금리,,,Ugw3YYH6qQTwKVN5iid4AaABAg
2026-09-14 09:35,"저는 가점제가 잘못이 크다고 생각해요. 청약 통장은 청약할 권리를 부여 하는 딱 순수하고 단순한 기능만 했었어야 할 것 같습니다. 가점제의 목적은 좋았겠으나 복잡할수록 갈등은 늘고, 효과는 여전히 비확정적인 순번에 그치는지라, 비용편익이 나쁘다고 생각하거든요. 이제 본격적으로 그 비용을 갚을 시기가 왔나보네요.",0,0,부정,"가점·당첨확률, 제도 불공정",,,UgxcgSbm51csJUutG-h4AaABAg
2026-09-14 09:27,"대출 금리 우대 받는것도 있는데😢
최저로 하고 남겨두시지😢😢",0,0,양가,임대·대출우대 등 부가 기능,,,UgzA2z5Sfl76zp6iNkN4AaABAg
2026-09-14 09:07,결혼해도 애 없으면 의미없음. 애도 하나 말고 한 둘셋은 있어야 의미있음,0,0,해당 없음,,,,UgzOXh9NuKwt820TJ594AaABAg
2026-09-14 09:05,"민주당과 이재명대통령님이 한짓을 보면
....",0,0,해당 없음,정부·정치 불신,,,UgxNL68O2-wfLKV8pBV4AaABAg
2026-09-14 08:52,"당첨되셨습니다~~~  40억 아파트
??:살수있으면 사보세요~~",0,0,긍정,,,,Ugw5Ki7Lrg_ZfHOjPMt4AaABAg
2026-09-14 08:51,그돈 그냥 미장 voo에 1년 처박아두면 최소 10%먹음,0,0,부정,대체 투자·낮은 금리,,,UgyAnqMBVbU5aA6sW3l4AaABAg
2026-09-14 08:46,나도 3천 쌓였는데 이거 모하러 갖고 있나 싶음....,0,0,양가,대체 투자·낮은 금리,,,UgzOXhhl6OfpFEsvA094AaABAg
2026-09-14 08:40,청약통장 해지해야하나 주택도시기금은 또뭐냐,0,0,양가,,,해지,UgwhLpt6vE_av8Rhgfl4AaABAg
2026-09-14 08:39,이미 3년전에 깨고 내 돈으로 집 샀습니다.,0,0,긍정,분양가·집값 부담,,해지,UgxgDBLWsyAzB_mledZ4AaABAg
2026-09-14 08:34,청약은 대출받을때 금리 낮출라고 유지하는거 아님? ㅋㅋㅋㅋ,0,0,부정,임대·대출우대 등 부가 기능,,,UgwussvuA_Dwv-AM4VZ4AaABAg
2026-09-14 08:34,당첨되어봤자 못들감..,0,0,부정,분양가·집값 부담,,,UgzQcGKUGF4bfANSAzF4AaABAg
2026-09-14 08:34,청약 아까워서 비상금을 청약 담보 대출 쓰면 돈도 묶여 이자도 뺐겨 최악의 통장 무쓸모 통장 당첨되면 분양가 높아서 여기저기 또 빌리고 대출받아야됨 결국 집 포기 OR 은행에 뺏기거나 똥값 매매,0,0,부정,"분양가·집값 부담, 대출규제·자금조달, 가점·당첨확률, 대체 투자·낮은 금리, 임대·대출우대 등 부가 기능",,,UgziUQNXEXn4LhTr3814AaABAg
2026-09-14 10:35,"ㅋㅋㅋ공공분양 기준
ㅈ같은 아파트 주는데

그거도 뭐 맨날 전월세살이만 한 58세 자녀4명 김춘배씨같은 사람들이 당첨되니
젊은 사람 입장에서 조또 할 필요가 없음ㅋㅋㅋㅋㅋㅋㅋㅋㅋ

심지어 비과세나 혜택 등은 더 줄여서
그냥 한달에 2만원 파킹해놓으면 끝인 통장된거지",0,0,부정,"제도 불공정, 정부·정치 불신",,,UgwwKHQSc2OroF3y4kl4AaABAg
2026-09-14 17:54,솔직히 청약 깨서 그 돈으로 주식 태웠잖아 !! 그걸 무슨 세대 탓 ~ 정부 탓 ~ 하고 있어 ㅋㅋㅋ,0,0,양가,대체 투자·낮은 금리,,해지,UgzjYxtkRa2b46Gfa4l4AaABAg
2026-09-14 17:44,이 영상이나 댓글만 보고 잘못된 판단 하지 마시고 내가 잃는 것과 얻는 것 정확히 알아보시고 판단하세요. 댓글들이 특히 한 쪽 방향으로 치우쳐있네요.,0,0,해당 없음,,,,Ugwe9GJZkNdUHw2fU5B4AaABAg
2026-09-14 17:43,"난 유지한다. 

1. 한 달 2만원 밖에 안함. 그냥 저축 포트폴리오중 하나라고 생각하면 됨. 
2. 횟수 많다면 해지하기 아까움. 정부 바뀌면 어떻게 될지 모름. 
3. 정 급전 필요하면 담보대출 받으면 됨",0,0,긍정,임대·대출우대 등 부가 기능,,유지,Ugy7BlWz-mb82xT-XZl4AaABAg
2026-09-14 17:42,이제는 뭐가 정답인지 알 수도 없게 된 것 같네...,0,0,해당 없음,,,,Ugz8mUmpLE7MrOGwKqF4AaABAg
2026-09-14 17:42,그래도 사람 일은 모르는거니 넣고는 있다.. 최소한만 넣긴함.,0,0,긍정,,,유지,Ugw5ANpd9Y3CDEaA_Cx4AaABAg
2026-09-14 17:38,그냥 지금 청약통장 용도는 청약대출 하나밖에 없지않나 근데 그마저도 이자율 옛만큼 싼것도 아니고,0,0,양가,대출규제·자금조달,,,UgwNZu_oxzpU-3_cDt54AaABAg
2026-09-14 17:20,전문가라는 작자가 10억이 20억? 기본 변두리도  5억분양도 투자가치도 없어보여 못하는데 뭔 10억 20억 소리하고 자빠졌네.청약통장 가진사람들이 다 강남권 사람들인줄 아나,0,0,부정,"분양가·집값 부담, 제도 불공정",,,Ugypk3Bdzh6VQlb-JHZ4AaABAg
2026-09-14 17:13,분양가 점점비싸지고 대출은 규제ㄱㅋㅋㅋㅋㅋ 걍 해지하라고 정부가만드는중,0,0,부정,"분양가·집값 부담, 대출규제·자금조달",,해지,UgyDAszUcKL2lAf6UGF4AaABAg
2026-09-14 16:57,"소액이니까 그냥 적금넣는다 생각하는데..
어차피 없어지는것도 아니고
주식은 손실만 보고..😢",0,0,양가,대체 투자·낮은 금리,,,UgwEFGbIYKpVWGoL4pp4AaABAg
2026-09-14 16:29,찢차차~!,0,0,해당 없음,,,,Ugyc3Xrmzheiq4H5vtp4AaABAg
2026-09-14 15:58,그냥 신용대출 우대금리때매 유지함....,0,0,긍정,"대출규제·자금조달, 임대·대출우대 등 부가 기능",,유지,UgwtRLvqh2Z2p5OIu4B4AaABAg
2026-09-14 15:54,청약통장 너는 그냥 이자불리기용이야 그이상도 이하도 아님,0,0,양가,대체 투자·낮은 금리,,,UgzZ_jr922jTAeCH0_h4AaABAg
2026-09-14 15:40,2010년부터 부었는데 진짜 계륵이 따로없음..,0,0,부정,,,,UgxddYv3tbQAwCaFpmJ4AaABAg
2026-09-14 15:35,대출이 안되는데 당첨되도 무의미,0,0,부정,"대출규제·자금조달, 가점·당첨확률",,,Ugxy6ZkhPVmqvTFibA14AaABAg
2026-09-14 12:07,"1인가구 불리함
3인가구 불리함
4인가구 도박
5인가구 이미 텅장

걍 개답없음
유지하는게 호구임 ㅋㅋㅋㅋㅋㅋㅋㅋㅋㅋ진짜",0,0,부정,제도 불공정,,,UgxOOH_w6CjjVswHE2h4AaABAg
2026-09-14 15:24,대 재 명,0,0,해당 없음,,,,Ugz_3qwX8Tiwj9yl3gB4AaABAg
2026-09-14 14:32,신축아니라도 빈집 많고 매매 많다,0,0,해당 없음,,,,UgyILfQ44ewCmI-89154AaABAg
2026-09-14 14:24,해지하고 QLD를 더 모아야겠다!,0,0,부정,대체 투자·낮은 금리,,해지,Ugz1rnlOOrPSGijA-Kp4AaABAg
2026-09-14 14:23,난 가산점 높아도 안되던데,0,0,부정,가점·당첨확률,,,UgwwQl_c43uSyjC8y8B4AaABAg
2026-09-14 14:17,나라 말아먹는거 쉽네 진짜,0,0,해당 없음,정부·정치 불신,,,Ugz6tGxEcNMKHWZyPgZ4AaABAg
2026-09-14 14:14,ㅋㅋㅋㅋㅋㅋㅋㅋㅋ 계약금부터 내기가 힘든데 당첨이 백날 되면 뭐함 ㅋㅋㅋㅋㅋ,0,0,부정,분양가·집값 부담,,,UgwLIARgRu5aMjue1Dt4AaABAg
2026-09-14 14:08,나도  주택청약  2천만원  모였던데  해지햇음 ..,0,0,부정,,,해지,UgzUu6G1hoS7Y-DrlMB4AaABAg
2026-09-14 13:54,집 좀 사고 싶다,0,0,해당 없음,,,,UgwjMFla06OMLTqEZ1h4AaABAg
2026-09-14 13:54,어찻피 당첨되도 들어갈 돈 없어서 해지했음. 현실은 집 구하기 쉽지 않음. 이러다 진짜 집 없이 사는 텐트족 같은거 나오는거아닌까 싶음,0,0,부정,"분양가·집값 부담, 가점·당첨확률",,해지,Ugx2iIA6Fu37EJXJYX14AaABAg
2026-09-14 13:41,시ㅂ 무조건 가족 많으면 아파트가 필요한건가? 가족 부양 적은 사람은 아파트 가질 점수부터 적게주는게 제일 개 빡치는거라고,0,0,부정,제도 불공정,,,UgwTQe3dQ3KgHbtcNR14AaABAg
2026-09-14 13:13,해지할 사람 해지하고 나면 제도 개선 나올듯,0,0,양가,,,,Ugw13vzvK0GD2hcK_UR4AaABAg
2026-09-14 13:02,대출 없고 자금도 있지만 가치성 대비 너무 비싸서 해지는 안해도 때는 아니다,0,0,부정,분양가·집값 부담,,,UgwSIa0T8Gie2UQuPgJ4AaABAg
2026-09-14 12:43,3:14 지방은 그렇구나...!,0,0,해당 없음,수도권 집중·지방·인구,,,UgwvbzWTW6XYBCEH-YZ4AaABAg
2026-09-14 12:26,정책 또 바뀌면 청약깼는데!!!! 하는사람들 넘쳐나겠구만 ㅎ 얼마 하도않는거 그냥 냅두지,0,0,부정,정부·정치 불신,,,UgxaWnCTM5r9wQsqMkx4AaABAg
2026-09-14 12:19,훠~,0,0,해당 없음,,,,UgwgexQHtd7-__SrSZ54AaABAg
2026-09-14 15:34,"개인의 선택임 1)시세대비 60%정도 가격에 새집을 들어가서 거주하면서 대출상환을 하는 방법 2) 부동산경매 등을 통해 시세대비 60%정도 되는 금액으로 낙찰받아서 살거나(60%이하 가격에 낙찰 + 무주택자 경락잔금대출까지 잘 이용하면 30%가격에도 매입 가능)
3) 청년임대주택 살면서 다른 자산군에 투자하면서 살거나.",0,0,양가,"분양가·집값 부담, 대체 투자·낮은 금리, 임대·대출우대 등 부가 기능",,,UgzTQX6hp6nzODk1gxB4AaABAg
2026-09-15 11:51,돈도 없고...조건도 안되고..😢,0,0,부정,"분양가·집값 부담, 대출규제·자금조달",,,UgwQnGbMSo9I_Mw1Vpd4AaABAg
2026-09-15 11:47,"난 저거 몇년전에 깨서 고기 사먹고 부모님 여행 보내줘는데 .. 
1인가구는 무쓸모임 유지 할 이유가 1도 없심",0,0,부정,대체 투자·낮은 금리,,해지,UgzXNP7XxcR84OUSPQ14AaABAg
2026-09-15 11:43,"부동산 가격을 더 내려라 
대출은 얼마 안해주면서 집값은 5억 10억이야 ㅋㅋㅋㅋㅋ 지금보다 반이상은 더 내려야한다",0,0,부정,"분양가·집값 부담, 대출규제·자금조달",,,UgwNPTICF6qZ3ySHy514AaABAg
2026-09-15 11:36,당첨 -> 계약금 개비싼데 돈 없음 -> 대출 안됨 -> 와중에 계약 했다 쳐도 공사수준 개 꾸데기임,0,0,부정,"분양가·집값 부담, 대출규제·자금조달, 신축 품질·하자",,,UgyjKguYiDhmFM68LeV4AaABAg
2026-09-15 11:33,"평수 작은 빌라는
애초에 기초수급자나 차상위말고는
2,3순위는 아무리 신청해도 거의 불가능
아파트는 신혼부부, 신생아 특공도 빡심
청약은 세액 공제 아니고 소득 공제임
본인이 소득 구간 애매하게 넘어가서 이걸로 소득공제 하면 구간이 내려간다 또는 기초수급자, 차상위계층 / 신혼부부, 신생아 있는 집이면 300~1500만원정도 선택으로 넣은 후 납입 끊고 유지가 맞는거 같고 아무것도 해당 안되면 300 채우고 납입을 멈추든가 그냥 안넣어도 무방해보임",0,0,양가,"제도 불공정, 임대·대출우대 등 부가 기능",,해지,UgzndkmBORBSSuSTVht4AaABAg
2026-09-15 11:31,"그니까 결혼을 해야 점수가 올라가서 집을 구매가능한 기회가 높아지는데
집이 있어야 결혼을 할수있다고?",0,0,양가,가점·당첨확률,,,Ugwaj-aCdkuCo_kXWZV4AaABAg
2026-09-15 11:30,지방은 좋은 위치는 아파트가 안들어오고 다 외곽이니까 따로 청약할 이유가 없지,0,0,해당 없음,수도권 집중·지방·인구,,,UgwIb9rzWG3G0m_9zNd4AaABAg
2026-09-15 11:27,청약당첨되면머하노 집값이 개긋이비싼데 ㅋㅋㅋ,0,0,부정,분양가·집값 부담,,,UgxSxl27T8DvrKjLORx4AaABAg
2026-09-15 11:25,8인가구에 단한번도 내 집가져본적없고 청약들어놨으면 1순위인가요??,0,0,양가,가점·당첨확률,,,UgylC_NYNaad4bV1-G94AaABAg
2026-09-15 11:20,앵간이 비싸야지,0,0,해당 없음,분양가·집값 부담,,,UgwMofXUTPinB5Gfk8Z4AaABAg
2026-09-15 11:08,드럼통 : 이세상의 모든 사다리를 걷어 차주마.,0,0,해당 없음,,,,Ugw4ZuhjXscg01MJR8h4AaABAg
2026-09-15 11:03,장난질이지 옛날부터,0,0,해당 없음,,,,Ugxbnmp1WelPUJcNypJ4AaABAg
2026-09-15 11:02,다 떠나서 분양가가 말이 안된다고... 저흰 그냥 구축사서 리모델링 했습니다..^^ 청약포기.,0,0,부정,"분양가·집값 부담, 신축 품질·하자",,,UgzOshUZp4-uW6L9ggt4AaABAg
2026-09-15 10:59,몇십억에 파는걸 당첨까지 해?,0,0,부정,분양가·집값 부담,,,UgwIyZIVQhp7iCJNgPt4AaABAg
2026-09-15 03:46,"옛날에야 기본적으로 분양가가 집값보다 거의반값이었지
지금 지방은 주변 시세 3억대에 분양가가 5억이다 ㅋㅋㅋ",0,0,해당 없음,분양가·집값 부담,,,Ugwl_UuyhmGWcpneq954AaABAg
2026-09-15 10:45,결혼상대가 결혼후까지 집을 소유한 이력이 있었는지 잘 알아봐야합니다. 열심히 청약통장 모았어도 신혼특약안되서 그냥 집샀음요,0,0,양가,"가점·당첨확률, 임대·대출우대 등 부가 기능",,,UgzOXj3qB0vhnyzSCBx4AaABAg
2026-09-15 10:45,곳곳에 미분양 천지다,0,0,부정,"수도권 집중·지방·인구, 신축 품질·하자",,,Ugw3E2rCahQHBgltWCJ4AaABAg
2026-09-15 10:44,청약보다 그냥 줍줍이 더쌈 ㅋㅋㅋ,0,0,부정,대체 투자·낮은 금리,,,UgwPxLP9t-udA35_kgJ4AaABAg
2026-09-15 10:39,당첨되고 청약 다시 넣는중인데 그냥 적금이라 생각하고 넣는중ᆢ 나중에 정책이 또 바뀔수있기때문에,0,0,양가,임대·대출우대 등 부가 기능,,유지,Ugwmolv1tlT367kYzkZ4AaABAg
2026-09-15 10:34,국민 돈 다 없애고 중국을 위한 가짜통령때문이지 뭐,0,0,해당 없음,,,,Ugyr9kTB9mdJ9A0lHk14AaABAg
2026-09-15 10:33,청약가입한지 8년정도 됐는데 3만원씩만 넣다가 10만으로 바꾼지 3개월됨..1인 가구임. 자본이 넉넉한것도 아님. 이럴 경우엔 그냥 해지하는게 답이겠죠..? 넣어온 세월이 아까워서 괜히 쉽게 해지를 못하겠음ㅠ,0,0,양가,대출규제·자금조달,,해지,UgxB5hjiF3cJJLQHvw94AaABAg
2026-09-15 10:29,신혼부부 청약하면뭐해  2자녀이상되야 추첨에나 들어가다가  이제는 무슨 결혼 몇년이하만 가능하고.... 에효   신혼부부면 그냥 다 추첨으로 하든가.....  무슨 수십억짜리 청약된 연예인 얘기만 들리고   청약통장 안한다안해,0,0,부정,제도 불공정,,해지,Ugxi-_BiiK4U7j2Vyg54AaABAg
2026-09-15 10:28,미친척 하고 좀 부동산 잡아봐라 제발. 공급 많이 풀고. 시세 오른걸 팔 땐 구매가와 비교해서 불로소득 세금을 더 많이 떼고 하면 당장은 아니더라도 자연스럽게 낮아지겠지. 지금은 뭔 아파트 모임에서 집값 담합으로 올리고 꼴깝떨고 난리들인데 걔들 지지율 떨어질까봐 쫄고있지 말고 진짜 큰 변화와 결단이 필요하다..,0,0,부정,정부·정치 불신,,,Ugxd49gd3JBN02RG1Ct4AaABAg
2026-09-15 10:21,그래도 청약 꾸준히 들어놓으면 좋아요 나중에 60회 이상 넣어놨으면 대출 할인 받을 수 있어요! 결혼할때 혜택 봤네요,0,0,긍정,임대·대출우대 등 부가 기능,,유지,UgyTwvJUuxAbrmWZYlx4AaABAg
2026-09-15 10:14,도전할 만한 금액이어야 유지를 하던 말던 하지.,0,0,양가,,,,UgwexlDDpQXzGZWNP6Z4AaABAg
2026-09-15 10:12,"돈도그렇고
LH는 부실공사 여전하잖아 ㅋ",0,0,부정,신축 품질·하자,,,Ugymk_1v_DaVJzG9sMt4AaABAg
2026-09-15 10:12,궁금한데 분양가 상한제도로 인해서 동탄쪽만보더라도 분양가 6억대 간혹 보이던데 이건 할만하지않나요? 왜 10억 20억 분양 아파트를 노리는건가요..?,0,1,양가,분양가·집값 부담,,,Ugz-e7mq9V5KvJ05bQZ4AaABAg
2026-09-15 09:50,"정치인을 잘 뽑아야 하는 이유가 2020년대 들어 팡팡 터지는 중.
주택청약도 그렇고 국민연금도 그렇고..
정부의 대국민 사기극이었던 게지.",0,0,해당 없음,정부·정치 불신,,,UgyRY4qt_NtdWF54cYR4AaABAg
2026-09-15 09:45,대출제한을 걸고 지원도 아파트는 뺐는데 뭣하러 들어 ㅋㅋㅋ 폐버스에나 살라는거지,0,0,부정,"대출규제·자금조달, 제도 불공정",,,UgwiMpDJXc9oP4-ZHQ14AaABAg
2026-09-15 10:53,건설사 돈벌게 청약통장으로 돈땡겨 대출받아서 빚노예만들어 그동안 전세들어가서 있는 집주인들 자금만들어줘 아주 골수에 껍데기까지 다빨아먹어라 미래가 없다,0,0,부정,제도 불공정,,,UgxhgOi8LjcaJtmprQN4AaABAg
2026-09-15 14:18,청약할돈으로 etf나 배당주 사라 그게 집살수 있는 유일한 사다리임,0,0,긍정,대체 투자·낮은 금리,,,UgxmszDg-_KtqkFmh9N4AaABAg
2026-09-15 14:15,"오히려 지방에서는 청약 원가보다.
분양권 마피로 입주하는게 더 메리트 있음 ㅎ 동, 호수도 고를수 있고.",0,0,긍정,수도권 집중·지방·인구,,,UgxN9lJl25shjHHtm5J4AaABAg
2026-09-15 14:15,그러면 청약 계속 하는 게 나을까요 아니면 청약 모아둔 돈을 적금하는 게 나을까요...??,0,0,양가,대체 투자·낮은 금리,,,UgwHBSBYF-7Kz1ea8eF4AaABAg
2026-09-15 14:13,대출 100프로 무이자 안되겠지 ㅋ,0,0,양가,대출규제·자금조달,,,UgyJqyoMKDrl_H4FQMl4AaABAg
2026-09-15 14:02,난 참아야지 😢,0,0,양가,,,,UgynyTe7WiBZ-DPeeIh4AaABAg
2026-09-15 14:00,청약 당첨은 곧 정신병이 생기는 약 삶을 그냥 빚쟁이로 바꿔버리는 약,0,0,부정,가점·당첨확률,,,Ugy1Hlv3bQSF7FwBxgd4AaABAg
2026-09-15 13:54,생초나 신혼부부 정책대출 받을때 이자 깎으려면 필요함~,0,0,양가,임대·대출우대 등 부가 기능,,,UgxsrgjbX-QHT2iaU6V4AaABAg
2026-09-15 13:52,2010년 이전에는 필요했지만... 지금 집값이 미쳐도 단단히 미쳤는데도 계속 그 가격이 실거래가 되니깐... 더 돌아버림~ ㅋㅋ,0,0,부정,분양가·집값 부담,,,UgyRasMESFVBOwzAaHl4AaABAg
2026-09-15 13:51,"공공임대주택 웃기네. 집에 대한 꿈을 가진 국민들에게 청약이랍시고 돈 걷어서 만든 공공임대주택 누구를 위한 주택인거냐?
1억포르쉐 가진놈들이 떡하니 자리잡고 있고 정작 집없는 서민들은 조건조건따져가며 주지도 않는 짓거리에 누구 돈을 이용해 쳐먹냐.",0,0,부정,"제도 불공정, 정부·정치 불신",,,UgwxeOCozK5jKmVZRMl4AaABAg
2026-09-15 13:48,아....나도 그냥 해지해야겠다...의미없네,0,0,부정,,,해지,UgziW2_lThg5VjgEegZ4AaABAg
2026-09-15 13:43,청약돼도 넣을돈이 없는데......,0,0,부정,대체 투자·낮은 금리,,,UgwgnDOQkuNfFaLRG6Z4AaABAg
2026-09-15 13:40,없는 사람도  똑똑한 사람들 많이생기네  --  난 대출 안될꺼 알고  7년전에 깼는데 --- ㅎㅎ 그리고 이자가 너무 비싸 집값도 비싸고,0,0,부정,"분양가·집값 부담, 대출규제·자금조달",,,Ugz3UbXClBAsflDvAlp4AaABAg
2026-09-15 13:39,"청약은 아파트 사려고 하는 게 아니라 LH임대나 다른 사업 응모할 때 가산점 얻으려고 쓰는 거 ㅋㅋ

아파트 절대 못 삼..",0,0,부정,임대·대출우대 등 부가 기능,,,UgyfGCkQDb6-PfGPPel4AaABAg
2026-09-15 13:30,해지함 . 16년넣은거 ~ 오히려 하고나서 돈생긴것같아 더 떳떳해짐,0,0,부정,,,해지,UgzqBAavtdhtaqkYWjR4AaABAg
2026-09-15 11:51,"소득이 낮아야 당첨시켜주는데 대출은 연봉이 높아야 나오고 정책이 머 이러지??
부동산 가격 누가 이렇게 작살내놨냐! 박그네때 서울 집값 비싸다고 알바해서 숨만쉬고 돈모아서 10년20년  드립을 개콘에서 치던 개그맨들 다 어디갔냐 ㅋㅋㅋ",0,0,부정,"분양가·집값 부담, 제도 불공정",,,UgxLSuOeXFUhvjeXdMl4AaABAg
2026-09-15 13:13,필요가없는 ㅋㅋ 고소득자 사용가능,0,0,부정,제도 불공정,,,Ugw5TGoNIdonvvyBH4F4AaABAg
2026-09-15 13:09,애진작에 탈출함 코로나때ㅋㅋ,0,0,해당 없음,,,,UgziLa4Niv438DAuxjx4AaABAg
2026-09-15 13:08,나라가 완전 개판이네 이게 머냐 도대체~~ 희망이 없는 나라~~,0,0,해당 없음,,,,UgyLdS6Bbjya6iW-_UJ4AaABAg
2026-09-15 13:07,"별 거 있나.. 
더 가진자들에게 받아서 못 가진자들에게 펼쳐야 하는거지. 
당연히 반발이 나오겠지만 그거 아니면 없을거 같은데?",0,0,부정,제도 불공정,,,UgzmhQGsy4CMlkpxh2R4AaABAg
2026-09-15 13:05,"청약 통장은 건설사와, 은행과 합작한 꼼수",0,0,부정,제도 불공정,,,Ugz2147SeeQgzwbFZdx4AaABAg
2026-09-15 12:58,"사청 당첨 되면 뭐하냐 계속 미뤄지고 분양가는 지ㅈ대로 오르고 대출은 안 해줘
국민들 가지고 장난치나",0,0,부정,"분양가·집값 부담, 대출규제·자금조달",,,UgwWxwqbh36Wz4YmDgh4AaABAg
2026-09-15 12:54,"그냥 적금마냥 돈모은다 생각하고
조금씩넣으면서
연말정산혜택보고있는데
굳이 해지를해야하나요??
(궁금해서)",0,0,양가,임대·대출우대 등 부가 기능,,,UgzK0f-SZcuqJaHnNKZ4AaABAg
2026-09-15 12:53,20~30개 넣어도 당첨안되는데 의미없는 돈묶음을 왜 함??,0,0,부정,가점·당첨확률,,,UgygbabaWyJayl50LYp4AaABAg
2026-09-15 12:48,청약 깨서 주식시장 넣은게 아닌지...주식으로 자산 불려서 다시 아파트 사려고 하겠쥬... 어쨌든 아파트 가격이 높아서 그런건 일맥상통하네요.,0,0,부정,"분양가·집값 부담, 대체 투자·낮은 금리",,해지,UgzQs8pdrhuGTBbJ50Z4AaABAg
2026-09-15 12:46,나도 이번에 그냥 구석지 싼집 사고 해지해버림 의미 1도없음,0,0,부정,"분양가·집값 부담, 수도권 집중·지방·인구",,해지,Ugyfklc2CI_NleP_nPd4AaABAg
2026-09-15 12:24,청약이 어차피 안될테지만 당첨돼도 돈이 없는데 ㅋㅋㅋ 무슨,0,1,부정,가점·당첨확률,,,UgzgkajgZaf6ENe3wPx4AaABAg
2026-09-15 12:08,"언제 어떻게 바뀔지 모른다
무조건 가지고 있거라",0,0,긍정,,,유지,UgyebZzaYm58nP9ilYt4AaABAg
2026-09-15 12:05,모르겠음 20대후반인데 연애도하기싫고 그냥 직장다니다 혼자게임이나 하고  월세나 전전하다 고독사할거같음,0,0,해당 없음,,,,UgxNvEzN6qfJ_6fkOv94AaABAg
2026-09-15 12:02,명심해라 서울 집값은 지금이 저점이다 내년에도 10년 뒤에도 항상 저점이다. 미국etf만큼 안전하게 돈 불리는게 서울 주택이다,0,0,긍정,분양가·집값 부담,상승,,UgwV9le1Cfal9-ZEONh4AaABAg
2026-09-15 12:01,너무 비싸니까,0,0,부정,분양가·집값 부담,,,UgyWOk0aUr6KkHXdVpR4AaABAg
2026-09-15 13:20,항상 저점에 손절하면 가난을 못벗어나,0,0,해당 없음,,,,UgyTukMXoY7omQjThKl4AaABAg
2026-09-15 07:54,이런 정책에 써야 될 돈들이 여수나 추석민생지원금이나 등등 쓸데 없는 곳에서 줄줄 새니까.... 국채는 국채대로 늘고 혜택은 점점 사라지고,0,0,부정,정부·정치 불신,,,UgxSAM0TB14AMwX62vV4AaABAg
2026-09-15 07:53,집을 살 수 있다고?,0,0,양가,분양가·집값 부담,,,UgxUqD5-WRobfXnY5_94AaABAg
2026-09-15 07:53,박근혜때였나??그때가 집사기 마지막 기회였던거 같음 2천만원만 있음 대출로 나같은 똥수저도 집살수 있었던 마지막기회..대출은 왜줄이는지 몰겠음 집값은 지금이 더오르고있구만 진짜 서민을 위한 정책이맞나?,0,0,부정,"분양가·집값 부담, 대출규제·자금조달",상승,,UgxZfuI6cAif6v3LW1Z4AaABAg
2026-09-15 07:49,"당첨되면 뭐함. 누가만든건지 말만 당첨이지. 만들고 안나가서 빈집이 남아도는데 , 중도금 마련이랑 기간내에 완납을 해야된다는거 부터가 답이 없는데",0,0,부정,"분양가·집값 부담, 가점·당첨확률",,,UgysX0I1UB3oze2t7DV4AaABAg
2026-09-15 07:48,청년들만 혜택준다고 난리치는데 진짜 불과 10년전까지만해도 청약은 당첨만되도 수천만원 이득이었음 걍 피받고 파는식으로해서 어른들은 그냥 공짜로 돈번거임 본인이 흥청망청 다써서 멍청하게 탕진안하고 단돈 몇만원만 꼬박꼬박 넣었다면,0,0,부정,"분양가·집값 부담, 가점·당첨확률, 제도 불공정",,,UgwXlnkC9Iz3b-zdBU54AaABAg
2026-09-15 07:47,공공분양 일반공급은 다른거 필요없이 청약통장 금액으로 따지니..계속 넣어서 2천만원대 까지 올려놓으면 경기.수도권 당첨확율 높음.,0,0,양가,"가점·당첨확률, 임대·대출우대 등 부가 기능",,,UgyBqV5ExIwfii-4PkB4AaABAg
2026-09-15 07:43,"대출금을 갚을수는있고? 그냥 가격오르면 팔생각뿐인데 뭔 실거주자 타령이냐 대출해줘도, 그 대출 유지 할꺼라고? 웃기고있네",0,0,부정,대출규제·자금조달,,,Ugz0bt80y2-b228B-ZN4AaABAg
2026-09-15 07:41,미친놈들아!!! 주공 임대 가려면 연수입 3400 이하여야 하는데. 분양 주택 7억만 돼도 대출 60퍼센트 나오면 3억을 내고 4억짜리 빚을 얹어준다고?,0,0,부정,"분양가·집값 부담, 대출규제·자금조달",,,UgzsmCqwzePVR4G5mOl4AaABAg
2026-09-15 07:39,"그냥 개소리 같은데 청년이 6억이상 대출받아서 집을 산다고 , 뭔 개풀 뜯어 먹는 소리지..",0,1,부정,"분양가·집값 부담, 대출규제·자금조달",,,Ugyz1fGibd9jYp_luC14AaABAg
2026-09-15 07:39,"안살놈은 걍 포기하고 회수 시켜야지
그걸 또 되팔이하고 앉았네

저 꼴 난게 부동산 투기 때문인데 지들도 하고 있네ㅋㅋ",0,0,부정,"분양가·집값 부담, 정부·정치 불신",,,UgwMygq2w3TAPyNfh5t4AaABAg
2026-09-15 07:20,"ㅈㄴ 억울한게  열심히 일해서 연봉 2 3천이서 진급하고 연봉 올려서 7 8천 올렸더니 
나라에서는 뭐만 하면 3천 4천 넘으면 혜택도 안줌 
그냥 ㅈ소기업 다니고 연봉 안올리고 연봉 3천따리로 계속 살으라는 소리임 그래야 혜택받음

청약을 들어도 집값이 지방인데도 7억 8억이고
평생 빛만 갚다가 살으라고 부추김",0,0,부정,"분양가·집값 부담, 대출규제·자금조달, 제도 불공정",,,UgzNq5rDaH5T1_WLTrt4AaABAg
2026-09-15 07:16,"1인 가구는 의미 없음. 
나도 2000회 2천이 넘는데. 

내가 살만하다 싶은 아파트는 1인 가구 라서 거의 안됨.
공공 분양도, 개인 사업자로 해외 출장 많이 다니는 나는 소명 해야 한다는데, 그거 일일이 다 소명 하려면
사실상 불가능. 

평택 같은 경우는 청약 넣은 사람이 bs 임. ㅋㅋㅋ
화양, 브레인 같은 경우는 마피 1억임. 청약 넣어서 된 사람들이 개 멍청.",0,0,부정,"가점·당첨확률, 제도 불공정",,,UgxwlY94g74PS2DZ52d4AaABAg
2026-09-15 07:10,"대출규제풀면 갭투자할거면서 
그래놓고 또 망헷다고 징징대면서 뉴스나올거면서 
걍 적당히살자 어짜피 내집없다 망했어",0,0,부정,대출규제·자금조달,,,UgzSkS2Jt8Ew7G9KxHB4AaABAg
2026-09-15 07:08,저는 2017년에 25년 넣은 청약 해지하고 주택 구입했네요.,0,0,양가,,,해지,Ugw3VCmev60vZNPj6Jp4AaABAg
2026-09-15 09:35,청약만큼 의미없는게 있을까 당첨돼봤자 살돈이 없는데,0,0,부정,분양가·집값 부담,,,Ugx9keeokhdXf1KNPhx4AaABAg
2026-09-15 07:05,아니.. 대출이 무슨 만능도 아니고... 자기 소득 수준에 맞춰서 집을 사야지. 연봉 1억을 받아도 실수령액은 약 650만원. 대출 6억만 받아도 요즘 금리로 보면 원리금 월 400이 넘는데. 요즘 청년들 연봉 1억은 되나봅니다.,0,0,양가,대출규제·자금조달,,,Ugz5KitxiTd7pt-kQbR4AaABAg
2026-09-15 07:02,자자 2만원씩 넣으시는분들 그냥 해지하시면됩니다,0,0,부정,,,해지,Ugz2mmd7rggFbos5plp4AaABAg
2026-09-15 07:00,"은행  건설사  배불리는꼴  작은집이지만  적정가격집사서  하고싶은거  먹고싶은거
함면서사는게  행복입니다",0,0,긍정,분양가·집값 부담,,,Ugxx9Ir7R04WNUkQFix4AaABAg
2026-09-15 06:59,"ㅋㅋ아니
당첨되연 뭐해
캐시없고 부족한돈 대출을 안해주고
ㅋㅋ그냥 월세나 사세요지",0,0,부정,가점·당첨확률,,,Ugw-nCpqn_qBUMYJtLd4AaABAg
2026-09-15 06:54,난 애초에 주택청약은 필요없다고생각해서 안하고있다가. 그냥 소득공재때문에,0,0,부정,임대·대출우대 등 부가 기능,,,Ugzgjcwnp8W57navO614AaABAg
2026-09-15 06:45,달게 받아야지,0,0,해당 없음,,,,Ugy1hUq4qUYKaH8Spbx4AaABAg
2026-09-15 06:27,그냥 대출다 풀어주고 그냥 놔둬라 능력되는높은 대출받아서 갚으면서 잘 살꺼고 능력안되는대 무리하게 산놈들은 그 빚에 깔려 자살하든 뭐하든 왜 신경쓰나?,0,0,해당 없음,대출규제·자금조달,,,Ugw-rx2rLBPc-u-rrLJ4AaABAg
2026-09-15 06:15,저도 작년에 해지했습니다.,0,0,양가,,,해지,Ugxh0oBP_ew0GxRZAHd4AaABAg
2026-09-15 05:39,새 아파트 살 것이 아니면 굳이 구태어 필요 없음. 예금자 보호도 안되기도 함.,0,0,부정,대체 투자·낮은 금리,,,UgwGElutnvx4yTEaOWB4AaABAg
2026-09-15 05:38,당첨되어도 살 돈이 없음 ㅋㅋㅋ,0,0,부정,가점·당첨확률,,,Ugw9qDb6J7hoHb_m4_14AaABAg
2026-09-15 05:09,"난 13년전에 이미 깼음 
청약이 당첨되더라도 돈도 없고 번번한 직장도 없음. 
자꾸 은행에서 청약팔이해서 귀찮음",0,0,부정,제도 불공정,,,UgyJYPaWQBncMJpbEbR4AaABAg
2026-09-15 05:04,대통령님이 사지 말래여~,0,0,해당 없음,정부·정치 불신,,,UgxLphc7yX7clUKbeLZ4AaABAg
2026-09-15 04:49,"당첨은 하늘의 별따기 처럼 어렵고, 설사 당첨되더라도 못 들어감..!!!  결국  대국민 사기극임..!!!
매주 로또 복권 한장사는게 훨 나음..!!",0,0,부정,가점·당첨확률,,,UgxtlyIjX3H4_nL_wFh4AaABAg
2026-09-15 04:32,"철 철산동
구 구성남
이 이문동
불 불광동

다 분양가 18억인대 뭐하러? ㅋㅋ",0,0,해당 없음,분양가·집값 부담,,,UgwX0gGXBs2qsVJ8DFJ4AaABAg
2026-09-15 07:08,그냥 나라의 모든 것이 서울 수도권에 쏠려있는게 문제지,0,0,해당 없음,수도권 집중·지방·인구,,,UgzmAGlsZTpFOtc5MY94AaABAg
2026-09-15 09:31,2만원인가 최소 금액만 입금하고 lh에서 청약통장 있으면 추가 가산점 줌 그걸로 걍 임대주택 들감,0,0,긍정,임대·대출우대 등 부가 기능,,유지,Ugw6Zl4xDh8Rh2S0NNt4AaABAg
2026-09-15 09:17,1주택자여서 한동안 분양 시장 관심 없다가 분양가 살펴보고 개 깜놀 함... 분양가가 말이 안됨.  이젠 청약 당첨되도 매리트가 없고 이 고 분양가가 전체 부동산 상한가를 떠 받치고 있는 형국임,0,0,부정,분양가·집값 부담,,,UgwZTe-bS2C40ZBkyYp4AaABAg
2026-09-15 09:05,"거주 목적의 부동산 시세를 특수목적 외에는 한 해에 n% 이상 올리지 못하게 막으면 어떻게 안되나..??
고수님들 피드백 좀 주십셔.
궁금합니다.",0,0,양가,,,,UgxLCvV1SRXezXuPCCp4AaABAg
2026-09-15 09:02,사실상 청약통창 없어도 돈만 많으면 어떤 집이든 살 수 있음,0,0,양가,,,,UgzcpHj2EP1u4pkSYaB4AaABAg
2026-09-15 09:00,희망같은 개솔 하고 자빠졋다 ㅋ,0,0,해당 없음,,,,Ugx04H4DvySsbSbqFq14AaABAg
2026-09-15 08:53,집값일부로 올리고 국민들 가난하게 만들고 결국 정부 지원금에 의존하게 만드는게 전략이겟지,0,0,해당 없음,정부·정치 불신,,,UgznS-H5TCvyDYCRv4Z4AaABAg
2026-09-15 08:48,"현실적이지 못함 분양가 높아져서 잔금 치룰 만큼 돈 모아놓으면 자산기준에 부적격 뜨고, 돈없을때 넣자니 어캐 잔금 감당하란 소린지 ,,",0,0,부정,"분양가·집값 부담, 제도 불공정",,,UgwthnMd6YPkZFkftVJ4AaABAg
2026-09-15 08:47,당첨되도 대출이 안나오는데 방법이 없잖여,0,0,부정,대출규제·자금조달,,,UgxQ27Jv0K49gA4zZXd4AaABAg
2026-09-15 08:44,10년 전에 청약하는데 서울에서만 평생 살고 40대 중반인데 결혼해서 애낳고 점수 맥스 63점인가 였는데 온갖 특공 새치기에 넣어봤자 되질 않는다. 분양가?? 그전에 새치기 특공 좀 없애라.,0,0,부정,"가점·당첨확률, 제도 불공정",,,UgwIUGTa8VbaBnxHxop4AaABAg
2026-09-15 08:41,'아빠가 집줘서',0,0,해당 없음,,,,UgwPO2kkmRuTudiCJHt4AaABAg
2026-09-15 08:41,돈낭비,0,0,해당 없음,,,,Ugz90ytL1IKkzwWm7NF4AaABAg
2026-09-15 08:40,무슨 생각으로 대출규제하는거지 ㅋㅋ 확실히 부동산 쪽에서 민주당은 서민 생각 죽어도 안하는 정당인건 확실함,0,0,해당 없음,정부·정치 불신,,,UgwQnQK-yZ12Gu3d7VN4AaABAg
2026-09-15 08:38,",,,,,,,, 해결책은,,,,,,,, 70% 는 가점제,,,,, 나머지 30% 는  조건없는 추첨제를 해야만 함,,,,,, 그래야,,,, 뭔가 될수도 있다는 희망이라도 있지,,,,,,,,,,,,",0,0,양가,가점·당첨확률,,,Ugwqm4utZ5Epltpvt0x4AaABAg
2026-09-15 08:38,집값이 높은게 문제지 말똑바로해 대출받아서 사면 평생 노예인생이야 뭘로 갚을래?,0,0,부정,"분양가·집값 부담, 대출규제·자금조달",,,UgwEQn7068Qj5N6rFHZ4AaABAg
2026-09-15 07:56,당첨되면 피받고 팔면 안되나?,0,0,양가,가점·당첨확률,,,UgxCwl_KUc7E5K8JVi54AaABAg
2026-09-15 08:35,지들만의리그만들어놓고 ㅉㅉ,0,0,부정,제도 불공정,,,UgysRZOBO2Ep7WAs8ix4AaABAg
2026-09-15 08:33,"1억도 없는것들이 10억짜리 집
드가려는게 문제지.
분수에 맞춰서 집 구매하자",0,0,부정,분양가·집값 부담,,,Ugx14fLDNCUatQl1zXp4AaABAg
2026-09-15 08:28,가점제 취소하고 전부 추첨제로 해라,0,0,양가,가점·당첨확률,,,UgzD-qWEyCA-9jIyFvR4AaABAg
2026-09-15 08:22,집값이 너무 비싼게 문제,0,0,부정,분양가·집값 부담,,,Ugxk947PUlKXxRMeAGp4AaABAg
2026-09-15 08:20,대공황 터지면 사야지.,0,0,해당 없음,,하락,,UgzwQqltCSHKO4ww7Jt4AaABAg
2026-09-15 08:17,"당첨 되도
라고 쓰는 사람 왜이리 많냐",0,0,부정,가점·당첨확률,,,UgzY0le95UjJwvSCNBt4AaABAg
2026-09-15 08:17,공감함 1인가구는 돈만 받아가고 혜택은 죽어도 주지 않겠다 하는데 왜 냄ㅋㅋㅋㅋㅋ,0,0,부정,제도 불공정,,,UgzEKshsWGeZyDeW3Kh4AaABAg
2026-09-15 08:17,이미 해지하고 전세로 살고 있음,0,0,부정,,,해지,Ugy1iRniJUWogQFMyiR4AaABAg
2026-09-15 08:15,그리고 청약 확인하고 신청하는 절차가 너무 불편한 시스템으로 되어있어서 간소화가 필요함,0,0,양가,,,,UgwJZPkjOLUf45bTWPh4AaABAg
2026-09-15 08:12,금수저말고 의미없는 제도  걍 집사지마 ㅋㅋ,0,0,부정,"제도 불공정, 정부·정치 불신",,,UgzScH_sHPnBU67Js4d4AaABAg
2026-09-15 08:10,청약 통장은 통장 인것이고 아파트 분양금 따로 꿈이 아니라 가격에 대한포기 청약은 옛날예기 요즘은 의미가없어 👀 🤮,0,0,부정,제도 불공정,,,UgwUZDXoTF3LCWSuuIJ4AaABAg
2026-09-15 08:09,"청약통장 뉴스 엄청 많은데 나는 꼭 유지 하라고 이야기 해준다. 미성년자 시절 가장 저렴한 금액으로 2년정도면 납입하고 그냥 두라고 이야기해 준다. 이미 2년이 지났다면 닙입안해도 되니까 들고 있으라고 한다.
굳이 해지할 필요도 없을뿐더라 나충에 혹시나 필요한 순간이 올 수 있다. 지금 당장은 필요없을지 모르겠지만 추후에 필요해질때 1-2점 차이로 떨어지는 경우도 생긴다.
지금 돈이 없다고 해서 대출 안된다고 포기한다고?  어떤 뇌없는 시키가 이렇게 말하지? 평생 거지로 살거라는 거지?? 왜 능력이 없어서 돈 못모을것 같아? 
그리고 대출은 언제까지 규제일것같아? 사람일은 아무도 모르는 거다. 청약 통장은 무조건 유지해라! 납입금액은 중요하지 않아 횟수가 중요하지 그러니 횟수만 채우고 그냥 들고만이라도 있어.",0,0,긍정,임대·대출우대 등 부가 기능,,유지,Ugz90Vo_yLsDymumHS14AaABAg
2026-09-15 08:04,"요즘 청약 경기도도 5~6억이던데..
이런 돈 있는 청년이 있을까?
친일 수저 있는 사람만 하는거지..",0,0,부정,"분양가·집값 부담, 제도 불공정",,,Ugy39PHc6tnTyBE2Xcx4AaABAg
2026-09-15 07:59,"아파트가 부족한게 아니다 입지좋고 상승여력있는 아파트가 부족한거죠.
그래서 너도나도 청약넣고 복권만냥 넣고 있는 사람이 대다수.
근데 이것도 이젠 크게 의미없긴하죠. 이미 미래상승분으로 아파트 가격 상승시켜놨으니 
현시점 몇년치 기대값에 아파트 구매하는 겁니다.
매년 내는 대출 이자 아파트 유지비 계산하면 마이너스일지도요.ㅎㅎ
반박시 제말이 다 틀림^^",0,0,부정,"분양가·집값 부담, 수도권 집중·지방·인구",상승,,UgwcI9kr1BjW6PdzAAt4AaABAg
2026-09-15 07:57,청약통장 점수는 이미 2000년대 초반 부터 지금까지 최대금액으로 넣어 온 사람들로 다 차서 이후에 태어났거나 해지했다 재가입 했으면 점수 못 받음,0,0,해당 없음,가점·당첨확률,,,Ugw3MKkUO-T8W1Aiudx4AaABAg
2026-09-15 08:37,첨부터 하지도 않았음  빚이나 없음 다행이지,0,0,해당 없음,,,,UgyKXGCQTcWFhPThc0J4AaABAg
